<?xml version="1.0" encoding="UTF-8"?>
<kml xmlns="http://www.opengis.net/kml/2.2">
  <Document>
    <name>MIGATO - Monagas 2026: Capa 3 Parroquias y Centros Electorales</name>
    <description>Consolidado Oficial de las 44 Parroquias del Estado Monagas y 175 Centros de Votación Georreferenciados para calibración de límites territoriales.</description>

    <Style id="style-parroquia-teresen">
      <LineStyle><color>f22626dc</color><width>2.5</width></LineStyle>
      <PolyStyle><color>592626dc</color><fill>1</fill><outline>1</outline></PolyStyle>
    </Style>
    <Style id="style-parroquia-capital-cedeno">
      <LineStyle><color>f2ed3a7c</color><width>2.5</width></LineStyle>
      <PolyStyle><color>59ed3a7c</color><fill>1</fill><outline>1</outline></PolyStyle>
    </Style>
    <Style id="style-parroquia-areo">
      <LineStyle><color>f2ed3a7c</color><width>2.5</width></LineStyle>
      <PolyStyle><color>59ed3a7c</color><fill>1</fill><outline>1</outline></PolyStyle>
    </Style>
    <Style id="style-parroquia-san-felix">
      <LineStyle><color>f2ed3a7c</color><width>2.5</width></LineStyle>
      <PolyStyle><color>59ed3a7c</color><fill>1</fill><outline>1</outline></PolyStyle>
    </Style>
    <Style id="style-parroquia-viento-fresco">
      <LineStyle><color>f2ed3a7c</color><width>2.5</width></LineStyle>
      <PolyStyle><color>59ed3a7c</color><fill>1</fill><outline>1</outline></PolyStyle>
    </Style>
    <Style id="style-parroquia-capital-ezequiel-zamora">
      <LineStyle><color>f20c58ea</color><width>2.5</width></LineStyle>
      <PolyStyle><color>590c58ea</color><fill>1</fill><outline>1</outline></PolyStyle>
    </Style>
    <Style id="style-parroquia-el-tejero">
      <LineStyle><color>f20c58ea</color><width>2.5</width></LineStyle>
      <PolyStyle><color>590c58ea</color><fill>1</fill><outline>1</outline></PolyStyle>
    </Style>
    <Style id="style-parroquia-capital-libertador">
      <LineStyle><color>f2699605</color><width>2.5</width></LineStyle>
      <PolyStyle><color>59699605</color><fill>1</fill><outline>1</outline></PolyStyle>
    </Style>
    <Style id="style-parroquia-chaguaramas">
      <LineStyle><color>f2699605</color><width>2.5</width></LineStyle>
      <PolyStyle><color>59699605</color><fill>1</fill><outline>1</outline></PolyStyle>
    </Style>
    <Style id="style-parroquia-las-alhuacas">
      <LineStyle><color>f2699605</color><width>2.5</width></LineStyle>
      <PolyStyle><color>59699605</color><fill>1</fill><outline>1</outline></PolyStyle>
    </Style>
    <Style id="style-parroquia-tabasca">
      <LineStyle><color>f2699605</color><width>2.5</width></LineStyle>
      <PolyStyle><color>59699605</color><fill>1</fill><outline>1</outline></PolyStyle>
    </Style>
    <Style id="style-parroquia-san-simon-sur">
      <LineStyle><color>f288940d</color><width>2.5</width></LineStyle>
      <PolyStyle><color>5988940d</color><fill>1</fill><outline>1</outline></PolyStyle>
    </Style>
    <Style id="style-parroquia-alto-de-los-godos">
      <LineStyle><color>f2ed3a7c</color><width>2.5</width></LineStyle>
      <PolyStyle><color>59ed3a7c</color><fill>1</fill><outline>1</outline></PolyStyle>
    </Style>
    <Style id="style-parroquia-boqueron">
      <LineStyle><color>f20c58ea</color><width>2.5</width></LineStyle>
      <PolyStyle><color>590c58ea</color><fill>1</fill><outline>1</outline></PolyStyle>
    </Style>
    <Style id="style-parroquia-las-cocuizas">
      <LineStyle><color>f2699605</color><width>2.5</width></LineStyle>
      <PolyStyle><color>59699605</color><fill>1</fill><outline>1</outline></PolyStyle>
    </Style>
    <Style id="style-parroquia-san-simon">
      <LineStyle><color>f2eb6325</color><width>2.5</width></LineStyle>
      <PolyStyle><color>59eb6325</color><fill>1</fill><outline>1</outline></PolyStyle>
    </Style>
    <Style id="style-parroquia-santa-cruz">
      <LineStyle><color>f2c78402</color><width>2.5</width></LineStyle>
      <PolyStyle><color>59c78402</color><fill>1</fill><outline>1</outline></PolyStyle>
    </Style>
    <Style id="style-parroquia-capital-acosta">
      <LineStyle><color>f2b29108</color><width>2.5</width></LineStyle>
      <PolyStyle><color>59b29108</color><fill>1</fill><outline>1</outline></PolyStyle>
    </Style>
    <Style id="style-parroquia-san-francisco">
      <LineStyle><color>f2b29108</color><width>2.5</width></LineStyle>
      <PolyStyle><color>59b29108</color><fill>1</fill><outline>1</outline></PolyStyle>
    </Style>
    <Style id="style-parroquia-aguasay">
      <LineStyle><color>f208b3ea</color><width>2.5</width></LineStyle>
      <PolyStyle><color>5908b3ea</color><fill>1</fill><outline>1</outline></PolyStyle>
    </Style>
    <Style id="style-parroquia-bolivar">
      <LineStyle><color>f2c78402</color><width>2.5</width></LineStyle>
      <PolyStyle><color>59c78402</color><fill>1</fill><outline>1</outline></PolyStyle>
    </Style>
    <Style id="style-parroquia-capital-caripe">
      <LineStyle><color>f22626dc</color><width>2.5</width></LineStyle>
      <PolyStyle><color>592626dc</color><fill>1</fill><outline>1</outline></PolyStyle>
    </Style>
    <Style id="style-parroquia-el-guacharo">
      <LineStyle><color>f22626dc</color><width>2.5</width></LineStyle>
      <PolyStyle><color>592626dc</color><fill>1</fill><outline>1</outline></PolyStyle>
    </Style>
    <Style id="style-parroquia-la-guanota">
      <LineStyle><color>f22626dc</color><width>2.5</width></LineStyle>
      <PolyStyle><color>592626dc</color><fill>1</fill><outline>1</outline></PolyStyle>
    </Style>
    <Style id="style-parroquia-sabana-de-piedra">
      <LineStyle><color>f22626dc</color><width>2.5</width></LineStyle>
      <PolyStyle><color>592626dc</color><fill>1</fill><outline>1</outline></PolyStyle>
    </Style>
    <Style id="style-parroquia-san-agustin">
      <LineStyle><color>f22626dc</color><width>2.5</width></LineStyle>
      <PolyStyle><color>592626dc</color><fill>1</fill><outline>1</outline></PolyStyle>
    </Style>
    <Style id="style-parroquia-el-corozo">
      <LineStyle><color>f2e5464f</color><width>2.5</width></LineStyle>
      <PolyStyle><color>59e5464f</color><fill>1</fill><outline>1</outline></PolyStyle>
    </Style>
    <Style id="style-parroquia-el-furrial">
      <LineStyle><color>f20da365</color><width>2.5</width></LineStyle>
      <PolyStyle><color>590da365</color><fill>1</fill><outline>1</outline></PolyStyle>
    </Style>
    <Style id="style-parroquia-jusepin">
      <LineStyle><color>f20677d9</color><width>2.5</width></LineStyle>
      <PolyStyle><color>590677d9</color><fill>1</fill><outline>1</outline></PolyStyle>
    </Style>
    <Style id="style-parroquia-la-pica">
      <LineStyle><color>f22626dc</color><width>2.5</width></LineStyle>
      <PolyStyle><color>592626dc</color><fill>1</fill><outline>1</outline></PolyStyle>
    </Style>
    <Style id="style-parroquia-san-vicente">
      <LineStyle><color>f27727db</color><width>2.5</width></LineStyle>
      <PolyStyle><color>597727db</color><fill>1</fill><outline>1</outline></PolyStyle>
    </Style>
    <Style id="style-parroquia-capital-piar">
      <LineStyle><color>f20b9ef5</color><width>2.5</width></LineStyle>
      <PolyStyle><color>590b9ef5</color><fill>1</fill><outline>1</outline></PolyStyle>
    </Style>
    <Style id="style-parroquia-aparicio">
      <LineStyle><color>f20b9ef5</color><width>2.5</width></LineStyle>
      <PolyStyle><color>590b9ef5</color><fill>1</fill><outline>1</outline></PolyStyle>
    </Style>
    <Style id="style-parroquia-chaguaramal">
      <LineStyle><color>f20b9ef5</color><width>2.5</width></LineStyle>
      <PolyStyle><color>590b9ef5</color><fill>1</fill><outline>1</outline></PolyStyle>
    </Style>
    <Style id="style-parroquia-el-pinto">
      <LineStyle><color>f20b9ef5</color><width>2.5</width></LineStyle>
      <PolyStyle><color>590b9ef5</color><fill>1</fill><outline>1</outline></PolyStyle>
    </Style>
    <Style id="style-parroquia-guanaguana">
      <LineStyle><color>f20b9ef5</color><width>2.5</width></LineStyle>
      <PolyStyle><color>590b9ef5</color><fill>1</fill><outline>1</outline></PolyStyle>
    </Style>
    <Style id="style-parroquia-la-toscana">
      <LineStyle><color>f20b9ef5</color><width>2.5</width></LineStyle>
      <PolyStyle><color>590b9ef5</color><fill>1</fill><outline>1</outline></PolyStyle>
    </Style>
    <Style id="style-parroquia-taguaya">
      <LineStyle><color>f20b9ef5</color><width>2.5</width></LineStyle>
      <PolyStyle><color>590b9ef5</color><fill>1</fill><outline>1</outline></PolyStyle>
    </Style>
    <Style id="style-parroquia-capital-punceres">
      <LineStyle><color>f2f65c8b</color><width>2.5</width></LineStyle>
      <PolyStyle><color>59f65c8b</color><fill>1</fill><outline>1</outline></PolyStyle>
    </Style>
    <Style id="style-parroquia-cachipo">
      <LineStyle><color>f2f65c8b</color><width>2.5</width></LineStyle>
      <PolyStyle><color>59f65c8b</color><fill>1</fill><outline>1</outline></PolyStyle>
    </Style>
    <Style id="style-parroquia-santa-barbara">
      <LineStyle><color>f29948ec</color><width>2.5</width></LineStyle>
      <PolyStyle><color>599948ec</color><fill>1</fill><outline>1</outline></PolyStyle>
    </Style>
    <Style id="style-parroquia-capital-sotillo">
      <LineStyle><color>f2d326c0</color><width>2.5</width></LineStyle>
      <PolyStyle><color>59d326c0</color><fill>1</fill><outline>1</outline></PolyStyle>
    </Style>
    <Style id="style-parroquia-los-barrancos-de-fajardo">
      <LineStyle><color>f2d326c0</color><width>2.5</width></LineStyle>
      <PolyStyle><color>59d326c0</color><fill>1</fill><outline>1</outline></PolyStyle>
    </Style>
    <Style id="style-parroquia-uracoa">
      <LineStyle><color>f2a6b814</color><width>2.5</width></LineStyle>
      <PolyStyle><color>59a6b814</color><fill>1</fill><outline>1</outline></PolyStyle>
    </Style>
    <Style id="style-centro-electoral">
      <IconStyle>
        <color>ff0c58ea</color>
        <scale>1.1</scale>
        <Icon><href>http://maps.google.com/mapfiles/kml/paddle/orange-circle.png</href></Icon>
      </IconStyle>
    </Style>

    <Folder>
      <name>1. Capa 3: 44 Parroquias Oficiales (Polígonos)</name>
      <open>1</open>
      <Placemark>
        <name>Teresen (Caripe)</name>
        <description>Parroquia Teresen, Municipio Caripe. PCODE: VE160406</description>
        <styleUrl>#style-parroquia-teresen</styleUrl>
        <Polygon>
          <outerBoundaryIs><LinearRing><coordinates>
            -63.19578,10.16164,0 -63.19595,10.16202,0 -63.21213,10.16275,0 -63.22351,10.19164,0 -63.25534,10.19151,0 -63.25652,10.2024,0 -63.28714,10.21174,0 -63.31728,10.21255,0 -63.33568,10.2126,0 -63.35463,10.2445,0 -63.38833,10.23902,0 -63.40124,10.25916,0 -63.42739,10.25547,0 -63.42793,10.25485,0 -63.42829,10.25448,0 -63.43157,10.25108,0 -63.43495,10.24758,0 -63.44002,10.24233,0 -63.44623,10.23428,0 -63.45148,10.23192,0 -63.45349,10.22775,0 -63.45549,10.22517,0 -63.46232,10.22171,0 -63.46778,10.22042,0 -63.47021,10.21679,0 -63.48364,10.21416,0 -63.48224,10.21219,0 -63.48104,10.20938,0 -63.48122,10.20652,0 -63.48001,10.20485,0 -63.47662,10.19904,0 -63.47491,10.19487,0 -63.48144,10.18956,0 -63.46451,10.13979,0 -63.46444,10.13977,0 -63.45538,10.14076,0 -63.44433,10.12249,0 -63.45498,10.10713,0 -63.45452,10.1068,0 -63.40187,10.10751,0 -63.38398,10.08706,0 -63.34257,10.09146,0 -63.32356,10.07237,0 -63.3043,10.06763,0 -63.24363,10.09967,0 -63.22673,10.12246,0 -63.2216,10.12904,0 -63.21218,10.14111,0 -63.20237,10.15367,0 -63.20151,10.15478,0 -63.19578,10.16164,0
          </coordinates></LinearRing></outerBoundaryIs>
        </Polygon>
      </Placemark>
      <Placemark>
        <name>Capital Cedeño (Cedeño)</name>
        <description>Parroquia Capital Cedeño, Municipio Cedeño. PCODE: VE160501</description>
        <styleUrl>#style-parroquia-capital-cedeno</styleUrl>
        <Polygon>
          <outerBoundaryIs><LinearRing><coordinates>
            -63.4936,9.82577,0 -63.49409,9.82736,0 -63.49438,9.83013,0 -63.49498,9.8323,0 -63.49546,9.83412,0 -63.49512,9.83594,0 -63.49468,9.83678,0 -63.49349,9.83785,0 -63.49236,9.83903,0 -63.49195,9.84065,0 -63.49191,9.84237,0 -63.49286,9.84372,0 -63.4938,9.84565,0 -63.49429,9.84727,0 -63.49391,9.84833,0 -63.49395,9.85049,0 -63.49401,9.85232,0 -63.49496,9.85315,0 -63.49653,9.85363,0 -63.49768,9.85443,0 -63.50135,9.85604,0 -63.50234,9.85635,0 -63.50368,9.85692,0 -63.50455,9.85771,0 -63.50452,9.85934,0 -63.50541,9.86018,0 -63.50651,9.86095,0 -63.50855,9.86278,0 -63.5097,9.86485,0 -63.51055,9.867,0 -63.5107,9.86847,0 -63.50969,9.87037,0 -63.50932,9.87224,0 -63.50963,9.87301,0 -63.50892,9.87504,0 -63.50863,9.87652,0 -63.50813,9.87812,0 -63.50761,9.87952,0 -63.50769,9.88108,0 -63.50939,9.88173,0 -63.51073,9.88462,0 -63.51215,9.88526,0 -63.51363,9.8864,0 -63.5149,9.88899,0 -63.51554,9.8906,0 -63.51668,9.89072,0 -63.5173,9.89217,0 -63.52018,9.89181,0 -63.52196,9.89213,0 -63.52243,9.89457,0 -63.52172,9.89669,0 -63.52453,9.89737,0 -63.52711,9.8986,0 -63.52814,9.89921,0 -63.53046,9.89866,0 -63.53391,9.89888,0 -63.53554,9.8991,0 -63.53645,9.89913,0 -63.53804,9.90061,0 -63.54041,9.90241,0 -63.54174,9.90339,0 -63.54279,9.90404,0 -63.54324,9.90596,0 -63.5445,9.90733,0 -63.54587,9.90797,0 -63.54732,9.90941,0 -63.5489,9.91006,0 -63.54994,9.91104,0 -63.55039,9.91238,0 -63.55113,9.91405,0 -63.55304,9.91543,0 -63.5553,9.91681,0 -63.55716,9.91858,0 -63.55827,9.91969,0 -63.55974,9.92007,0 -63.56232,9.92179,0 -63.56459,9.92347,0 -63.56573,9.92534,0 -63.56673,9.92707,0 -63.56795,9.93043,0 -63.5697,9.93471,0 -63.56847,9.93709,0 -63.56699,9.93961,0 -63.56654,9.94057,0 -63.56505,9.9429,0 -63.56359,9.94461,0 -63.56284,9.94571,0 -63.56122,9.94702,0 -63.5602,9.94882,0 -63.56026,9.95089,0 -63.56072,9.95374,0 -63.56086,9.95615,0 -63.56117,9.95696,0 -63.56446,9.95494,0 -63.56603,9.95371,0 -63.56806,9.95275,0 -63.57023,9.95251,0 -63.57389,9.95136,0 -63.5769,9.94848,0 -63.57783,9.94749,0 -63.57887,9.94285,0 -63.58209,9.94132,0 -63.58343,9.93968,0 -63.5842,9.93787,0 -63.58463,9.9363,0 -63.585,9.93561,0 -63.58525,9.9348,0 -63.58532,9.93373,0 -63.58531,9.93242,0 -63.586,9.93061,0 -63.58651,9.93004,0 -63.5872,9.92954,0 -63.588,9.92925,0 -63.59023,9.92786,0 -63.59081,9.92253,0 -63.59284,9.91946,0 -63.59823,9.9178,0 -63.60338,9.91547,0 -63.60588,9.91314,0 -63.60743,9.91149,0 -63.60945,9.91054,0 -63.61219,9.90851,0 -63.6128,9.90448,0 -63.616,9.90223,0 -63.61734,9.90087,0 -63.62065,9.89799,0 -63.62501,9.89519,0 -63.62808,9.8951,0 -63.6317,9.89162,0 -63.63366,9.89129,0 -63.63912,9.88939,0 -63.64386,9.88854,0 -63.71256,9.85643,0 -63.71219,9.85527,0 -63.71105,9.85529,0 -63.70968,9.85647,0 -63.70833,9.85565,0 -63.70823,9.85432,0 -63.70817,9.85283,0 -63.70785,9.85183,0 -63.70742,9.85086,0 -63.70746,9.84968,0 -63.70778,9.84825,0 -63.70832,9.84662,0 -63.70736,9.8459,0 -63.70691,9.84564,0 -63.70571,9.84522,0 -63.70453,9.84481,0 -63.70279,9.84476,0 -63.70185,9.845,0 -63.70087,9.84497,0 -63.69982,9.84547,0 -63.69914,9.84402,0 -63.69807,9.84406,0 -63.69687,9.84411,0 -63.69564,9.84257,0 -63.6955,9.84184,0 -63.69451,9.84027,0 -63.69345,9.84001,0 -63.6925,9.83938,0 -63.69155,9.83771,0 -63.68996,9.83745,0 -63.6885,9.83737,0 -63.68792,9.83684,0 -63.68689,9.83552,0 -63.68593,9.83409,0 -63.68458,9.8317,0 -63.68314,9.83169,0 -63.68153,9.83195,0 -63.67985,9.83255,0 -63.67886,9.83206,0 -63.67817,9.83231,0 -63.67789,9.83333,0 -63.6774,9.83317,0 -63.67702,9.83362,0 -63.67613,9.83335,0 -63.6761,9.8326,0 -63.67639,9.83178,0 -63.67692,9.83052,0 -63.67732,9.8294,0 -63.67765,9.82854,0 -63.67752,9.82751,0 -63.67657,9.82642,0 -63.67573,9.82572,0 -63.67464,9.82567,0 -63.67358,9.82529,0 -63.6722,9.82516,0 -63.67159,9.82491,0 -63.6697,9.82475,0 -63.66954,9.82413,0 -63.66933,9.82361,0 -63.66853,9.82332,0 -63.66777,9.82273,0 -63.66663,9.82224,0 -63.66602,9.82151,0 -63.66534,9.82133,0 -63.66414,9.82091,0 -63.66276,9.82053,0 -63.66129,9.81925,0 -63.65909,9.81694,0 -63.65752,9.8167,0 -63.65606,9.81545,0 -63.65493,9.81443,0 -63.65526,9.81245,0 -63.65596,9.81175,0 -63.65719,9.81116,0 -63.65717,9.81024,0 -63.65638,9.80893,0 -63.65528,9.80863,0 -63.65442,9.8082,0 -63.65235,9.80803,0 -63.65181,9.80713,0 -63.65127,9.80591,0 -63.65164,9.80477,0 -63.65123,9.80421,0 -63.65,9.8037,0 -63.64884,9.80331,0 -63.64758,9.80306,0 -63.64641,9.8034,0 -63.64609,9.80284,0 -63.64547,9.80254,0 -63.6444,9.8024,0 -63.64275,9.80296,0 -63.64196,9.80249,0 -63.64077,9.80334,0 -63.64063,9.80265,0 -63.63967,9.8014,0 -63.63871,9.80121,0 -63.63764,9.80104,0 -63.63682,9.80038,0 -63.63708,9.79918,0 -63.6369,9.79815,0 -63.63744,9.79664,0 -63.63757,9.7953,0 -63.63679,9.79423,0 -63.63552,9.79269,0 -63.6342,9.79154,0 -63.63245,9.79184,0 -63.63114,9.79044,0 -63.63009,9.78866,0 -63.62813,9.78828,0 -63.62746,9.78798,0 -63.62597,9.78657,0 -63.62446,9.78658,0 -63.62291,9.78726,0 -63.62178,9.78617,0 -63.62113,9.78507,0 -63.62013,9.78508,0 -63.6196,9.78584,0 -63.61865,9.78588,0 -63.61817,9.78479,0 -63.61814,9.78412,0 -63.6175,9.78371,0 -63.61669,9.78312,0 -63.61562,9.78201,0 -63.6155,9.78071,0 -63.61663,9.77917,0 -63.61764,9.7778,0 -63.61842,9.77589,0 -63.61959,9.77426,0 -63.62082,9.77315,0 -63.62281,9.77177,0 -63.62451,9.77017,0 -63.6258,9.76814,0 -63.62712,9.76642,0 -63.62762,9.76479,0 -63.62857,9.76234,0 -63.62997,9.76017,0 -63.63111,9.75923,0 -63.63007,9.75757,0 -63.62866,9.75537,0 -63.62867,9.75266,0 -63.629,9.75037,0 -63.62943,9.74836,0 -63.6301,9.74707,0 -63.63041,9.74566,0 -63.62591,9.74411,0 -63.60572,9.74285,0 -63.54484,9.6758,0 -63.50259,9.6913,0 -63.49041,9.73434,0 -63.48014,9.7698,0 -63.4942,9.79683,0 -63.49391,9.79793,0 -63.49414,9.79935,0 -63.49459,9.80055,0 -63.49575,9.80204,0 -63.49645,9.80498,0 -63.49646,9.80698,0 -63.49606,9.80827,0 -63.49576,9.80973,0 -63.49556,9.81137,0 -63.49566,9.81302,0 -63.49637,9.81437,0 -63.49708,9.81555,0 -63.49764,9.81941,0 -63.49718,9.82108,0 -63.49592,9.82235,0 -63.49495,9.82385,0 -63.4936,9.82577,0
          </coordinates></LinearRing></outerBoundaryIs>
        </Polygon>
      </Placemark>
      <Placemark>
        <name>Areo (Cedeño)</name>
        <description>Parroquia Areo, Municipio Cedeño. PCODE: VE160502</description>
        <styleUrl>#style-parroquia-areo</styleUrl>
        <Polygon>
          <outerBoundaryIs><LinearRing><coordinates>
            -63.93255,10.08407,0 -63.93276,10.08397,0 -63.94415,10.08796,0 -63.94493,10.08823,0 -63.95202,10.08564,0 -63.95638,10.08405,0 -63.95641,10.08403,0 -63.95934,10.08297,0 -63.95882,10.07975,0 -63.95834,10.07671,0 -63.95744,10.07398,0 -63.95794,10.07237,0 -63.95805,10.07203,0 -63.95936,10.06911,0 -63.95953,10.06842,0 -63.95957,10.06544,0 -63.95874,10.06384,0 -63.95761,10.06236,0 -63.95636,10.05961,0 -63.95635,10.05922,0 -63.95624,10.05676,0 -63.95716,10.05539,0 -63.95856,10.05428,0 -63.96624,10.0534,0 -63.97015,10.05219,0 -63.97249,10.05109,0 -63.97507,10.05084,0 -63.97962,10.04875,0 -63.98311,10.048,0 -63.98508,10.04839,0 -63.98752,10.04725,0 -63.99121,10.04645,0 -63.99325,10.04739,0 -63.99453,10.0476,0 -63.99604,10.04634,0 -63.99702,10.04416,0 -63.99904,10.04221,0 -64.00099,10.04169,0 -64.00225,10.04135,0 -64.00419,10.04133,0 -64.0067,10.04204,0 -64.00912,10.04145,0 -64.01229,10.04008,0 -64.01667,10.03992,0 -64.02237,10.04105,0 -64.03238,10.04529,0 -64.03703,10.0466,0 -64.04308,10.04913,0 -64.04585,10.05163,0 -64.04942,10.05303,0 -64.05561,10.05304,0 -64.06116,10.05192,0 -64.0629,10.04964,0 -64.06264,10.04493,0 -64.06049,10.04077,0 -64.05749,10.03651,0 -64.05642,10.03039,0 -64.05642,10.02787,0 -64.05697,10.02333,0 -64.05816,10.01959,0 -64.0598,10.01492,0 -64.0605,10.01105,0 -64.06158,10.00821,0 -64.06272,10.0055,0 -64.06133,9.99872,0 -64.06045,9.99682,0 -64.05903,9.9956,0 -64.05702,9.99457,0 -64.05226,9.99068,0 -64.05126,9.98815,0 -64.05003,9.98549,0 -64.04816,9.98143,0 -64.04695,9.97857,0 -64.04763,9.9717,0 -64.04609,9.96686,0 -64.04585,9.9634,0 -64.04577,9.9631,0 -64.04449,9.95911,0 -64.0443,9.95648,0 -64.04392,9.94778,0 -64.04348,9.94436,0 -64.04132,9.9417,0 -64.03802,9.9393,0 -64.03744,9.93778,0 -64.03826,9.93512,0 -64.03854,9.93211,0 -64.03772,9.93019,0 -64.03592,9.93019,0 -64.03186,9.93171,0 -64.02697,9.93259,0 -64.02288,9.93186,0 -64.02096,9.93179,0 -64.0178,9.93505,0 -64.01487,9.93751,0 -64.01196,9.93714,0 -64.00951,9.9354,0 -64.00791,9.93226,0 -64.00762,9.93183,0 -64.00661,9.93036,0 -64.00435,9.93054,0 -64.00281,9.93194,0 -64.00147,9.93254,0 -63.99711,9.93262,0 -63.99094,9.93627,0 -63.99013,9.93675,0 -63.9859,9.93895,0 -63.98508,9.93911,0 -63.98475,9.93825,0 -63.98538,9.93552,0 -63.9881,9.92534,0 -63.98818,9.92109,0 -63.98678,9.91864,0 -63.9862,9.91817,0 -63.98604,9.91757,0 -63.98503,9.91609,0 -63.9843,9.91281,0 -63.98409,9.91009,0 -63.98374,9.90879,0 -63.98324,9.90813,0 -63.98325,9.90812,0 -63.98323,9.90811,0 -63.98313,9.90798,0 -63.98294,9.90772,0 -63.98177,9.90618,0 -63.9791,9.90366,0 -63.97784,9.90194,0 -63.97693,9.90006,0 -63.97678,9.89977,0 -63.97448,9.89849,0 -63.96933,9.8982,0 -63.96589,9.89805,0 -63.9638,9.89709,0 -63.96355,9.89705,0 -63.96073,9.89657,0 -63.95686,9.8964,0 -63.95359,9.89281,0 -63.95213,9.89147,0 -63.94992,9.89005,0 -63.94808,9.88861,0 -63.94515,9.88593,0 -63.94398,9.88462,0 -63.94292,9.88398,0 -63.94191,9.88275,0 -63.94272,9.88061,0 -63.94288,9.8802,0 -63.94275,9.87888,0 -63.94272,9.87862,0 -63.94269,9.87834,0 -63.94081,9.87715,0 -63.93913,9.87566,0 -63.93762,9.87509,0 -63.9358,9.87543,0 -63.93516,9.87555,0 -63.93318,9.87439,0 -63.9329,9.87312,0 -63.9328,9.87126,0 -63.9322,9.87,0 -63.92976,9.8693,0 -63.92569,9.86729,0 -63.92101,9.86234,0 -63.91757,9.85892,0 -63.91339,9.85198,0 -63.91095,9.84889,0 -63.91203,9.84828,0 -63.91482,9.84775,0 -63.91915,9.84613,0 -63.92152,9.84523,0 -63.9234,9.8444,0 -63.92576,9.84423,0 -63.92734,9.84391,0 -63.92901,9.84328,0 -63.93198,9.84371,0 -63.93412,9.84483,0 -63.9347,9.84486,0 -63.93601,9.84462,0 -63.93695,9.84372,0 -63.93799,9.8408,0 -63.93954,9.83889,0 -63.94146,9.83815,0 -63.94234,9.83825,0 -63.9445,9.83772,0 -63.94554,9.83697,0 -63.94555,9.83697,0 -63.94813,9.83332,0 -63.94818,9.83293,0 -63.94891,9.83072,0 -63.95111,9.82743,0 -63.95254,9.82545,0 -63.95439,9.82343,0 -63.9546,9.82228,0 -63.9539,9.82081,0 -63.95232,9.81909,0 -63.95166,9.81707,0 -63.95007,9.81532,0 -63.94941,9.81167,0 -63.94836,9.80996,0 -63.94625,9.80781,0 -63.94518,9.80565,0 -63.94505,9.80255,0 -63.94469,9.79904,0 -63.9451,9.79509,0 -63.94593,9.79268,0 -63.94606,9.79176,0 -63.94605,9.78848,0 -63.94959,9.78488,0 -63.94962,9.78482,0 -63.95033,9.78327,0 -63.95249,9.78187,0 -63.9527,9.78171,0 -63.95626,9.77808,0 -63.95679,9.77749,0 -63.95711,9.77628,0 -63.95852,9.77432,0 -63.95982,9.77349,0 -63.9604,9.77283,0 -63.96032,9.77009,0 -63.96062,9.76892,0 -63.96122,9.76743,0 -63.96049,9.76518,0 -63.96033,9.76371,0 -63.96035,9.76265,0 -63.95995,9.76148,0 -63.95992,9.76047,0 -63.96015,9.7601,0 -63.95973,9.75908,0 -63.95922,9.75647,0 -63.95854,9.75471,0 -63.95882,9.75439,0 -63.95856,9.75304,0 -63.95934,9.75166,0 -63.95934,9.75131,0 -63.96017,9.74968,0 -63.96085,9.74896,0 -63.96098,9.74874,0 -63.96093,9.74731,0 -63.96104,9.74574,0 -63.96057,9.74239,0 -63.96042,9.74094,0 -63.96031,9.74059,0 -63.95919,9.73832,0 -63.95856,9.7365,0 -63.95677,9.73529,0 -63.95514,9.73488,0 -63.95396,9.73436,0 -63.95383,9.73234,0 -63.95327,9.72981,0 -63.95278,9.7286,0 -63.95312,9.72761,0 -63.95328,9.72655,0 -63.95231,9.72577,0 -63.9523,9.72476,0 -63.9514,9.72403,0 -63.95105,9.72309,0 -63.95186,9.72192,0 -63.95175,9.72177,0 -63.95214,9.71941,0 -63.95171,9.71856,0 -63.95166,9.71596,0 -63.95013,9.71147,0 -63.9492,9.70977,0 -63.94924,9.70883,0 -63.94793,9.70499,0 -63.93603,9.68694,0 -63.90494,9.64543,0 -63.90493,9.64542,0 -63.90164,9.6412,0 -63.84486,9.56856,0 -63.82531,9.54355,0 -63.82525,9.54348,0 -63.82514,9.54359,0 -63.82497,9.54376,0 -63.81628,9.55275,0 -63.80991,9.55933,0 -63.72696,9.64509,0 -63.7257,9.68354,0 -63.71299,9.68282,0 -63.70466,9.68479,0 -63.70373,9.68437,0 -63.70464,9.68544,0 -63.70244,9.74888,0 -63.71256,9.85643,0 -63.71486,9.85713,0 -63.71526,9.85771,0 -63.71591,9.85826,0 -63.71686,9.85955,0 -63.71721,9.86016,0 -63.71837,9.85996,0 -63.7191,9.86023,0 -63.71889,9.86086,0 -63.71744,9.86172,0 -63.71718,9.86352,0 -63.71687,9.8644,0 -63.71663,9.86542,0 -63.71688,9.86571,0 -63.71717,9.86657,0 -63.71721,9.86763,0 -63.71779,9.86821,0 -63.71848,9.86857,0 -63.71986,9.86714,0 -63.7208,9.86694,0 -63.72148,9.86586,0 -63.72267,9.86545,0 -63.72365,9.86608,0 -63.725,9.86809,0 -63.72548,9.86904,0 -63.72637,9.86919,0 -63.72706,9.87027,0 -63.72862,9.87076,0 -63.72997,9.87271,0 -63.72979,9.87407,0 -63.72963,9.87534,0 -63.72904,9.87631,0 -63.72754,9.87691,0 -63.72637,9.87739,0 -63.72597,9.87782,0 -63.72625,9.87846,0 -63.72734,9.87892,0 -63.72834,9.87914,0 -63.72965,9.87879,0 -63.73054,9.8794,0 -63.72987,9.88025,0 -63.72912,9.88104,0 -63.72873,9.88188,0 -63.7287,9.88344,0 -63.72845,9.88522,0 -63.72893,9.88638,0 -63.72901,9.88761,0 -63.72802,9.88843,0 -63.7272,9.88957,0 -63.72744,9.89022,0 -63.72892,9.89136,0 -63.72958,9.8926,0 -63.73019,9.89407,0 -63.73068,9.89518,0 -63.73134,9.89614,0 -63.73201,9.89662,0 -63.73256,9.89568,0 -63.73345,9.89471,0 -63.73415,9.89427,0 -63.73567,9.89462,0 -63.73689,9.89485,0 -63.73785,9.89576,0 -63.73912,9.89555,0 -63.74033,9.89493,0 -63.74167,9.89706,0 -63.74331,9.89753,0 -63.74405,9.89909,0 -63.74373,9.90052,0 -63.74442,9.90266,0 -63.74464,9.90522,0 -63.74454,9.90683,0 -63.74402,9.90784,0 -63.74352,9.90929,0 -63.74497,9.91061,0 -63.74575,9.91166,0 -63.74687,9.91295,0 -63.74773,9.91512,0 -63.7482,9.91768,0 -63.74786,9.91953,0 -63.7475,9.92122,0 -63.74905,9.92222,0 -63.75119,9.9229,0 -63.75291,9.92352,0 -63.75397,9.92445,0 -63.75455,9.92615,0 -63.75471,9.92842,0 -63.75575,9.93054,0 -63.75905,9.93133,0 -63.76093,9.93167,0 -63.76287,9.93257,0 -63.76469,9.93344,0 -63.76575,9.93397,0 -63.76713,9.9347,0 -63.76877,9.93515,0 -63.77025,9.93716,0 -63.77155,9.9384,0 -63.77323,9.93927,0 -63.77511,9.93906,0 -63.77634,9.93916,0 -63.77732,9.93976,0 -63.77845,9.94016,0 -63.77968,9.94181,0 -63.78133,9.94257,0 -63.78339,9.94302,0 -63.7854,9.94391,0 -63.78663,9.94446,0 -63.78792,9.94531,0 -63.79192,9.94669,0 -63.7934,9.9476,0 -63.79544,9.94906,0 -63.79805,9.95178,0 -63.79896,9.95437,0 -63.80283,9.95571,0 -63.80285,9.95573,0 -63.80389,9.95675,0 -63.80555,9.9571,0 -63.80671,9.95701,0 -63.8085,9.95705,0 -63.81077,9.95812,0 -63.81193,9.95809,0 -63.81325,9.9586,0 -63.81526,9.95891,0 -63.81631,9.95841,0 -63.81745,9.95846,0 -63.81929,9.95984,0 -63.82098,9.96071,0 -63.8233,9.96177,0 -63.82537,9.96301,0 -63.82599,9.96475,0 -63.8275,9.96577,0 -63.82909,9.96608,0 -63.83082,9.96691,0 -63.79453,10.02365,0 -63.79451,10.02368,0 -63.81867,10.02016,0 -63.82897,10.03565,0 -63.83695,10.03647,0 -63.84386,10.03422,0 -63.85428,10.0319,0 -63.86166,10.03086,0 -63.86697,10.03038,0 -63.87298,10.02787,0 -63.88135,10.02578,0 -63.89091,10.02669,0 -63.89755,10.02907,0 -63.90108,10.03364,0 -63.89666,10.03851,0 -63.89321,10.04377,0 -63.89017,10.04859,0 -63.8928,10.05357,0 -63.89732,10.05102,0 -63.90628,10.05087,0 -63.91127,10.0539,0 -63.91081,10.05918,0 -63.90957,10.06535,0 -63.90996,10.06867,0 -63.90997,10.0687,0 -63.91348,10.07185,0 -63.91803,10.07375,0 -63.91896,10.07737,0 -63.91962,10.07775,0 -63.92344,10.07992,0 -63.92744,10.0826,0 -63.93149,10.08363,0 -63.93237,10.08386,0 -63.93255,10.08407,0
          </coordinates></LinearRing></outerBoundaryIs>
        </Polygon>
      </Placemark>
      <Placemark>
        <name>San Félix (Cedeño)</name>
        <description>Parroquia San Félix, Municipio Cedeño. PCODE: VE160503</description>
        <styleUrl>#style-parroquia-san-felix</styleUrl>
        <Polygon>
          <outerBoundaryIs><LinearRing><coordinates>
            -63.71256,9.85643,0 -63.64386,9.88854,0 -63.63912,9.88939,0 -63.63366,9.89129,0 -63.6317,9.89162,0 -63.62808,9.8951,0 -63.62501,9.89519,0 -63.62065,9.89799,0 -63.61734,9.90087,0 -63.616,9.90223,0 -63.6128,9.90448,0 -63.61219,9.90851,0 -63.60945,9.91054,0 -63.60743,9.91149,0 -63.60588,9.91314,0 -63.60338,9.91547,0 -63.59823,9.9178,0 -63.59284,9.91946,0 -63.59081,9.92253,0 -63.59023,9.92786,0 -63.588,9.92925,0 -63.5872,9.92954,0 -63.58651,9.93004,0 -63.586,9.93061,0 -63.58531,9.93242,0 -63.58532,9.93373,0 -63.58525,9.9348,0 -63.585,9.93561,0 -63.58463,9.9363,0 -63.5842,9.93787,0 -63.58343,9.93968,0 -63.58209,9.94132,0 -63.57887,9.94285,0 -63.57783,9.94749,0 -63.5769,9.94848,0 -63.57389,9.95136,0 -63.57023,9.95251,0 -63.56806,9.95275,0 -63.56603,9.95371,0 -63.56446,9.95494,0 -63.56117,9.95696,0 -63.56149,9.95792,0 -63.56371,9.95837,0 -63.56555,9.9603,0 -63.5671,9.96314,0 -63.56872,9.96579,0 -63.57077,9.96787,0 -63.57235,9.97133,0 -63.57355,9.97399,0 -63.57547,9.97675,0 -63.57589,9.97919,0 -63.57499,9.98166,0 -63.57611,9.98435,0 -63.5781,9.9858,0 -63.58292,9.9861,0 -63.58636,9.98627,0 -63.58928,9.98595,0 -63.59323,9.98659,0 -63.59638,9.98812,0 -63.59962,9.98975,0 -63.60076,9.99035,0 -63.60359,9.9933,0 -63.60525,9.9959,0 -63.60593,9.99664,0 -63.60637,10.00251,0 -63.60623,10.00552,0 -63.6041,10.00962,0 -63.60204,10.01217,0 -63.60132,10.01475,0 -63.60187,10.01629,0 -63.6021,10.01695,0 -63.60372,10.0194,0 -63.60548,10.02085,0 -63.60937,10.02377,0 -63.61265,10.02606,0 -63.6132,10.02726,0 -63.615,10.0288,0 -63.61533,10.03019,0 -63.61378,10.0356,0 -63.61195,10.04067,0 -63.61259,10.04237,0 -63.61261,10.04619,0 -63.61502,10.05049,0 -63.61502,10.05455,0 -63.61535,10.05902,0 -63.61611,10.06229,0 -63.61814,10.06446,0 -63.62139,10.06519,0 -63.62348,10.06526,0 -63.62658,10.06572,0 -63.62856,10.06678,0 -63.6316,10.06488,0 -63.63411,10.06238,0 -63.63612,10.0579,0 -63.64357,10.05042,0 -63.64518,10.04924,0 -63.64691,10.04793,0 -63.65056,10.04548,0 -63.65835,10.04045,0 -63.66313,10.03808,0 -63.6676,10.0353,0 -63.66876,10.03547,0 -63.6731,10.03423,0 -63.67795,10.03252,0 -63.68091,10.02908,0 -63.68314,10.02731,0 -63.68592,10.02861,0 -63.6897,10.0308,0 -63.69295,10.03192,0 -63.70883,10.02577,0 -63.70904,10.02797,0 -63.70898,10.02898,0 -63.70957,10.03006,0 -63.71196,10.03012,0 -63.71435,10.0306,0 -63.71427,10.03241,0 -63.71465,10.03327,0 -63.7153,10.03456,0 -63.71587,10.03578,0 -63.7166,10.03665,0 -63.71729,10.0373,0 -63.71875,10.03782,0 -63.72,10.03914,0 -63.72127,10.0394,0 -63.72231,10.0386,0 -63.72344,10.0385,0 -63.72351,10.03907,0 -63.72294,10.04005,0 -63.72236,10.04083,0 -63.72172,10.04184,0 -63.72076,10.04373,0 -63.72224,10.04476,0 -63.72311,10.04581,0 -63.72379,10.04611,0 -63.72441,10.04439,0 -63.72614,10.04468,0 -63.72824,10.04656,0 -63.7302,10.04808,0 -63.73262,10.04754,0 -63.73448,10.04748,0 -63.73659,10.04661,0 -63.73763,10.04579,0 -63.73965,10.04451,0 -63.74168,10.04339,0 -63.74359,10.04261,0 -63.74531,10.042,0 -63.74723,10.04166,0 -63.74865,10.04125,0 -63.75105,10.04064,0 -63.75229,10.0403,0 -63.75447,10.04002,0 -63.75587,10.03973,0 -63.75763,10.03873,0 -63.75955,10.03834,0 -63.76091,10.03809,0 -63.76214,10.03936,0 -63.76338,10.03968,0 -63.76444,10.03937,0 -63.76571,10.03917,0 -63.76729,10.03795,0 -63.77045,10.03734,0 -63.77217,10.03641,0 -63.77408,10.03595,0 -63.77739,10.03617,0 -63.77928,10.03571,0 -63.78096,10.03396,0 -63.78266,10.03273,0 -63.78416,10.0316,0 -63.78556,10.03107,0 -63.78722,10.0307,0 -63.78879,10.02995,0 -63.78954,10.02871,0 -63.79073,10.02745,0 -63.79187,10.02682,0 -63.79263,10.02574,0 -63.79344,10.02505,0 -63.79451,10.02368,0 -63.79453,10.02365,0 -63.83082,9.96691,0 -63.82909,9.96608,0 -63.8275,9.96577,0 -63.82599,9.96475,0 -63.82537,9.96301,0 -63.8233,9.96177,0 -63.82098,9.96071,0 -63.81929,9.95984,0 -63.81745,9.95846,0 -63.81631,9.95841,0 -63.81526,9.95891,0 -63.81325,9.9586,0 -63.81193,9.95809,0 -63.81077,9.95812,0 -63.8085,9.95705,0 -63.80671,9.95701,0 -63.80555,9.9571,0 -63.80389,9.95675,0 -63.80285,9.95573,0 -63.80283,9.95571,0 -63.79896,9.95437,0 -63.79805,9.95178,0 -63.79544,9.94906,0 -63.7934,9.9476,0 -63.79192,9.94669,0 -63.78792,9.94531,0 -63.78663,9.94446,0 -63.7854,9.94391,0 -63.78339,9.94302,0 -63.78133,9.94257,0 -63.77968,9.94181,0 -63.77845,9.94016,0 -63.77732,9.93976,0 -63.77634,9.93916,0 -63.77511,9.93906,0 -63.77323,9.93927,0 -63.77155,9.9384,0 -63.77025,9.93716,0 -63.76877,9.93515,0 -63.76713,9.9347,0 -63.76575,9.93397,0 -63.76469,9.93344,0 -63.76287,9.93257,0 -63.76093,9.93167,0 -63.75905,9.93133,0 -63.75575,9.93054,0 -63.75471,9.92842,0 -63.75455,9.92615,0 -63.75397,9.92445,0 -63.75291,9.92352,0 -63.75119,9.9229,0 -63.74905,9.92222,0 -63.7475,9.92122,0 -63.74786,9.91953,0 -63.7482,9.91768,0 -63.74773,9.91512,0 -63.74687,9.91295,0 -63.74575,9.91166,0 -63.74497,9.91061,0 -63.74352,9.90929,0 -63.74402,9.90784,0 -63.74454,9.90683,0 -63.74464,9.90522,0 -63.74442,9.90266,0 -63.74373,9.90052,0 -63.74405,9.89909,0 -63.74331,9.89753,0 -63.74167,9.89706,0 -63.74033,9.89493,0 -63.73912,9.89555,0 -63.73785,9.89576,0 -63.73689,9.89485,0 -63.73567,9.89462,0 -63.73415,9.89427,0 -63.73345,9.89471,0 -63.73256,9.89568,0 -63.73201,9.89662,0 -63.73134,9.89614,0 -63.73068,9.89518,0 -63.73019,9.89407,0 -63.72958,9.8926,0 -63.72892,9.89136,0 -63.72744,9.89022,0 -63.7272,9.88957,0 -63.72802,9.88843,0 -63.72901,9.88761,0 -63.72893,9.88638,0 -63.72845,9.88522,0 -63.7287,9.88344,0 -63.72873,9.88188,0 -63.72912,9.88104,0 -63.72987,9.88025,0 -63.73054,9.8794,0 -63.72965,9.87879,0 -63.72834,9.87914,0 -63.72734,9.87892,0 -63.72625,9.87846,0 -63.72597,9.87782,0 -63.72637,9.87739,0 -63.72754,9.87691,0 -63.72904,9.87631,0 -63.72963,9.87534,0 -63.72979,9.87407,0 -63.72997,9.87271,0 -63.72862,9.87076,0 -63.72706,9.87027,0 -63.72637,9.86919,0 -63.72548,9.86904,0 -63.725,9.86809,0 -63.72365,9.86608,0 -63.72267,9.86545,0 -63.72148,9.86586,0 -63.7208,9.86694,0 -63.71986,9.86714,0 -63.71848,9.86857,0 -63.71779,9.86821,0 -63.71721,9.86763,0 -63.71717,9.86657,0 -63.71688,9.86571,0 -63.71663,9.86542,0 -63.71687,9.8644,0 -63.71718,9.86352,0 -63.71744,9.86172,0 -63.71889,9.86086,0 -63.7191,9.86023,0 -63.71837,9.85996,0 -63.71721,9.86016,0 -63.71686,9.85955,0 -63.71591,9.85826,0 -63.71526,9.85771,0 -63.71486,9.85713,0 -63.71256,9.85643,0
          </coordinates></LinearRing></outerBoundaryIs>
        </Polygon>
      </Placemark>
      <Placemark>
        <name>Viento Fresco (Cedeño)</name>
        <description>Parroquia Viento Fresco, Municipio Cedeño. PCODE: VE160504</description>
        <styleUrl>#style-parroquia-viento-fresco</styleUrl>
        <Polygon>
          <outerBoundaryIs><LinearRing><coordinates>
            -63.71256,9.85643,0 -63.70244,9.74888,0 -63.63041,9.74566,0 -63.6301,9.74707,0 -63.62943,9.74836,0 -63.629,9.75037,0 -63.62867,9.75266,0 -63.62866,9.75537,0 -63.63007,9.75757,0 -63.63111,9.75923,0 -63.62997,9.76017,0 -63.62857,9.76234,0 -63.62762,9.76479,0 -63.62712,9.76642,0 -63.6258,9.76814,0 -63.62451,9.77017,0 -63.62281,9.77177,0 -63.62082,9.77315,0 -63.61959,9.77426,0 -63.61842,9.77589,0 -63.61764,9.7778,0 -63.61663,9.77917,0 -63.6155,9.78071,0 -63.61562,9.78201,0 -63.61669,9.78312,0 -63.6175,9.78371,0 -63.61814,9.78412,0 -63.61817,9.78479,0 -63.61865,9.78588,0 -63.6196,9.78584,0 -63.62013,9.78508,0 -63.62113,9.78507,0 -63.62178,9.78617,0 -63.62291,9.78726,0 -63.62446,9.78658,0 -63.62597,9.78657,0 -63.62746,9.78798,0 -63.62813,9.78828,0 -63.63009,9.78866,0 -63.63114,9.79044,0 -63.63245,9.79184,0 -63.6342,9.79154,0 -63.63552,9.79269,0 -63.63679,9.79423,0 -63.63757,9.7953,0 -63.63744,9.79664,0 -63.6369,9.79815,0 -63.63708,9.79918,0 -63.63682,9.80038,0 -63.63764,9.80104,0 -63.63871,9.80121,0 -63.63967,9.8014,0 -63.64063,9.80265,0 -63.64077,9.80334,0 -63.64196,9.80249,0 -63.64275,9.80296,0 -63.6444,9.8024,0 -63.64547,9.80254,0 -63.64609,9.80284,0 -63.64641,9.8034,0 -63.64758,9.80306,0 -63.64884,9.80331,0 -63.65,9.8037,0 -63.65123,9.80421,0 -63.65164,9.80477,0 -63.65127,9.80591,0 -63.65181,9.80713,0 -63.65235,9.80803,0 -63.65442,9.8082,0 -63.65528,9.80863,0 -63.65638,9.80893,0 -63.65717,9.81024,0 -63.65719,9.81116,0 -63.65596,9.81175,0 -63.65526,9.81245,0 -63.65493,9.81443,0 -63.65606,9.81545,0 -63.65752,9.8167,0 -63.65909,9.81694,0 -63.66129,9.81925,0 -63.66276,9.82053,0 -63.66414,9.82091,0 -63.66534,9.82133,0 -63.66602,9.82151,0 -63.66663,9.82224,0 -63.66777,9.82273,0 -63.66853,9.82332,0 -63.66933,9.82361,0 -63.66954,9.82413,0 -63.6697,9.82475,0 -63.67159,9.82491,0 -63.6722,9.82516,0 -63.67358,9.82529,0 -63.67464,9.82567,0 -63.67573,9.82572,0 -63.67657,9.82642,0 -63.67752,9.82751,0 -63.67765,9.82854,0 -63.67732,9.8294,0 -63.67692,9.83052,0 -63.67639,9.83178,0 -63.6761,9.8326,0 -63.67613,9.83335,0 -63.67702,9.83362,0 -63.6774,9.83317,0 -63.67789,9.83333,0 -63.67817,9.83231,0 -63.67886,9.83206,0 -63.67985,9.83255,0 -63.68153,9.83195,0 -63.68314,9.83169,0 -63.68458,9.8317,0 -63.68593,9.83409,0 -63.68689,9.83552,0 -63.68792,9.83684,0 -63.6885,9.83737,0 -63.68996,9.83745,0 -63.69155,9.83771,0 -63.6925,9.83938,0 -63.69345,9.84001,0 -63.69451,9.84027,0 -63.6955,9.84184,0 -63.69564,9.84257,0 -63.69687,9.84411,0 -63.69807,9.84406,0 -63.69914,9.84402,0 -63.69982,9.84547,0 -63.70087,9.84497,0 -63.70185,9.845,0 -63.70279,9.84476,0 -63.70453,9.84481,0 -63.70571,9.84522,0 -63.70691,9.84564,0 -63.70736,9.8459,0 -63.70832,9.84662,0 -63.70778,9.84825,0 -63.70746,9.84968,0 -63.70742,9.85086,0 -63.70785,9.85183,0 -63.70817,9.85283,0 -63.70823,9.85432,0 -63.70833,9.85565,0 -63.70968,9.85647,0 -63.71105,9.85529,0 -63.71219,9.85527,0 -63.71256,9.85643,0
          </coordinates></LinearRing></outerBoundaryIs>
        </Polygon>
      </Placemark>
      <Placemark>
        <name>Capital Ezequiel Zamora (Ezequiel Zamora)</name>
        <description>Parroquia Capital Ezequiel Zamora, Municipio Ezequiel Zamora. PCODE: VE160601</description>
        <styleUrl>#style-parroquia-capital-ezequiel-zamora</styleUrl>
        <Polygon>
          <outerBoundaryIs><LinearRing><coordinates>
            -63.5218,9.63602,0 -63.52218,9.63808,0 -63.52288,9.64086,0 -63.5224,9.64261,0 -63.52206,9.64441,0 -63.52229,9.64759,0 -63.52284,9.64962,0 -63.52298,9.6514,0 -63.52414,9.65283,0 -63.52487,9.65346,0 -63.52631,9.6538,0 -63.52748,9.65433,0 -63.52792,9.65464,0 -63.5289,9.65607,0 -63.53069,9.6565,0 -63.53164,9.65813,0 -63.53141,9.65969,0 -63.5344,9.66435,0 -63.5356,9.66479,0 -63.53728,9.66505,0 -63.53932,9.66562,0 -63.5402,9.66676,0 -63.54067,9.66812,0 -63.54137,9.66938,0 -63.54484,9.6758,0 -63.60572,9.74285,0 -63.62591,9.74411,0 -63.63041,9.74566,0 -63.70244,9.74888,0 -63.70464,9.68544,0 -63.70373,9.68437,0 -63.70274,9.68338,0 -63.70159,9.68344,0 -63.69978,9.683,0 -63.69909,9.68204,0 -63.69706,9.68219,0 -63.69586,9.68177,0 -63.69433,9.68135,0 -63.69335,9.68109,0 -63.69304,9.68025,0 -63.69206,9.67971,0 -63.6918,9.67887,0 -63.69156,9.6786,0 -63.69114,9.67699,0 -63.68993,9.67565,0 -63.68872,9.67563,0 -63.68774,9.67551,0 -63.68651,9.6753,0 -63.68518,9.67514,0 -63.68395,9.67473,0 -63.68275,9.67484,0 -63.6807,9.67522,0 -63.67956,9.67393,0 -63.67862,9.67309,0 -63.67671,9.67236,0 -63.67522,9.67161,0 -63.67443,9.67031,0 -63.67383,9.66923,0 -63.67344,9.66821,0 -63.67318,9.66744,0 -63.67257,9.66672,0 -63.67136,9.66551,0 -63.67079,9.66456,0 -63.66913,9.66259,0 -63.66839,9.66123,0 -63.66761,9.66044,0 -63.66656,9.65996,0 -63.66514,9.6598,0 -63.66402,9.66042,0 -63.66314,9.66071,0 -63.66139,9.66083,0 -63.66079,9.65992,0 -63.66018,9.65959,0 -63.66006,9.66026,0 -63.65971,9.6615,0 -63.65907,9.6622,0 -63.65772,9.66046,0 -63.65637,9.65865,0 -63.65483,9.65804,0 -63.65246,9.65776,0 -63.65123,9.65629,0 -63.64971,9.65522,0 -63.64875,9.65439,0 -63.64786,9.65282,0 -63.64698,9.65123,0 -63.64522,9.65126,0 -63.64386,9.65019,0 -63.6419,9.64944,0 -63.63992,9.64764,0 -63.63825,9.64591,0 -63.63674,9.64447,0 -63.6345,9.64354,0 -63.6328,9.64282,0 -63.63104,9.64253,0 -63.62929,9.64217,0 -63.62787,9.64142,0 -63.62383,9.64105,0 -63.62318,9.64067,0 -63.62185,9.64045,0 -63.62045,9.63958,0 -63.61975,9.63796,0 -63.61829,9.63659,0 -63.61678,9.6351,0 -63.61562,9.63354,0 -63.61441,9.63189,0 -63.61355,9.63135,0 -63.61194,9.63074,0 -63.61111,9.62984,0 -63.60965,9.62925,0 -63.6077,9.6304,0 -63.60569,9.63087,0 -63.60475,9.63119,0 -63.60281,9.63028,0 -63.60044,9.63005,0 -63.59889,9.62987,0 -63.59708,9.62967,0 -63.59534,9.62952,0 -63.59388,9.63053,0 -63.59254,9.63115,0 -63.59179,9.63156,0 -63.59006,9.63223,0 -63.58883,9.63328,0 -63.58774,9.63337,0 -63.58582,9.63304,0 -63.5839,9.63204,0 -63.58244,9.63168,0 -63.58063,9.63164,0 -63.57899,9.6322,0 -63.57748,9.63309,0 -63.57664,9.63391,0 -63.57461,9.63463,0 -63.57309,9.63512,0 -63.57159,9.63531,0 -63.56972,9.63543,0 -63.5681,9.63443,0 -63.56575,9.63481,0 -63.56429,9.635,0 -63.56324,9.63559,0 -63.56198,9.63674,0 -63.56056,9.63727,0 -63.55957,9.63772,0 -63.5587,9.63822,0 -63.55807,9.63933,0 -63.55675,9.63967,0 -63.5561,9.63948,0 -63.55617,9.63805,0 -63.55621,9.63739,0 -63.55556,9.63745,0 -63.55485,9.63782,0 -63.55428,9.63738,0 -63.55328,9.63716,0 -63.55279,9.63653,0 -63.55141,9.6361,0 -63.5505,9.63435,0 -63.54998,9.63339,0 -63.54905,9.63341,0 -63.54843,9.63212,0 -63.5476,9.63114,0 -63.5463,9.63094,0 -63.54549,9.63084,0 -63.54421,9.63159,0 -63.54314,9.6317,0 -63.54268,9.63304,0 -63.54223,9.63378,0 -63.54023,9.63357,0 -63.53903,9.63372,0 -63.53719,9.63431,0 -63.5371,9.63307,0 -63.53627,9.63201,0 -63.53495,9.63192,0 -63.53401,9.63253,0 -63.53313,9.63238,0 -63.53225,9.63235,0 -63.53101,9.63331,0 -63.53004,9.63457,0 -63.52879,9.63452,0 -63.52694,9.63476,0 -63.52501,9.63555,0 -63.52398,9.6361,0 -63.52307,9.63604,0 -63.5218,9.63602,0
          </coordinates></LinearRing></outerBoundaryIs>
        </Polygon>
      </Placemark>
      <Placemark>
        <name>El Tejero (Ezequiel Zamora)</name>
        <description>Parroquia El Tejero, Municipio Ezequiel Zamora. PCODE: VE160602</description>
        <styleUrl>#style-parroquia-el-tejero</styleUrl>
        <Polygon>
          <outerBoundaryIs><LinearRing><coordinates>
            -63.70373,9.68437,0 -63.70466,9.68479,0 -63.71299,9.68282,0 -63.7257,9.68354,0 -63.72696,9.64509,0 -63.80991,9.55933,0 -63.81628,9.55275,0 -63.82497,9.54376,0 -63.82514,9.54359,0 -63.82525,9.54348,0 -63.82532,9.54341,0 -63.82509,9.54337,0 -63.82447,9.5433,0 -63.82354,9.54321,0 -63.82148,9.54233,0 -63.81921,9.54173,0 -63.81725,9.54105,0 -63.81568,9.53977,0 -63.81389,9.53844,0 -63.81361,9.53823,0 -63.81192,9.53691,0 -63.81045,9.53638,0 -63.80868,9.53545,0 -63.8067,9.53514,0 -63.80633,9.53508,0 -63.80419,9.5354,0 -63.80246,9.53612,0 -63.80103,9.53651,0 -63.79854,9.53555,0 -63.7968,9.53547,0 -63.79497,9.53502,0 -63.7936,9.53339,0 -63.79308,9.53191,0 -63.79279,9.53109,0 -63.79189,9.5296,0 -63.78953,9.52856,0 -63.78724,9.52739,0 -63.78483,9.52697,0 -63.78199,9.52739,0 -63.78013,9.52853,0 -63.77986,9.52993,0 -63.77911,9.53084,0 -63.77731,9.53128,0 -63.77501,9.53222,0 -63.77308,9.53285,0 -63.77218,9.53287,0 -63.77113,9.53114,0 -63.76924,9.52898,0 -63.76768,9.52722,0 -63.76616,9.5253,0 -63.76517,9.52417,0 -63.76542,9.52251,0 -63.76475,9.52122,0 -63.76269,9.51977,0 -63.76071,9.51895,0 -63.75793,9.51898,0 -63.75527,9.51813,0 -63.75132,9.51722,0 -63.74944,9.51641,0 -63.74818,9.51469,0 -63.74628,9.51351,0 -63.74296,9.51263,0 -63.74007,9.51293,0 -63.73858,9.51399,0 -63.73659,9.51398,0 -63.73465,9.51402,0 -63.73267,9.51458,0 -63.73296,9.51648,0 -63.73201,9.51906,0 -63.73211,9.52087,0 -63.73146,9.52249,0 -63.73068,9.52376,0 -63.72688,9.52344,0 -63.72457,9.52128,0 -63.72403,9.51941,0 -63.72353,9.51639,0 -63.72269,9.51467,0 -63.72093,9.51303,0 -63.71865,9.51252,0 -63.71691,9.51344,0 -63.71596,9.51467,0 -63.71543,9.51624,0 -63.71443,9.51745,0 -63.71236,9.5182,0 -63.70947,9.51814,0 -63.70732,9.51808,0 -63.70393,9.51766,0 -63.70098,9.51579,0 -63.69962,9.5146,0 -63.69746,9.51299,0 -63.69488,9.51081,0 -63.69224,9.51081,0 -63.68821,9.51061,0 -63.68552,9.51043,0 -63.68341,9.50891,0 -63.67977,9.50712,0 -63.67615,9.50553,0 -63.6743,9.5044,0 -63.67266,9.50287,0 -63.67127,9.50044,0 -63.66956,9.49887,0 -63.66813,9.49793,0 -63.66709,9.49689,0 -63.66507,9.49642,0 -63.66372,9.49755,0 -63.66253,9.49917,0 -63.66098,9.49955,0 -63.65927,9.49826,0 -63.65838,9.4976,0 -63.65617,9.49555,0 -63.65326,9.49455,0 -63.64961,9.494,0 -63.64736,9.49509,0 -63.64503,9.49646,0 -63.64103,9.49837,0 -63.6374,9.64506,0 -63.63825,9.64591,0 -63.63992,9.64764,0 -63.6419,9.64944,0 -63.64386,9.65019,0 -63.64522,9.65126,0 -63.64698,9.65123,0 -63.64786,9.65282,0 -63.64875,9.65439,0 -63.64971,9.65522,0 -63.65123,9.65629,0 -63.65246,9.65776,0 -63.65483,9.65804,0 -63.65637,9.65865,0 -63.65772,9.66046,0 -63.65907,9.6622,0 -63.65971,9.6615,0 -63.66006,9.66026,0 -63.66018,9.65959,0 -63.66079,9.65992,0 -63.66139,9.66083,0 -63.66314,9.66071,0 -63.66402,9.66042,0 -63.66514,9.6598,0 -63.66656,9.65996,0 -63.66761,9.66044,0 -63.66839,9.66123,0 -63.66913,9.66259,0 -63.67079,9.66456,0 -63.67136,9.66551,0 -63.67257,9.66672,0 -63.67318,9.66744,0 -63.67344,9.66821,0 -63.67383,9.66923,0 -63.67443,9.67031,0 -63.67522,9.67161,0 -63.67671,9.67236,0 -63.67862,9.67309,0 -63.67956,9.67393,0 -63.6807,9.67522,0 -63.68275,9.67484,0 -63.68395,9.67473,0 -63.68518,9.67514,0 -63.68651,9.6753,0 -63.68774,9.67551,0 -63.68872,9.67563,0 -63.68993,9.67565,0 -63.69114,9.67699,0 -63.69156,9.6786,0 -63.6918,9.67887,0 -63.69206,9.67971,0 -63.69304,9.68025,0 -63.69335,9.68109,0 -63.69433,9.68135,0 -63.69586,9.68177,0 -63.69706,9.68219,0 -63.69909,9.68204,0 -63.69978,9.683,0 -63.70159,9.68344,0 -63.70274,9.68338,0 -63.70373,9.68437,0
          </coordinates></LinearRing></outerBoundaryIs>
        </Polygon>
      </Placemark>
      <Placemark>
        <name>Capital Libertador (Libertador)</name>
        <description>Parroquia Capital Libertador, Municipio Libertador. PCODE: VE160701</description>
        <styleUrl>#style-parroquia-capital-libertador</styleUrl>
        <Polygon>
          <outerBoundaryIs><LinearRing><coordinates>
            -62.62207,9.19202,0 -62.62201,9.19319,0 -62.62086,9.19401,0 -62.62111,9.1954,0 -62.62199,9.1956,0 -62.62363,9.19514,0 -62.62412,9.1961,0 -62.62418,9.197,0 -62.62345,9.19788,0 -62.6227,9.19871,0 -62.62361,9.19964,0 -62.62629,9.19936,0 -62.6278,9.20037,0 -62.62854,9.20066,0 -62.62991,9.20072,0 -62.63191,9.20152,0 -62.63329,9.20309,0 -62.63548,9.20483,0 -62.63649,9.20601,0 -62.63756,9.20675,0 -62.63876,9.20674,0 -62.64038,9.20644,0 -62.64225,9.20621,0 -62.64349,9.20728,0 -62.64359,9.20872,0 -62.64333,9.21022,0 -62.64383,9.21095,0 -62.64513,9.21162,0 -62.64633,9.21179,0 -62.64802,9.21159,0 -62.64943,9.21175,0 -62.64937,9.21258,0 -62.64797,9.21317,0 -62.64856,9.21413,0 -62.64956,9.21499,0 -62.64997,9.21469,0 -62.65024,9.21383,0 -62.65119,9.21389,0 -62.65155,9.2148,0 -62.65276,9.21552,0 -62.65413,9.21606,0 -62.65568,9.21673,0 -62.65705,9.21634,0 -62.659,9.21565,0 -62.66018,9.21546,0 -62.66171,9.21578,0 -62.66186,9.21688,0 -62.66141,9.2182,0 -62.6608,9.21956,0 -62.66111,9.22024,0 -62.66285,9.22047,0 -62.66301,9.22079,0 -62.66309,9.22141,0 -62.66308,9.2224,0 -62.66288,9.22357,0 -62.66258,9.225,0 -62.66328,9.22598,0 -62.66366,9.22673,0 -62.66318,9.2274,0 -62.66332,9.22782,0 -62.66414,9.22886,0 -62.66464,9.23003,0 -62.66572,9.23157,0 -62.66632,9.23308,0 -62.66615,9.23419,0 -62.66499,9.23457,0 -62.66309,9.23432,0 -62.66236,9.23451,0 -62.66243,9.23529,0 -62.66357,9.23567,0 -62.66527,9.23608,0 -62.66685,9.23712,0 -62.66857,9.23781,0 -62.66998,9.23781,0 -62.67122,9.23667,0 -62.67113,9.23541,0 -62.67223,9.23469,0 -62.67367,9.23501,0 -62.67449,9.23611,0 -62.67393,9.2371,0 -62.6739,9.23878,0 -62.67469,9.23966,0 -62.67559,9.23873,0 -62.67699,9.23768,0 -62.67764,9.23643,0 -62.67833,9.23578,0 -62.67905,9.23644,0 -62.6787,9.23773,0 -62.67836,9.23863,0 -62.67899,9.23885,0 -62.67984,9.23859,0 -62.68091,9.23869,0 -62.68194,9.23801,0 -62.68294,9.23823,0 -62.68319,9.24015,0 -62.68332,9.24174,0 -62.68411,9.24221,0 -62.68535,9.24157,0 -62.68673,9.24075,0 -62.68766,9.24079,0 -62.6876,9.24393,0 -62.68709,9.24557,0 -62.68793,9.24689,0 -62.68878,9.2464,0 -62.6891,9.2455,0 -62.69078,9.24525,0 -62.69217,9.24549,0 -62.69473,9.24474,0 -62.69491,9.24387,0 -62.69658,9.24256,0 -62.69655,9.24155,0 -62.69796,9.24199,0 -62.69809,9.24298,0 -62.69917,9.24446,0 -62.70035,9.2443,0 -62.70173,9.2442,0 -62.70276,9.24324,0 -62.70363,9.24192,0 -62.7044,9.24014,0 -62.70491,9.24035,0 -62.70515,9.24131,0 -62.70624,9.2421,0 -62.70757,9.24279,0 -62.70845,9.24257,0 -62.70941,9.24231,0 -62.7102,9.24191,0 -62.71074,9.24119,0 -62.71155,9.24054,0 -62.71246,9.23929,0 -62.71377,9.23854,0 -62.71487,9.2376,0 -62.71633,9.23639,0 -62.7174,9.23489,0 -62.71865,9.23499,0 -62.71942,9.23557,0 -62.72015,9.23646,0 -62.72177,9.23626,0 -62.72319,9.23525,0 -62.72467,9.23525,0 -62.72565,9.23598,0 -62.72566,9.23678,0 -62.72668,9.23757,0 -62.72815,9.23808,0 -62.72924,9.23894,0 -62.72979,9.23978,0 -62.73043,9.24125,0 -62.73058,9.24244,0 -62.72985,9.24353,0 -62.73048,9.24444,0 -62.73128,9.24528,0 -62.73189,9.24616,0 -62.73329,9.24729,0 -62.73407,9.24855,0 -62.73516,9.24863,0 -62.73644,9.24765,0 -62.73747,9.24676,0 -62.73886,9.24654,0 -62.74007,9.24703,0 -62.74117,9.24697,0 -62.74251,9.24665,0 -62.74408,9.24629,0 -62.74486,9.24536,0 -62.74645,9.24522,0 -62.74849,9.24508,0 -62.74958,9.24383,0 -62.75004,9.24302,0 -62.75046,9.2421,0 -62.7518,9.24125,0 -62.75265,9.2409,0 -62.75338,9.2405,0 -62.75458,9.24023,0 -62.75523,9.23992,0 -62.75647,9.2395,0 -62.7576,9.23875,0 -62.75895,9.23777,0 -62.76065,9.23708,0 -62.76305,9.23675,0 -62.76481,9.23641,0 -62.76628,9.23554,0 -62.76752,9.23456,0 -62.76825,9.23377,0 -62.76833,9.23246,0 -62.76856,9.23066,0 -62.76838,9.22904,0 -62.76924,9.22749,0 -62.77053,9.22687,0 -62.77098,9.22629,0 -62.77137,9.22526,0 -62.77159,9.22436,0 -62.77162,9.22319,0 -62.77293,9.22221,0 -62.77298,9.22092,0 -62.77361,9.2196,0 -62.77534,9.2188,0 -62.77733,9.21898,0 -62.77884,9.21963,0 -62.78053,9.21814,0 -62.78046,9.21589,0 -62.77994,9.21463,0 -62.77965,9.21326,0 -62.77956,9.21161,0 -62.77975,9.21011,0 -62.77997,9.20926,0 -62.78089,9.20872,0 -62.78188,9.20816,0 -62.78316,9.2069,0 -62.78484,9.20644,0 -62.7854,9.20662,0 -62.78608,9.20746,0 -62.78711,9.20683,0 -62.78761,9.20588,0 -62.78825,9.20491,0 -62.78923,9.20386,0 -62.79002,9.20263,0 -62.7916,9.20087,0 -62.79253,9.19948,0 -62.79323,9.19821,0 -62.79394,9.19691,0 -62.79427,9.19606,0 -62.79514,9.1952,0 -62.79571,9.19425,0 -62.79616,9.19309,0 -62.79653,9.19151,0 -62.79682,9.18983,0 -62.79674,9.18893,0 -62.79649,9.18744,0 -62.7963,9.18554,0 -62.79606,9.18412,0 -62.79577,9.183,0 -62.79497,9.18179,0 -62.79424,9.18122,0 -62.79374,9.17995,0 -62.79453,9.17814,0 -62.79447,9.17672,0 -62.7947,9.17502,0 -62.79476,9.17355,0 -62.79417,9.17266,0 -62.79346,9.17155,0 -62.7926,9.17105,0 -62.79185,9.17023,0 -62.79119,9.16909,0 -62.79041,9.16786,0 -62.79122,9.16583,0 -62.79258,9.16552,0 -62.79285,9.16494,0 -62.79299,9.16446,0 -62.7923,9.16343,0 -62.79184,9.16325,0 -62.79214,9.16277,0 -62.79225,9.16265,0 -62.79269,9.1609,0 -62.79349,9.16011,0 -62.79394,9.15889,0 -62.79398,9.15808,0 -62.79353,9.15744,0 -62.79313,9.15694,0 -62.79234,9.15645,0 -62.79165,9.15699,0 -62.79095,9.15835,0 -62.7901,9.15841,0 -62.79029,9.15737,0 -62.79091,9.15502,0 -62.79146,9.15421,0 -62.79212,9.15324,0 -62.79286,9.15171,0 -62.79355,9.15076,0 -62.79415,9.14924,0 -62.79474,9.14795,0 -62.79545,9.14718,0 -62.79663,9.14689,0 -62.7974,9.14771,0 -62.79865,9.14833,0 -62.79874,9.14769,0 -62.79861,9.14682,0 -62.79816,9.14581,0 -62.79855,9.14494,0 -62.80039,9.14441,0 -62.80091,9.14332,0 -62.80193,9.14212,0 -62.80315,9.14162,0 -62.80468,9.14121,0 -62.80547,9.14019,0 -62.80573,9.13869,0 -62.80616,9.1377,0 -62.80668,9.13634,0 -62.80609,9.13559,0 -62.80465,9.13473,0 -62.80478,9.13381,0 -62.80534,9.13245,0 -62.80597,9.13132,0 -62.80656,9.13041,0 -62.80623,9.12952,0 -62.80498,9.12981,0 -62.80437,9.12854,0 -62.80377,9.12841,0 -62.80375,9.12719,0 -62.80322,9.12674,0 -62.80238,9.12675,0 -62.80249,9.12603,0 -62.8026,9.12523,0 -62.80249,9.12436,0 -62.80241,9.12305,0 -62.8027,9.12208,0 -62.80278,9.12075,0 -62.80302,9.11958,0 -62.80187,9.11791,0 -62.80091,9.11719,0 -62.80059,9.11593,0 -62.79991,9.11495,0 -62.79877,9.11373,0 -62.79829,9.11252,0 -62.79772,9.11131,0 -62.7972,9.11056,0 -62.79659,9.10978,0 -62.79658,9.10893,0 -62.79618,9.10763,0 -62.79655,9.10632,0 -62.79645,9.10561,0 -62.79715,9.10422,0 -62.79733,9.10321,0 -62.79634,9.102,0 -62.79574,9.10162,0 -62.79483,9.10129,0 -62.7937,9.10128,0 -62.79274,9.10053,0 -62.79275,9.09934,0 -62.79316,9.09883,0 -62.79315,9.09779,0 -62.79284,9.09686,0 -62.79234,9.09599,0 -62.79183,9.09558,0 -62.79187,9.09517,0 -62.79186,9.09421,0 -62.79102,9.09344,0 -62.79103,9.09266,0 -62.79136,9.09118,0 -62.79124,9.09059,0 -62.7914,9.09017,0 -62.79197,9.08957,0 -62.79117,9.08875,0 -62.79119,9.08827,0 -62.79157,9.08672,0 -62.79069,9.08662,0 -62.79006,9.08642,0 -62.78942,9.08526,0 -62.78885,9.0838,0 -62.78792,9.08349,0 -62.78747,9.08255,0 -62.78767,9.08172,0 -62.78704,9.0806,0 -62.78603,9.07949,0 -62.78503,9.07921,0 -62.78418,9.07919,0 -62.78329,9.07872,0 -62.78163,9.07904,0 -62.78079,9.07859,0 -62.78039,9.07743,0 -62.77975,9.07617,0 -62.7786,9.07504,0 -62.77771,9.07386,0 -62.77693,9.07256,0 -62.77625,9.07112,0 -62.7764,9.0699,0 -62.77657,9.06864,0 -62.77727,9.06794,0 -62.7771,9.06652,0 -62.77715,9.065,0 -62.77729,9.06346,0 -62.77719,9.06213,0 -62.77704,9.06135,0 -62.77659,9.06044,0 -62.77648,9.05888,0 -62.7761,9.05815,0 -62.77584,9.05746,0 -62.77583,9.05707,0 -62.77596,9.05638,0 -62.77616,9.05523,0 -62.77608,9.05443,0 -62.77644,9.05383,0 -62.77658,9.05318,0 -62.77687,9.05265,0 -62.7774,9.05234,0 -62.77755,9.05129,0 -62.77763,9.05028,0 -62.77759,9.04883,0 -62.77709,9.04794,0 -62.77699,9.04709,0 -62.77634,9.04662,0 -62.77634,9.04501,0 -62.7761,9.04425,0 -62.77485,9.04354,0 -62.77426,9.04265,0 -62.77342,9.0422,0 -62.77223,9.04088,0 -62.77283,9.04058,0 -62.77345,9.0405,0 -62.77372,9.03958,0 -62.77384,9.0387,0 -62.77395,9.0376,0 -62.77363,9.03623,0 -62.77312,9.03596,0 -62.77304,9.03502,0 -62.77303,9.03389,0 -62.77341,9.03278,0 -62.77392,9.0314,0 -62.7745,9.02958,0 -62.77519,9.02909,0 -62.7756,9.02814,0 -62.77471,9.02753,0 -62.77549,9.02686,0 -62.77562,9.02582,0 -62.77514,9.02486,0 -62.77425,9.02318,0 -62.77375,9.02261,0 -62.77425,9.02139,0 -62.77512,9.02089,0 -62.77568,9.01965,0 -62.77551,9.01806,0 -62.77509,9.01644,0 -62.7744,9.01645,0 -62.77453,9.01603,0 -62.77457,9.01475,0 -62.77519,9.01462,0 -62.77535,9.01428,0 -62.77504,9.01368,0 -62.77452,9.01243,0 -62.77474,9.01203,0 -62.77473,9.01066,0 -62.77523,9.01037,0 -62.77531,9.00932,0 -62.77498,9.00884,0 -62.77518,9.00794,0 -62.7752,9.00723,0 -62.7757,9.00651,0 -62.7769,9.00649,0 -62.77668,9.00514,0 -62.77715,9.00392,0 -62.77687,9.00236,0 -62.77616,9.00233,0 -62.77634,9.0017,0 -62.77698,9.00144,0 -62.77693,9.00105,0 -62.77622,9.00138,0 -62.77575,9.00104,0 -62.77632,9.0001,0 -62.77701,9.00006,0 -62.77735,8.99965,0 -62.77755,8.99902,0 -62.77794,8.99819,0 -62.77839,8.99773,0 -62.77874,8.99731,0 -62.77871,8.99697,0 -62.77804,8.99716,0 -62.77792,8.99656,0 -62.77877,8.99487,0 -62.77965,8.99362,0 -62.7809,8.99236,0 -62.7808,8.99221,0 -62.78103,8.99114,0 -62.7823,8.99032,0 -62.78268,8.98948,0 -62.78344,8.98881,0 -62.78379,8.98871,0 -62.78442,8.98894,0 -62.7849,8.98876,0 -62.78649,8.98756,0 -62.78724,8.98641,0 -62.78782,8.98527,0 -62.78799,8.98446,0 -62.78767,8.98278,0 -62.78798,8.98233,0 -62.78917,8.98077,0 -62.78918,8.97926,0 -62.78952,8.97852,0 -62.79034,8.97755,0 -62.79128,8.97614,0 -62.79187,8.97511,0 -62.79235,8.9745,0 -62.79263,8.97392,0 -62.79245,8.97278,0 -62.7924,8.97173,0 -62.79365,8.97173,0 -62.79392,8.97028,0 -62.79466,8.96855,0 -62.79524,8.96798,0 -62.79641,8.96693,0 -62.79644,8.96554,0 -62.79648,8.96354,0 -62.79638,8.96222,0 -62.79591,8.96063,0 -62.7962,8.95934,0 -62.79616,8.95822,0 -62.79583,8.95697,0 -62.79586,8.95541,0 -62.79595,8.95346,0 -62.79632,8.95226,0 -62.79661,8.95088,0 -62.79727,8.95049,0 -62.79842,8.95033,0 -62.79895,8.9496,0 -62.79854,8.94808,0 -62.79871,8.94707,0 -62.79928,8.94634,0 -62.79931,8.94592,0 -62.79908,8.94531,0 -62.79982,8.94476,0 -62.80093,8.94422,0 -62.80059,8.94311,0 -62.8004,8.94188,0 -62.80057,8.94027,0 -62.80099,8.93902,0 -62.80278,8.93822,0 -62.80405,8.93742,0 -62.80405,8.93582,0 -62.80422,8.93471,0 -62.80401,8.93353,0 -62.80475,8.93235,0 -62.80587,8.9314,0 -62.80642,8.93058,0 -62.80536,8.93025,0 -62.80445,8.92985,0 -62.80469,8.92906,0 -62.80466,8.92814,0 -62.80573,8.92785,0 -62.80585,8.92613,0 -62.80633,8.9241,0 -62.80635,8.92186,0 -62.80744,8.92122,0 -62.80871,8.91992,0 -62.80835,8.91617,0 -62.8095,8.91467,0 -62.81007,8.9127,0 -62.81093,8.91168,0 -62.81214,8.91054,0 -62.81276,8.9093,0 -62.81307,8.90845,0 -62.81452,8.90761,0 -62.81549,8.90627,0 -62.81695,8.90455,0 -62.81722,8.90257,0 -62.81767,8.90118,0 -62.81816,8.89887,0 -62.81854,8.89671,0 -62.81986,8.89437,0 -62.82171,8.89258,0 -62.82317,8.89148,0 -62.82412,8.89044,0 -62.82577,8.88989,0 -62.82835,8.88902,0 -62.82998,8.88864,0 -62.83148,8.88733,0 -62.83251,8.88656,0 -62.83388,8.88555,0 -62.83519,8.88348,0 -62.83562,8.88152,0 -62.83651,8.88002,0 -62.83725,8.87874,0 -62.83874,8.87797,0 -62.83947,8.87756,0 -62.84113,8.87626,0 -62.84603,8.86894,0 -62.84701,8.8681,0 -62.84743,8.8665,0 -62.84858,8.86566,0 -62.84947,8.86538,0 -62.85071,8.86451,0 -62.85098,8.86365,0 -62.85149,8.86306,0 -62.85248,8.86302,0 -62.85322,8.86306,0 -62.85432,8.86282,0 -62.85653,8.8607,0 -62.85734,8.85959,0 -62.85857,8.859,0 -62.85943,8.8573,0 -62.8603,8.85646,0 -62.86154,8.85447,0 -62.86263,8.85343,0 -62.86378,8.85315,0 -62.86489,8.85195,0 -62.86502,8.85116,0 -62.86575,8.85033,0 -62.86673,8.84938,0 -62.86825,8.84795,0 -62.86926,8.84677,0 -62.8702,8.84527,0 -62.86995,8.84292,0 -62.87065,8.84145,0 -62.87143,8.84053,0 -62.8722,8.83902,0 -62.87338,8.83845,0 -62.87402,8.83833,0 -62.87494,8.83702,0 -62.87555,8.83528,0 -62.87669,8.83432,0 -62.8775,8.83253,0 -62.87812,8.83182,0 -62.87825,8.83053,0 -62.87893,8.82954,0 -62.88026,8.82874,0 -62.88078,8.82833,0 -62.88105,8.82642,0 -62.88248,8.82515,0 -62.88352,8.82399,0 -62.88458,8.8232,0 -62.88618,8.82282,0 -62.88747,8.8227,0 -62.88765,8.8219,0 -62.88835,8.82084,0 -62.88896,8.81942,0 -62.88973,8.81896,0 -62.89095,8.81816,0 -62.8924,8.81746,0 -62.89376,8.81613,0 -62.89493,8.81531,0 -62.89542,8.81419,0 -62.89449,8.81407,0 -62.89443,8.81306,0 -62.89516,8.8129,0 -62.89629,8.81203,0 -62.89704,8.81246,0 -62.89811,8.81192,0 -62.89928,8.81121,0 -62.90028,8.81129,0 -62.90107,8.81124,0 -62.90116,8.81016,0 -62.90239,8.80904,0 -62.90339,8.80738,0 -62.90432,8.80748,0 -62.90478,8.80748,0 -62.90533,8.80726,0 -62.90581,8.80594,0 -62.90673,8.80462,0 -62.90829,8.80429,0 -62.9087,8.80485,0 -62.90929,8.80501,0 -62.90992,8.80453,0 -62.91058,8.80436,0 -62.91147,8.80394,0 -62.91093,8.80332,0 -62.91137,8.802,0 -62.91224,8.80124,0 -62.91251,8.80054,0 -62.91364,8.79995,0 -62.91357,8.79862,0 -62.91426,8.79798,0 -62.91483,8.79654,0 -62.91608,8.7959,0 -62.91655,8.7962,0 -62.91711,8.79508,0 -62.91746,8.79392,0 -62.91882,8.7927,0 -62.91999,8.7925,0 -62.92083,8.79199,0 -62.92163,8.79063,0 -62.92238,8.78962,0 -62.92332,8.78888,0 -62.924,8.78906,0 -62.92607,8.78589,0 -62.92663,8.78539,0 -62.92781,8.78434,0 -62.92888,8.78379,0 -62.92904,8.78271,0 -62.92988,8.78154,0 -62.93089,8.78095,0 -62.9319,8.77954,0 -62.93234,8.779,0 -62.93265,8.77795,0 -62.9334,8.7771,0 -62.93341,8.77697,0 -62.87132,8.75229,0 -62.86979,8.75352,0 -62.86798,8.75764,0 -62.86695,8.76164,0 -62.86809,8.76501,0 -62.86694,8.76821,0 -62.86331,8.76758,0 -62.86304,8.76895,0 -62.86186,8.77002,0 -62.86027,8.76953,0 -62.85899,8.7693,0 -62.85778,8.76792,0 -62.85695,8.76633,0 -62.85575,8.76578,0 -62.85266,8.76397,0 -62.85113,8.7678,0 -62.85024,8.76852,0 -62.84782,8.76877,0 -62.84627,8.76933,0 -62.8453,8.77012,0 -62.84381,8.77091,0 -62.843,8.77208,0 -62.84097,8.77284,0 -62.83978,8.77449,0 -62.83898,8.77573,0 -62.83803,8.77684,0 -62.83666,8.77735,0 -62.83603,8.77783,0 -62.83383,8.77844,0 -62.83206,8.77981,0 -62.83104,8.7809,0 -62.83012,8.78167,0 -62.82949,8.78263,0 -62.82801,8.78328,0 -62.82625,8.78396,0 -62.82298,8.78779,0 -62.822,8.78821,0 -62.82052,8.78758,0 -62.81939,8.787,0 -62.81828,8.78698,0 -62.81591,8.78681,0 -62.81449,8.78645,0 -62.81294,8.78655,0 -62.81271,8.78777,0 -62.8117,8.78863,0 -62.81013,8.78926,0 -62.80894,8.7902,0 -62.80782,8.79159,0 -62.80408,8.7931,0 -62.80203,8.79398,0 -62.79989,8.79406,0 -62.79853,8.7942,0 -62.79717,8.79429,0 -62.79593,8.79409,0 -62.79526,8.79354,0 -62.79397,8.79432,0 -62.79225,8.79461,0 -62.79093,8.79466,0 -62.78953,8.79416,0 -62.78787,8.795,0 -62.78623,8.7949,0 -62.78445,8.79496,0 -62.78259,8.79649,0 -62.78092,8.79706,0 -62.77934,8.7968,0 -62.77758,8.79688,0 -62.7754,8.79726,0 -62.77439,8.79814,0 -62.77257,8.79896,0 -62.77155,8.80008,0 -62.76927,8.80034,0 -62.7675,8.8005,0 -62.76542,8.8011,0 -62.76361,8.80218,0 -62.76214,8.80248,0 -62.76076,8.80274,0 -62.75922,8.80293,0 -62.75863,8.80391,0 -62.75747,8.80485,0 -62.75691,8.80549,0 -62.75525,8.80619,0 -62.75537,8.80753,0 -62.75338,8.80928,0 -62.75294,8.81023,0 -62.75285,8.81154,0 -62.75269,8.81274,0 -62.7511,8.81369,0 -62.75008,8.81464,0 -62.74868,8.81494,0 -62.74713,8.81557,0 -62.74525,8.81555,0 -62.7443,8.81652,0 -62.74376,8.81693,0 -62.74232,8.81742,0 -62.74027,8.81706,0 -62.73926,8.81721,0 -62.73718,8.81907,0 -62.73539,8.82012,0 -62.73453,8.82056,0 -62.73325,8.82162,0 -62.73252,8.82249,0 -62.73125,8.82354,0 -62.7301,8.82381,0 -62.72841,8.82447,0 -62.7266,8.82541,0 -62.7245,8.82507,0 -62.72257,8.82542,0 -62.72007,8.82587,0 -62.71862,8.82556,0 -62.71595,8.82533,0 -62.71437,8.82503,0 -62.71243,8.825,0 -62.71063,8.82528,0 -62.71016,8.82552,0 -62.70916,8.82618,0 -62.70794,8.8273,0 -62.70663,8.82824,0 -62.70555,8.82965,0 -62.7049,8.83079,0 -62.70445,8.83168,0 -62.70266,8.83259,0 -62.70117,8.8337,0 -62.70113,8.83551,0 -62.69963,8.8373,0 -62.69845,8.83867,0 -62.69588,8.83856,0 -62.69433,8.83926,0 -62.69296,8.84013,0 -62.69171,8.84089,0 -62.68961,8.84099,0 -62.68796,8.84063,0 -62.68522,8.83995,0 -62.68416,8.83931,0 -62.6797,8.83419,0 -62.67585,8.83571,0 -62.67324,8.83507,0 -62.67141,8.83505,0 -62.66927,8.83471,0 -62.66733,8.83421,0 -62.66434,8.834,0 -62.66226,8.8341,0 -62.66147,8.83344,0 -62.65893,8.83305,0 -62.65621,8.83255,0 -62.65447,8.83197,0 -62.65249,8.83088,0 -62.65089,8.83038,0 -62.64872,8.83018,0 -62.66428,8.87812,0 -62.664,8.87914,0 -62.66268,8.87985,0 -62.66117,8.88374,0 -62.65797,8.88185,0 -62.65675,8.88318,0 -62.65528,8.88394,0 -62.65406,8.88538,0 -62.65294,8.88627,0 -62.6523,8.88939,0 -62.64918,8.88851,0 -62.64787,8.88977,0 -62.64729,8.89089,0 -62.64386,8.88964,0 -62.64413,8.89295,0 -62.64307,8.89443,0 -62.6427,8.89561,0 -62.64275,8.89698,0 -62.63796,8.89983,0 -62.63673,8.90047,0 -62.63559,8.90129,0 -62.63461,8.90121,0 -62.63323,8.90028,0 -62.63163,8.8972,0 -62.62977,8.89826,0 -62.62833,8.89877,0 -62.62225,8.89924,0 -62.62265,8.90285,0 -62.61898,8.90207,0 -62.61635,8.90406,0 -62.61156,8.90561,0 -62.60692,8.90485,0 -62.60368,8.90798,0 -62.60173,8.91088,0 -62.59972,8.91227,0 -62.59653,8.91404,0 -62.59328,8.91991,0 -62.58952,8.91753,0 -62.58802,8.91832,0 -62.58611,8.91914,0 -62.58387,8.91991,0 -62.58251,8.92065,0 -62.5812,8.92191,0 -62.58039,8.92543,0 -62.57765,8.92762,0 -62.5761,8.93075,0 -62.57577,8.93469,0 -62.57529,8.93902,0 -62.57508,8.94063,0 -62.57396,8.94293,0 -62.57207,8.94743,0 -62.56954,8.94676,0 -62.5697,8.95066,0 -62.5662,8.9554,0 -62.5636,8.95829,0 -62.55952,8.96201,0 -62.55896,8.9635,0 -62.55647,8.96559,0 -62.55455,8.96791,0 -62.55021,8.9699,0 -62.54646,8.97132,0 -62.546,8.97198,0 -62.54442,8.97238,0 -62.54334,8.9731,0 -62.54219,8.97445,0 -62.5416,8.97529,0 -62.53961,8.97546,0 -62.53758,8.97546,0 -62.53739,8.97483,0 -62.53649,8.97431,0 -62.53506,8.97457,0 -62.534,8.97451,0 -62.53311,8.97496,0 -62.53157,8.97581,0 -62.53056,8.97528,0 -62.52884,8.97463,0 -62.52685,8.97401,0 -62.52499,8.97383,0 -62.52295,8.97372,0 -62.54978,9.04382,0 -62.62215,9.19167,0 -62.62212,9.19184,0 -62.62207,9.19202,0
          </coordinates></LinearRing></outerBoundaryIs>
        </Polygon>
      </Placemark>
      <Placemark>
        <name>Chaguaramas (Libertador)</name>
        <description>Parroquia Chaguaramas, Municipio Libertador. PCODE: VE160702</description>
        <styleUrl>#style-parroquia-chaguaramas</styleUrl>
        <Polygon>
          <outerBoundaryIs><LinearRing><coordinates>
            -62.64872,8.83018,0 -62.65089,8.83038,0 -62.65249,8.83088,0 -62.65447,8.83197,0 -62.65621,8.83255,0 -62.65893,8.83305,0 -62.66147,8.83344,0 -62.66226,8.8341,0 -62.66434,8.834,0 -62.66733,8.83421,0 -62.66927,8.83471,0 -62.67141,8.83505,0 -62.67324,8.83507,0 -62.67585,8.83571,0 -62.6797,8.83419,0 -62.68416,8.83931,0 -62.68522,8.83995,0 -62.68796,8.84063,0 -62.68961,8.84099,0 -62.69171,8.84089,0 -62.69296,8.84013,0 -62.69433,8.83926,0 -62.69588,8.83856,0 -62.69845,8.83867,0 -62.69963,8.8373,0 -62.70113,8.83551,0 -62.70117,8.8337,0 -62.70266,8.83259,0 -62.70445,8.83168,0 -62.7049,8.83079,0 -62.70555,8.82965,0 -62.70663,8.82824,0 -62.70794,8.8273,0 -62.70916,8.82618,0 -62.71016,8.82552,0 -62.71063,8.82528,0 -62.71243,8.825,0 -62.71437,8.82503,0 -62.71595,8.82533,0 -62.71862,8.82556,0 -62.72007,8.82587,0 -62.72257,8.82542,0 -62.7245,8.82507,0 -62.7266,8.82541,0 -62.72841,8.82447,0 -62.7301,8.82381,0 -62.73125,8.82354,0 -62.73252,8.82249,0 -62.73325,8.82162,0 -62.73453,8.82056,0 -62.73539,8.82012,0 -62.73718,8.81907,0 -62.73926,8.81721,0 -62.74027,8.81706,0 -62.74232,8.81742,0 -62.74376,8.81693,0 -62.7443,8.81652,0 -62.74525,8.81555,0 -62.74713,8.81557,0 -62.74868,8.81494,0 -62.75008,8.81464,0 -62.7511,8.81369,0 -62.75269,8.81274,0 -62.75285,8.81154,0 -62.75294,8.81023,0 -62.75338,8.80928,0 -62.75537,8.80753,0 -62.75525,8.80619,0 -62.75691,8.80549,0 -62.75747,8.80485,0 -62.75863,8.80391,0 -62.75922,8.80293,0 -62.76076,8.80274,0 -62.76214,8.80248,0 -62.76361,8.80218,0 -62.76542,8.8011,0 -62.7675,8.8005,0 -62.76927,8.80034,0 -62.77155,8.80008,0 -62.77257,8.79896,0 -62.77439,8.79814,0 -62.7754,8.79726,0 -62.77758,8.79688,0 -62.77934,8.7968,0 -62.78092,8.79706,0 -62.78259,8.79649,0 -62.78445,8.79496,0 -62.78623,8.7949,0 -62.78787,8.795,0 -62.78953,8.79416,0 -62.79093,8.79466,0 -62.79225,8.79461,0 -62.79397,8.79432,0 -62.79526,8.79354,0 -62.79593,8.79409,0 -62.79717,8.79429,0 -62.79853,8.7942,0 -62.79989,8.79406,0 -62.80203,8.79398,0 -62.80408,8.7931,0 -62.80782,8.79159,0 -62.80894,8.7902,0 -62.81013,8.78926,0 -62.8117,8.78863,0 -62.81271,8.78777,0 -62.81294,8.78655,0 -62.81449,8.78645,0 -62.81591,8.78681,0 -62.81828,8.78698,0 -62.81939,8.787,0 -62.82052,8.78758,0 -62.822,8.78821,0 -62.82298,8.78779,0 -62.82625,8.78396,0 -62.82801,8.78328,0 -62.82949,8.78263,0 -62.83012,8.78167,0 -62.83104,8.7809,0 -62.83206,8.77981,0 -62.83383,8.77844,0 -62.83603,8.77783,0 -62.83666,8.77735,0 -62.83803,8.77684,0 -62.83898,8.77573,0 -62.83978,8.77449,0 -62.84097,8.77284,0 -62.843,8.77208,0 -62.84381,8.77091,0 -62.8453,8.77012,0 -62.84627,8.76933,0 -62.84782,8.76877,0 -62.85024,8.76852,0 -62.85113,8.7678,0 -62.85266,8.76397,0 -62.85575,8.76578,0 -62.85695,8.76633,0 -62.85778,8.76792,0 -62.85899,8.7693,0 -62.86027,8.76953,0 -62.86186,8.77002,0 -62.86304,8.76895,0 -62.86331,8.76758,0 -62.86694,8.76821,0 -62.86809,8.76501,0 -62.86695,8.76164,0 -62.86798,8.75764,0 -62.86979,8.75352,0 -62.87132,8.75229,0 -62.93341,8.77697,0 -62.93357,8.77704,0 -62.93492,8.77603,0 -62.9375,8.77423,0 -62.93744,8.77324,0 -62.93737,8.77206,0 -62.93819,8.77123,0 -62.93904,8.76991,0 -62.93995,8.76947,0 -62.94114,8.76871,0 -62.9423,8.76812,0 -62.94363,8.76773,0 -62.94467,8.76593,0 -62.94527,8.76474,0 -62.94656,8.76402,0 -62.94786,8.76258,0 -62.94919,8.76148,0 -62.94908,8.76045,0 -62.95036,8.75903,0 -62.95096,8.75789,0 -62.95159,8.75631,0 -62.95168,8.75557,0 -62.95264,8.75581,0 -62.95294,8.75397,0 -62.95417,8.75353,0 -62.95511,8.75501,0 -62.95614,8.75481,0 -62.95688,8.75485,0 -62.9577,8.75336,0 -62.95882,8.7524,0 -62.95941,8.75162,0 -62.95867,8.75099,0 -62.95936,8.7503,0 -62.96068,8.74979,0 -62.96179,8.75032,0 -62.96245,8.75014,0 -62.96308,8.74956,0 -62.96331,8.74848,0 -62.96421,8.74785,0 -62.96516,8.74674,0 -62.9667,8.7465,0 -62.96753,8.74626,0 -62.96813,8.74516,0 -62.96909,8.74488,0 -62.97034,8.74488,0 -62.97111,8.74444,0 -62.97147,8.74477,0 -62.97236,8.74389,0 -62.9729,8.74398,0 -62.9738,8.74342,0 -62.97523,8.74344,0 -62.97651,8.74355,0 -62.97756,8.74326,0 -62.9786,8.74322,0 -62.97975,8.74311,0 -62.98084,8.74195,0 -62.98176,8.74352,0 -62.98262,8.743,0 -62.98492,8.74221,0 -62.98582,8.74275,0 -62.98643,8.74405,0 -62.98643,8.74405,0 -62.98787,8.74368,0 -62.98904,8.74398,0 -62.99154,8.74403,0 -62.99327,8.74449,0 -62.99505,8.745,0 -62.99624,8.74534,0 -62.99652,8.74542,0 -62.99804,8.74592,0 -62.99905,8.74631,0 -63.00095,8.74627,0 -63.0023,8.74644,0 -63.00234,8.74647,0 -63.00309,8.75089,0 -63.00339,8.75178,0 -63.00406,8.75173,0 -63.00537,8.7519,0 -63.00751,8.75117,0 -63.00923,8.75123,0 -63.01085,8.75137,0 -63.01172,8.75107,0 -63.01253,8.75095,0 -63.0132,8.75156,0 -63.01417,8.75185,0 -63.01544,8.75218,0 -63.01578,8.75204,0 -63.01678,8.75233,0 -63.01758,8.75209,0 -63.01876,8.75222,0 -63.02071,8.75234,0 -63.02117,8.75142,0 -63.02333,8.75129,0 -63.02361,8.75112,0 -63.02422,8.75034,0 -63.02532,8.74955,0 -63.02576,8.74727,0 -63.02686,8.74618,0 -63.02747,8.74455,0 -63.02836,8.74344,0 -63.02869,8.74213,0 -63.02957,8.73961,0 -63.03086,8.7366,0 -63.03147,8.73496,0 -63.03246,8.73277,0 -63.03272,8.73063,0 -63.03375,8.72982,0 -63.03526,8.72783,0 -63.03602,8.72576,0 -63.03615,8.72475,0 -63.03686,8.72376,0 -63.0369,8.7227,0 -63.0379,8.72118,0 -63.03848,8.71957,0 -63.03941,8.71788,0 -63.04061,8.71704,0 -63.04105,8.71555,0 -63.04189,8.7138,0 -63.04246,8.71244,0 -63.04273,8.71172,0 -63.0422,8.71148,0 -63.04303,8.70984,0 -63.04448,8.70693,0 -63.04566,8.70389,0 -63.04621,8.70341,0 -63.04258,8.6634,0 -63.0457,8.64512,0 -63.04031,8.6036,0 -63.03986,8.60112,0 -63.03917,8.59873,0 -63.00126,8.54727,0 -62.83646,8.50626,0 -62.7699,8.48969,0 -62.72574,8.47871,0 -62.7258,8.47864,0 -62.72568,8.47868,0 -62.72528,8.48048,0 -62.7226,8.49265,0 -62.72098,8.5,0 -62.68243,8.67494,0 -62.68201,8.67687,0 -62.68288,8.67672,0 -62.68402,8.67677,0 -62.68538,8.67672,0 -62.68782,8.67634,0 -62.68935,8.67699,0 -62.69181,8.6786,0 -62.69508,8.67878,0 -62.697,8.67894,0 -62.6983,8.6801,0 -62.69924,8.68101,0 -62.69941,8.68108,0 -62.70041,8.68154,0 -62.70171,8.68229,0 -62.70204,8.68288,0 -62.70357,8.68298,0 -62.70442,8.683,0 -62.70459,8.68423,0 -62.70524,8.68491,0 -62.70605,8.68568,0 -62.7071,8.68533,0 -62.70785,8.68486,0 -62.70841,8.68551,0 -62.70953,8.68478,0 -62.71169,8.68431,0 -62.71338,8.68501,0 -62.71413,8.68599,0 -62.71665,8.68638,0 -62.71823,8.68543,0 -62.71944,8.68554,0 -62.72034,8.68627,0 -62.7212,8.68749,0 -62.72223,8.68732,0 -62.72407,8.68689,0 -62.72517,8.68744,0 -62.72687,8.6871,0 -62.72869,8.68692,0 -62.72911,8.68705,0 -62.72958,8.68772,0 -62.73085,8.68758,0 -62.73142,8.68749,0 -62.73287,8.68659,0 -62.73332,8.68648,0 -62.73441,8.68592,0 -62.73606,8.6854,0 -62.73754,8.68484,0 -62.73915,8.68462,0 -62.74058,8.684,0 -62.7426,8.68422,0 -62.74331,8.68465,0 -62.74376,8.6842,0 -62.74509,8.68354,0 -62.746,8.68234,0 -62.74718,8.68179,0 -62.74875,8.68132,0 -62.74961,8.68078,0 -62.75164,8.68069,0 -62.75327,8.68097,0 -62.75391,8.68058,0 -62.75426,8.68126,0 -62.75515,8.68157,0 -62.75587,8.68113,0 -62.7564,8.68042,0 -62.75775,8.68008,0 -62.75885,8.67862,0 -62.75979,8.67781,0 -62.76072,8.67736,0 -62.76102,8.67668,0 -62.76174,8.67641,0 -62.76217,8.6755,0 -62.76293,8.67483,0 -62.76366,8.67336,0 -62.76483,8.67254,0 -62.76549,8.671,0 -62.76643,8.67019,0 -62.76762,8.66985,0 -62.76918,8.66911,0 -62.7703,8.66813,0 -62.77093,8.66714,0 -62.77362,8.66659,0 -62.77494,8.66617,0 -62.77596,8.66504,0 -62.77745,8.66413,0 -62.77811,8.6637,0 -62.77916,8.66274,0 -62.64872,8.83018,0
          </coordinates></LinearRing></outerBoundaryIs>
        </Polygon>
      </Placemark>
      <Placemark>
        <name>Las Alhuacas (Libertador)</name>
        <description>Parroquia Las Alhuacas, Municipio Libertador. PCODE: VE160703</description>
        <styleUrl>#style-parroquia-las-alhuacas</styleUrl>
        <Polygon>
          <outerBoundaryIs><LinearRing><coordinates>
            -62.54978,9.04382,0 -62.5478,9.04438,0 -62.54617,9.04561,0 -62.54557,9.04564,0 -62.54428,9.04573,0 -62.54356,9.04564,0 -62.54174,9.04615,0 -62.54041,9.04662,0 -62.539,9.04715,0 -62.53753,9.0479,0 -62.53689,9.04882,0 -62.53581,9.04925,0 -62.53501,9.05011,0 -62.53463,9.05126,0 -62.53398,9.05288,0 -62.53206,9.05297,0 -62.53093,9.05273,0 -62.53007,9.05295,0 -62.52924,9.05332,0 -62.52773,9.05396,0 -62.52746,9.05543,0 -62.52657,9.05636,0 -62.52422,9.05708,0 -62.52268,9.0574,0 -62.52104,9.05753,0 -62.51903,9.05811,0 -62.51758,9.05815,0 -62.51659,9.05843,0 -62.51529,9.05868,0 -62.51423,9.05906,0 -62.51207,9.05991,0 -62.51104,9.06112,0 -62.51026,9.06303,0 -62.50923,9.06484,0 -62.50811,9.06568,0 -62.5066,9.06668,0 -62.50564,9.06773,0 -62.50429,9.06928,0 -62.50349,9.07051,0 -62.50258,9.07121,0 -62.50149,9.07159,0 -62.49924,9.07356,0 -62.49834,9.07498,0 -62.49599,9.0748,0 -62.495,9.07402,0 -62.49306,9.07341,0 -62.48999,9.07364,0 -62.4886,9.07404,0 -62.4863,9.07457,0 -62.48452,9.07577,0 -62.48241,9.07585,0 -62.47901,9.07569,0 -62.47558,9.07538,0 -62.47333,9.0754,0 -62.47049,9.07711,0 -62.46864,9.07826,0 -62.46698,9.07971,0 -62.46578,9.08055,0 -62.4644,9.07935,0 -62.46378,9.07847,0 -62.46238,9.07871,0 -62.46138,9.07909,0 -62.46096,9.0796,0 -62.46018,9.08038,0 -62.45965,9.0812,0 -62.45953,9.08329,0 -62.45945,9.08481,0 -62.45857,9.08525,0 -62.45682,9.08509,0 -62.45494,9.08593,0 -62.45329,9.08751,0 -62.44893,9.08846,0 -62.38325,9.34502,0 -62.38099,9.35383,0 -62.3771,9.36902,0 -62.37353,9.38298,0 -62.37259,9.38665,0 -62.37196,9.38911,0 -62.3719,9.38935,0 -62.37187,9.38945,0 -62.38285,9.38502,0 -62.38642,9.38354,0 -62.40516,9.37578,0 -62.41852,9.37025,0 -62.45924,9.35338,0 -62.45997,9.35193,0 -62.46091,9.3511,0 -62.46251,9.34952,0 -62.46411,9.34786,0 -62.46537,9.34701,0 -62.46684,9.3459,0 -62.46814,9.34439,0 -62.47029,9.34275,0 -62.47159,9.33979,0 -62.47425,9.3388,0 -62.47652,9.33789,0 -62.48035,9.33699,0 -62.48156,9.33621,0 -62.48284,9.33469,0 -62.48396,9.33296,0 -62.48631,9.33137,0 -62.4881,9.33011,0 -62.48979,9.32866,0 -62.4916,9.32783,0 -62.49481,9.32633,0 -62.49673,9.32462,0 -62.49764,9.32292,0 -62.49819,9.32138,0 -62.49913,9.32053,0 -62.49922,9.32028,0 -62.50083,9.31689,0 -62.50303,9.31627,0 -62.50468,9.31535,0 -62.50595,9.31465,0 -62.50651,9.31296,0 -62.50736,9.3108,0 -62.50769,9.30856,0 -62.50832,9.30693,0 -62.50745,9.3057,0 -62.50694,9.30396,0 -62.50632,9.30208,0 -62.50561,9.30012,0 -62.50508,9.2987,0 -62.50498,9.29741,0 -62.50484,9.2951,0 -62.50412,9.29297,0 -62.50403,9.29143,0 -62.50393,9.28996,0 -62.50478,9.28789,0 -62.50603,9.28558,0 -62.50519,9.28462,0 -62.5041,9.28424,0 -62.50286,9.28288,0 -62.50203,9.28161,0 -62.50131,9.2806,0 -62.50175,9.27883,0 -62.5029,9.27815,0 -62.5046,9.27733,0 -62.50742,9.27727,0 -62.50867,9.27698,0 -62.50917,9.27601,0 -62.50937,9.2755,0 -62.50935,9.27378,0 -62.50952,9.27206,0 -62.50946,9.27061,0 -62.51007,9.26941,0 -62.51007,9.2673,0 -62.50976,9.26629,0 -62.50941,9.26361,0 -62.511,9.26336,0 -62.51274,9.26387,0 -62.51471,9.26412,0 -62.51557,9.26668,0 -62.51685,9.26756,0 -62.51962,9.27132,0 -62.51965,9.27263,0 -62.52102,9.27245,0 -62.52219,9.27145,0 -62.52403,9.27048,0 -62.52586,9.27083,0 -62.52676,9.271,0 -62.52735,9.27169,0 -62.52775,9.27235,0 -62.52967,9.27255,0 -62.53166,9.27278,0 -62.53357,9.2737,0 -62.53595,9.27422,0 -62.53735,9.27483,0 -62.53826,9.27537,0 -62.53936,9.2745,0 -62.53981,9.27314,0 -62.54016,9.27139,0 -62.54058,9.27008,0 -62.54068,9.26811,0 -62.54007,9.26756,0 -62.53974,9.26676,0 -62.53942,9.265,0 -62.53915,9.26358,0 -62.53885,9.26206,0 -62.5399,9.25806,0 -62.54,9.25645,0 -62.54075,9.25545,0 -62.54129,9.25402,0 -62.54337,9.25393,0 -62.54522,9.25414,0 -62.54703,9.25432,0 -62.54791,9.25417,0 -62.54827,9.25343,0 -62.54861,9.25256,0 -62.54885,9.25157,0 -62.54941,9.25032,0 -62.54977,9.24866,0 -62.54986,9.2468,0 -62.55054,9.24505,0 -62.55172,9.24329,0 -62.55134,9.24208,0 -62.55085,9.23999,0 -62.54959,9.23911,0 -62.54871,9.2385,0 -62.54717,9.23767,0 -62.54615,9.23709,0 -62.54549,9.23622,0 -62.5453,9.23556,0 -62.54482,9.23423,0 -62.54476,9.23226,0 -62.54537,9.23085,0 -62.54626,9.22981,0 -62.54668,9.22872,0 -62.5472,9.22755,0 -62.5474,9.22607,0 -62.5471,9.22468,0 -62.5466,9.2231,0 -62.54661,9.22213,0 -62.54615,9.21982,0 -62.54546,9.21841,0 -62.54428,9.21808,0 -62.54292,9.21816,0 -62.54266,9.21757,0 -62.54186,9.21657,0 -62.54155,9.21588,0 -62.54101,9.21474,0 -62.54018,9.21291,0 -62.53925,9.21256,0 -62.54141,9.21177,0 -62.54275,9.2115,0 -62.5427,9.211,0 -62.54214,9.21009,0 -62.54168,9.20821,0 -62.54267,9.20806,0 -62.54349,9.20895,0 -62.54423,9.20921,0 -62.54508,9.2089,0 -62.54582,9.20828,0 -62.54616,9.20767,0 -62.54734,9.20778,0 -62.54802,9.2085,0 -62.54865,9.20909,0 -62.55004,9.20979,0 -62.55158,9.21069,0 -62.55367,9.21149,0 -62.55493,9.21225,0 -62.55626,9.21171,0 -62.55697,9.21055,0 -62.55676,9.20911,0 -62.55764,9.2088,0 -62.55842,9.21054,0 -62.55857,9.21182,0 -62.55986,9.21281,0 -62.56079,9.21374,0 -62.56153,9.21346,0 -62.56163,9.21249,0 -62.56167,9.21139,0 -62.56238,9.21125,0 -62.56398,9.2113,0 -62.56546,9.211,0 -62.56659,9.21064,0 -62.56716,9.20999,0 -62.56821,9.20934,0 -62.56876,9.2083,0 -62.56926,9.20731,0 -62.57016,9.20748,0 -62.57076,9.20736,0 -62.57096,9.2069,0 -62.57035,9.20621,0 -62.5697,9.20576,0 -62.5694,9.20531,0 -62.56915,9.20395,0 -62.56971,9.20269,0 -62.57039,9.20139,0 -62.57152,9.20034,0 -62.57311,9.19973,0 -62.57481,9.19959,0 -62.57603,9.20066,0 -62.57685,9.20159,0 -62.57814,9.2015,0 -62.57866,9.20191,0 -62.57924,9.20271,0 -62.57992,9.20355,0 -62.58034,9.20357,0 -62.58122,9.20356,0 -62.58207,9.20359,0 -62.58358,9.20376,0 -62.58492,9.20344,0 -62.58595,9.20277,0 -62.5874,9.20396,0 -62.5884,9.20466,0 -62.5892,9.20381,0 -62.58907,9.20241,0 -62.5889,9.20163,0 -62.5891,9.20112,0 -62.58916,9.20038,0 -62.59,9.19934,0 -62.59108,9.19843,0 -62.5914,9.19756,0 -62.59255,9.1975,0 -62.59337,9.19822,0 -62.59385,9.19812,0 -62.59417,9.19732,0 -62.59444,9.19662,0 -62.59491,9.19547,0 -62.59585,9.19449,0 -62.59666,9.19501,0 -62.59644,9.19563,0 -62.59615,9.1964,0 -62.59562,9.19688,0 -62.59563,9.19762,0 -62.59623,9.19791,0 -62.59704,9.19776,0 -62.59759,9.1973,0 -62.59856,9.1974,0 -62.59942,9.19787,0 -62.60005,9.19816,0 -62.60155,9.19817,0 -62.60283,9.19847,0 -62.60374,9.19915,0 -62.60465,9.19994,0 -62.60623,9.20082,0 -62.60784,9.20018,0 -62.60814,9.19956,0 -62.60831,9.19845,0 -62.60929,9.19709,0 -62.61109,9.19723,0 -62.61243,9.19721,0 -62.61268,9.19682,0 -62.61256,9.1962,0 -62.61228,9.19533,0 -62.6121,9.19402,0 -62.61255,9.19312,0 -62.61369,9.19391,0 -62.6146,9.19457,0 -62.61521,9.19497,0 -62.61569,9.19476,0 -62.61589,9.19411,0 -62.61628,9.1934,0 -62.61722,9.1932,0 -62.61838,9.19319,0 -62.61937,9.19292,0 -62.6202,9.19243,0 -62.62135,9.19203,0 -62.62207,9.19202,0 -62.62212,9.19184,0 -62.62215,9.19167,0 -62.54978,9.04382,0
          </coordinates></LinearRing></outerBoundaryIs>
        </Polygon>
      </Placemark>
      <Placemark>
        <name>Tabasca (Libertador)</name>
        <description>Parroquia Tabasca, Municipio Libertador. PCODE: VE160704</description>
        <styleUrl>#style-parroquia-tabasca</styleUrl>
        <Polygon>
          <outerBoundaryIs><LinearRing><coordinates>
            -62.52295,8.97372,0 -62.52152,8.97487,0 -62.52078,8.9762,0 -62.52034,8.97745,0 -62.51965,8.97818,0 -62.51777,8.97862,0 -62.51589,8.97955,0 -62.5139,8.97958,0 -62.51278,8.98049,0 -62.5113,8.9813,0 -62.51072,8.98299,0 -62.51014,8.98356,0 -62.50946,8.98445,0 -62.50796,8.9846,0 -62.5064,8.98493,0 -62.50593,8.98602,0 -62.50497,8.98585,0 -62.50368,8.98605,0 -62.5017,8.98669,0 -62.49994,8.98948,0 -62.49681,8.9918,0 -62.49222,8.99328,0 -62.48967,8.99496,0 -62.48811,8.99643,0 -62.47513,8.99285,0 -62.47061,8.99424,0 -62.46903,8.99548,0 -62.46805,8.99643,0 -62.46702,8.99737,0 -62.46494,8.99851,0 -62.46195,8.99823,0 -62.45944,8.99798,0 -62.45471,8.99708,0 -62.45073,8.99662,0 -62.4483,8.99676,0 -62.44717,8.99718,0 -62.44671,8.99813,0 -62.44663,8.99951,0 -62.44537,8.99955,0 -62.44372,8.9996,0 -62.44204,9.00111,0 -62.44139,9.00221,0 -62.44036,9.00424,0 -62.43857,9.00488,0 -62.43595,9.0047,0 -62.43471,9.00463,0 -62.43319,9.00361,0 -62.43319,9.00141,0 -62.43229,9.0004,0 -62.4298,8.99988,0 -62.42793,8.99958,0 -62.4273,8.99917,0 -62.42598,8.99792,0 -62.42405,8.99763,0 -62.42188,8.99792,0 -62.42074,8.99839,0 -62.41936,8.99973,0 -62.41794,8.99994,0 -62.41648,9.00039,0 -62.4151,9.00109,0 -62.41379,9.00189,0 -62.41322,9.00342,0 -62.41222,9.00473,0 -62.41049,9.00444,0 -62.40878,9.00419,0 -62.40764,9.00443,0 -62.40684,9.0053,0 -62.40601,9.00608,0 -62.40596,9.00833,0 -62.39703,9.01732,0 -62.38924,9.02622,0 -62.38889,9.0296,0 -62.38877,9.03114,0 -62.38879,9.03176,0 -62.38927,9.0328,0 -62.38849,9.03427,0 -62.38764,9.03434,0 -62.38658,9.03326,0 -62.38371,9.0324,0 -62.38222,9.03187,0 -62.37863,9.03313,0 -62.37619,9.03537,0 -62.37024,9.03554,0 -62.36709,9.03571,0 -62.36455,9.03753,0 -62.36325,9.03892,0 -62.36163,9.03931,0 -62.36085,9.0391,0 -62.35923,9.03855,0 -62.35779,9.0396,0 -62.35622,9.04012,0 -62.35319,9.03957,0 -62.35057,9.03851,0 -62.34864,9.03914,0 -62.34736,9.04003,0 -62.34632,9.04173,0 -62.34618,9.04226,0 -62.34556,9.04391,0 -62.34522,9.04514,0 -62.34568,9.04655,0 -62.34608,9.04801,0 -62.34758,9.04888,0 -62.34894,9.0499,0 -62.35138,9.05029,0 -62.35264,9.05084,0 -62.35382,9.05102,0 -62.35531,9.05187,0 -62.35635,9.05299,0 -62.35711,9.054,0 -62.35775,9.05568,0 -62.35728,9.0575,0 -62.35684,9.0599,0 -62.35627,9.06233,0 -62.35495,9.06457,0 -62.35264,9.06641,0 -62.34949,9.06771,0 -62.34805,9.06923,0 -62.34764,9.07183,0 -62.34726,9.07386,0 -62.34791,9.07523,0 -62.35088,9.0773,0 -62.35106,9.07955,0 -62.35063,9.08206,0 -62.34975,9.08465,0 -62.34826,9.08552,0 -62.34692,9.08494,0 -62.34459,9.08369,0 -62.34213,9.08206,0 -62.33988,9.08125,0 -62.33735,9.08168,0 -62.33598,9.08268,0 -62.33417,9.08439,0 -62.33242,9.08534,0 -62.33188,9.08683,0 -62.32795,9.09295,0 -62.3248,9.09676,0 -62.32462,9.09733,0 -62.32342,9.10111,0 -62.32278,9.10549,0 -62.32337,9.10775,0 -62.32412,9.11066,0 -62.32452,9.1118,0 -62.32503,9.11289,0 -62.32649,9.11399,0 -62.32821,9.11535,0 -62.32918,9.11768,0 -62.32869,9.11973,0 -62.3283,9.1214,0 -62.32734,9.12408,0 -62.32646,9.12695,0 -62.32551,9.12711,0 -62.32497,9.1272,0 -62.32067,9.12794,0 -62.32356,9.12983,0 -62.32665,9.13185,0 -62.32601,9.1408,0 -62.32639,9.14816,0 -62.3239,9.15837,0 -62.32264,9.1658,0 -62.32163,9.17267,0 -62.32187,9.1773,0 -62.31667,9.17754,0 -62.30934,9.17897,0 -62.30485,9.18245,0 -62.30196,9.19022,0 -62.30296,9.19891,0 -62.3058,9.20588,0 -62.30719,9.21155,0 -62.30608,9.21652,0 -62.30084,9.2214,0 -62.29886,9.22558,0 -62.3019,9.23117,0 -62.30933,9.23486,0 -62.31425,9.2418,0 -62.31988,9.24973,0 -62.32433,9.25608,0 -62.32628,9.26199,0 -62.32673,9.27071,0 -62.3256,9.28059,0 -62.32165,9.29435,0 -62.32811,9.29712,0 -62.3332,9.30535,0 -62.33624,9.31095,0 -62.33988,9.3176,0 -62.34098,9.3282,0 -62.33773,9.33435,0 -62.33062,9.34014,0 -62.32543,9.34584,0 -62.3231,9.35386,0 -62.32713,9.36269,0 -62.33267,9.36898,0 -62.34377,9.37644,0 -62.34901,9.38243,0 -62.3539,9.38476,0 -62.36077,9.3868,0 -62.36768,9.38785,0 -62.37079,9.38914,0 -62.37171,9.38952,0 -62.37187,9.38945,0 -62.3719,9.38935,0 -62.37196,9.38911,0 -62.37259,9.38665,0 -62.37353,9.38298,0 -62.3771,9.36902,0 -62.38099,9.35383,0 -62.38325,9.34502,0 -62.44893,9.08846,0 -62.45329,9.08751,0 -62.45494,9.08593,0 -62.45682,9.08509,0 -62.45857,9.08525,0 -62.45945,9.08481,0 -62.45953,9.08329,0 -62.45965,9.0812,0 -62.46018,9.08038,0 -62.46096,9.0796,0 -62.46138,9.07909,0 -62.46238,9.07871,0 -62.46378,9.07847,0 -62.4644,9.07935,0 -62.46578,9.08055,0 -62.46698,9.07971,0 -62.46864,9.07826,0 -62.47049,9.07711,0 -62.47333,9.0754,0 -62.47558,9.07538,0 -62.47901,9.07569,0 -62.48241,9.07585,0 -62.48452,9.07577,0 -62.4863,9.07457,0 -62.4886,9.07404,0 -62.48999,9.07364,0 -62.49306,9.07341,0 -62.495,9.07402,0 -62.49599,9.0748,0 -62.49834,9.07498,0 -62.49924,9.07356,0 -62.50149,9.07159,0 -62.50258,9.07121,0 -62.50349,9.07051,0 -62.50429,9.06928,0 -62.50564,9.06773,0 -62.5066,9.06668,0 -62.50811,9.06568,0 -62.50923,9.06484,0 -62.51026,9.06303,0 -62.51104,9.06112,0 -62.51207,9.05991,0 -62.51423,9.05906,0 -62.51529,9.05868,0 -62.51659,9.05843,0 -62.51758,9.05815,0 -62.51903,9.05811,0 -62.52104,9.05753,0 -62.52268,9.0574,0 -62.52422,9.05708,0 -62.52657,9.05636,0 -62.52746,9.05543,0 -62.52773,9.05396,0 -62.52924,9.05332,0 -62.53007,9.05295,0 -62.53093,9.05273,0 -62.53206,9.05297,0 -62.53398,9.05288,0 -62.53463,9.05126,0 -62.53501,9.05011,0 -62.53581,9.04925,0 -62.53689,9.04882,0 -62.53753,9.0479,0 -62.539,9.04715,0 -62.54041,9.04662,0 -62.54174,9.04615,0 -62.54356,9.04564,0 -62.54428,9.04573,0 -62.54557,9.04564,0 -62.54617,9.04561,0 -62.5478,9.04438,0 -62.54978,9.04382,0 -62.52295,8.97372,0
          </coordinates></LinearRing></outerBoundaryIs>
        </Polygon>
      </Placemark>
      <Placemark>
        <name>San Simón Sur (Maturín)</name>
        <description>Parroquia San Simón Sur, Municipio Maturín. PCODE: VE160801</description>
        <styleUrl>#style-parroquia-san-simon-sur</styleUrl>
        <Polygon>
          <outerBoundaryIs><LinearRing><coordinates>
            -62.29086,9.93403,0 -62.29807,9.93571,0 -62.31022,9.9371,0 -62.31386,9.93736,0 -62.32295,9.938,0 -62.33251,9.93868,0 -62.33911,9.93873,0 -62.3694,9.93897,0 -62.37198,9.92671,0 -62.38845,9.90269,0 -62.50009,9.81534,0 -62.50152,9.81524,0 -62.50335,9.81514,0 -62.506,9.81514,0 -62.5109,9.81494,0 -62.51406,9.81393,0 -62.51528,9.81343,0 -62.5163,9.81222,0 -62.51793,9.80991,0 -62.51875,9.80841,0 -62.51997,9.80429,0 -62.52191,9.79766,0 -62.52782,9.78791,0 -62.53261,9.78098,0 -62.53363,9.77907,0 -62.53373,9.77716,0 -62.53363,9.77515,0 -62.53291,9.77395,0 -62.53128,9.77244,0 -62.52823,9.77164,0 -62.52476,9.77053,0 -62.5215,9.77003,0 -62.52048,9.76932,0 -62.51987,9.76772,0 -62.51946,9.76641,0 -62.51946,9.7647,0 -62.51956,9.7634,0 -62.51966,9.76159,0 -62.52109,9.75938,0 -62.52445,9.75687,0 -62.5271,9.75516,0 -62.52996,9.75295,0 -62.53302,9.75174,0 -62.53628,9.75054,0 -62.53913,9.74893,0 -62.54392,9.74441,0 -62.54912,9.74089,0 -62.55075,9.74039,0 -62.55259,9.74029,0 -62.55432,9.74119,0 -62.55677,9.7435,0 -62.55819,9.74612,0 -62.55983,9.74853,0 -62.56166,9.75034,0 -62.56329,9.75194,0 -62.56451,9.75315,0 -62.56716,9.75385,0 -62.5692,9.75365,0 -62.57104,9.75235,0 -62.57236,9.75044,0 -62.5744,9.74803,0 -62.57817,9.74561,0 -62.58307,9.7429,0 -62.58561,9.74099,0 -62.58735,9.73918,0 -62.58837,9.73708,0 -62.58939,9.73497,0 -62.59,9.73195,0 -62.5899,9.72803,0 -62.58928,9.72512,0 -62.58888,9.72361,0 -62.58898,9.72241,0 -62.58959,9.7215,0 -62.5903,9.7211,0 -62.59234,9.7212,0 -62.59458,9.72211,0 -62.59907,9.72371,0 -62.60192,9.72502,0 -62.60743,9.72562,0 -62.61049,9.72562,0 -62.61497,9.72512,0 -62.61782,9.72442,0 -62.62241,9.72241,0 -62.62751,9.7211,0 -62.63148,9.7209,0 -62.63362,9.7214,0 -62.63536,9.7219,0 -62.63689,9.72261,0 -62.63842,9.72381,0 -62.64229,9.72844,0 -62.64494,9.73095,0 -62.64688,9.73265,0 -62.64718,9.73376,0 -62.64728,9.73557,0 -62.64718,9.73758,0 -62.64718,9.73929,0 -62.64728,9.7414,0 -62.6479,9.74371,0 -62.64881,9.74602,0 -62.65055,9.74893,0 -62.6532,9.75044,0 -62.65615,9.75074,0 -62.66013,9.75054,0 -62.66298,9.75014,0 -62.66512,9.74973,0 -62.66696,9.74823,0 -62.66798,9.74642,0 -62.669,9.74421,0 -62.67144,9.7414,0 -62.6746,9.74089,0 -62.67776,9.74069,0 -62.68245,9.74069,0 -62.68602,9.74029,0 -62.68785,9.73949,0 -62.68908,9.73778,0 -62.68989,9.73527,0 -62.68999,9.73165,0 -62.68969,9.72884,0 -62.68918,9.72572,0 -62.68897,9.72421,0 -62.68897,9.72231,0 -62.68948,9.7213,0 -62.6901,9.7205,0 -62.69183,9.7203,0 -62.69377,9.7207,0 -62.6956,9.7219,0 -62.69794,9.72381,0 -62.70121,9.72592,0 -62.70409,9.72723,0 -62.70541,9.72854,0 -62.70697,9.73113,0 -62.70752,9.73306,0 -62.70888,9.7335,0 -62.70988,9.73302,0 -62.71048,9.73236,0 -62.71078,9.73202,0 -62.71169,9.73068,0 -62.71311,9.72862,0 -62.71393,9.72695,0 -62.71574,9.72715,0 -62.71674,9.72614,0 -62.71736,9.72628,0 -62.71958,9.72732,0 -62.72159,9.72724,0 -62.72319,9.72672,0 -62.72486,9.72588,0 -62.72583,9.72703,0 -62.72508,9.72822,0 -62.72443,9.72931,0 -62.72359,9.73025,0 -62.72319,9.73103,0 -62.72353,9.73268,0 -62.72339,9.73391,0 -62.72296,9.73542,0 -62.72166,9.73791,0 -62.72098,9.73859,0 -62.72188,9.7391,0 -62.72359,9.73957,0 -62.72487,9.73948,0 -62.72612,9.73928,0 -62.7279,9.73972,0 -62.729,9.74048,0 -62.7302,9.74131,0 -62.73161,9.74253,0 -62.73394,9.74408,0 -62.73607,9.74493,0 -62.73801,9.74593,0 -62.73999,9.74605,0 -62.74097,9.74498,0 -62.74269,9.74469,0 -62.74484,9.74518,0 -62.74653,9.74459,0 -62.74804,9.74348,0 -62.74967,9.74515,0 -62.75002,9.74591,0 -62.75111,9.74562,0 -62.75282,9.74517,0 -62.75405,9.74478,0 -62.75546,9.74458,0 -62.75706,9.74349,0 -62.75873,9.74274,0 -62.76043,9.74161,0 -62.76231,9.74024,0 -62.7637,9.73892,0 -62.76417,9.73766,0 -62.76494,9.7368,0 -62.76618,9.73461,0 -62.76736,9.73381,0 -62.76861,9.7332,0 -62.77019,9.73211,0 -62.77149,9.73046,0 -62.77307,9.72916,0 -62.77384,9.72793,0 -62.77445,9.72649,0 -62.77626,9.72561,0 -62.77814,9.72534,0 -62.7802,9.72473,0 -62.78215,9.723,0 -62.78451,9.72361,0 -62.78725,9.72545,0 -62.78933,9.72702,0 -62.79057,9.72869,0 -62.79288,9.72914,0 -62.79429,9.72985,0 -62.79603,9.7294,0 -62.7973,9.72902,0 -62.79947,9.73068,0 -62.80047,9.73073,0 -62.80207,9.7303,0 -62.80316,9.73012,0 -62.80477,9.73038,0 -62.80623,9.73135,0 -62.80838,9.73213,0 -62.81046,9.73221,0 -62.81256,9.73346,0 -62.8145,9.73422,0 -62.81667,9.73501,0 -62.81815,9.73597,0 -62.82006,9.73704,0 -62.822,9.73904,0 -62.82468,9.74024,0 -62.82649,9.73988,0 -62.82812,9.73794,0 -62.82974,9.73639,0 -62.83193,9.7378,0 -62.83429,9.73913,0 -62.83725,9.74043,0 -62.83985,9.74229,0 -62.84091,9.74337,0 -62.84315,9.74473,0 -62.84405,9.74588,0 -62.84601,9.74733,0 -62.84777,9.74709,0 -62.84928,9.747,0 -62.85133,9.74815,0 -62.85237,9.74823,0 -62.85404,9.74748,0 -62.85488,9.74698,0 -62.85674,9.74525,0 -62.85857,9.74445,0 -62.85963,9.74384,0 -62.86117,9.74282,0 -62.8624,9.74163,0 -62.86332,9.74205,0 -62.86402,9.74191,0 -62.8649,9.74105,0 -62.86574,9.74039,0 -62.86731,9.73959,0 -62.86947,9.739,0 -62.87035,9.73903,0 -62.8722,9.73842,0 -62.87301,9.73767,0 -62.87367,9.73559,0 -62.87365,9.7347,0 -62.87393,9.7338,0 -62.87456,9.73319,0 -62.87498,9.73179,0 -62.87594,9.73079,0 -62.87657,9.72967,0 -62.87646,9.72837,0 -62.87632,9.72681,0 -62.87508,9.72607,0 -62.87475,9.7255,0 -62.87421,9.72396,0 -62.87387,9.72236,0 -62.87294,9.72146,0 -62.87225,9.72212,0 -62.87158,9.72052,0 -62.8715,9.71919,0 -62.87111,9.71745,0 -62.87116,9.71573,0 -62.8707,9.71507,0 -62.87068,9.71472,0 -62.87142,9.71422,0 -62.87212,9.71374,0 -62.87203,9.71349,0 -62.87094,9.71351,0 -62.87143,9.71287,0 -62.87236,9.71203,0 -62.8731,9.71128,0 -62.87466,9.70979,0 -62.87492,9.70909,0 -62.87453,9.70819,0 -62.87486,9.70792,0 -62.87561,9.70806,0 -62.87584,9.70861,0 -62.87638,9.70863,0 -62.87705,9.70751,0 -62.87851,9.70738,0 -62.87934,9.70718,0 -62.88168,9.70792,0 -62.88272,9.70825,0 -62.88385,9.70903,0 -62.8847,9.70899,0 -62.8856,9.70968,0 -62.88498,9.71036,0 -62.88592,9.71108,0 -62.88567,9.71172,0 -62.88589,9.71236,0 -62.88559,9.71313,0 -62.88596,9.71359,0 -62.88714,9.71321,0 -62.88767,9.71353,0 -62.88834,9.71392,0 -62.88829,9.7144,0 -62.88926,9.71468,0 -62.89019,9.71528,0 -62.89093,9.71506,0 -62.89199,9.71472,0 -62.89278,9.71433,0 -62.8933,9.71351,0 -62.89508,9.71379,0 -62.89587,9.71274,0 -62.89638,9.71187,0 -62.89687,9.71094,0 -62.89687,9.71,0 -62.89704,9.70911,0 -62.89764,9.70865,0 -62.89804,9.70778,0 -62.89839,9.70744,0 -62.89867,9.70639,0 -62.89906,9.70602,0 -62.89912,9.70458,0 -62.89947,9.7041,0 -62.90009,9.70413,0 -62.90051,9.70363,0 -62.90042,9.70218,0 -62.90116,9.7021,0 -62.90195,9.70123,0 -62.90284,9.69988,0 -62.90374,9.6994,0 -62.90502,9.69925,0 -62.90601,9.69951,0 -62.90675,9.69871,0 -62.90722,9.69871,0 -62.90786,9.6994,0 -62.90936,9.69989,0 -62.91013,9.69959,0 -62.91143,9.69866,0 -62.91201,9.69827,0 -62.91224,9.69758,0 -62.91271,9.69727,0 -62.91338,9.69789,0 -62.91384,9.69844,0 -62.91469,9.69858,0 -62.91583,9.69863,0 -62.91696,9.69845,0 -62.91824,9.69788,0 -62.91923,9.69791,0 -62.92025,9.69789,0 -62.9215,9.69677,0 -62.92224,9.69639,0 -62.92331,9.69552,0 -62.922,9.69478,0 -62.92068,9.69368,0 -62.9199,9.69278,0 -62.91988,9.69187,0 -62.92039,9.69098,0 -62.92121,9.68988,0 -62.92202,9.68874,0 -62.92274,9.68813,0 -62.92217,9.68712,0 -62.92148,9.68618,0 -62.92201,9.68531,0 -62.92202,9.68453,0 -62.922,9.68329,0 -62.92276,9.68275,0 -62.92341,9.68215,0 -62.92462,9.68156,0 -62.92539,9.68049,0 -62.92608,9.68036,0 -62.92645,9.67995,0 -62.9268,9.67983,0 -62.9268,9.68093,0 -62.92781,9.68075,0 -62.92884,9.68021,0 -62.92967,9.68005,0 -62.93067,9.67939,0 -62.93183,9.67871,0 -62.93261,9.67837,0 -62.9337,9.67798,0 -62.93484,9.67778,0 -62.93609,9.67801,0 -62.93659,9.67914,0 -62.93673,9.6801,0 -62.93587,9.68028,0 -62.93561,9.68087,0 -62.93681,9.68122,0 -62.93871,9.68231,0 -62.9397,9.6829,0 -62.94065,9.68284,0 -62.94179,9.68142,0 -62.94283,9.68129,0 -62.94286,9.68049,0 -62.94351,9.67976,0 -62.94492,9.67974,0 -62.94709,9.67991,0 -62.94795,9.68049,0 -62.94896,9.68125,0 -62.94931,9.68221,0 -62.94909,9.68344,0 -62.94913,9.68466,0 -62.94996,9.68549,0 -62.95021,9.68645,0 -62.95049,9.68649,0 -62.95206,9.68721,0 -62.9516,9.68769,0 -62.95125,9.68837,0 -62.95157,9.68867,0 -62.95217,9.68858,0 -62.9528,9.68923,0 -62.95191,9.68968,0 -62.95198,9.69053,0 -62.95272,9.69069,0 -62.95383,9.69072,0 -62.95499,9.6913,0 -62.95644,9.69229,0 -62.95732,9.69284,0 -62.95799,9.69284,0 -62.95824,9.69353,0 -62.95866,9.69321,0 -62.9597,9.69312,0 -62.96041,9.6937,0 -62.96028,9.69267,0 -62.95996,9.69184,0 -62.95941,9.68994,0 -62.95856,9.68959,0 -62.95757,9.68826,0 -62.95785,9.68728,0 -62.95748,9.68705,0 -62.95695,9.68686,0 -62.95762,9.68551,0 -62.95795,9.68476,0 -62.95837,9.68403,0 -62.95878,9.68456,0 -62.95955,9.68506,0 -62.96059,9.68523,0 -62.96172,9.68558,0 -62.96278,9.68524,0 -62.96494,9.68515,0 -62.96506,9.68412,0 -62.96548,9.68314,0 -62.96613,9.6825,0 -62.96692,9.68134,0 -62.96738,9.68068,0 -62.96706,9.67944,0 -62.96621,9.67825,0 -62.96626,9.6774,0 -62.96641,9.6763,0 -62.96756,9.67578,0 -62.96858,9.67583,0 -62.96983,9.67663,0 -62.97114,9.67772,0 -62.97193,9.67808,0 -62.97318,9.67809,0 -62.97404,9.67793,0 -62.97487,9.67759,0 -62.97508,9.6767,0 -62.97591,9.67716,0 -62.97635,9.6773,0 -62.97624,9.67643,0 -62.97619,9.6759,0 -62.97742,9.67588,0 -62.97849,9.67591,0 -62.97934,9.67649,0 -62.98006,9.67688,0 -62.98021,9.67757,0 -62.98063,9.67768,0 -62.982,9.6775,0 -62.98272,9.67737,0 -62.98348,9.67634,0 -62.98395,9.67538,0 -62.98384,9.67444,0 -62.98298,9.67433,0 -62.98333,9.67343,0 -62.98414,9.67293,0 -62.98357,9.67236,0 -62.98243,9.67229,0 -62.98265,9.67128,0 -62.98346,9.67062,0 -62.98498,9.67078,0 -62.98568,9.67076,0 -62.98584,9.67058,0 -62.98566,9.66985,0 -62.98596,9.6698,0 -62.98695,9.66995,0 -62.98711,9.67045,0 -62.98753,9.67109,0 -62.98795,9.67061,0 -62.98881,9.66977,0 -62.98911,9.66863,0 -62.98872,9.66721,0 -62.98898,9.66657,0 -62.98993,9.66613,0 -62.99113,9.66678,0 -62.99168,9.66795,0 -62.99316,9.66832,0 -62.99388,9.66784,0 -62.99526,9.66931,0 -62.99605,9.6703,0 -62.99715,9.67143,0 -62.99799,9.67115,0 -62.99808,9.67056,0 -62.99845,9.66978,0 -62.99857,9.6688,0 -62.99897,9.66839,0 -62.99881,9.66779,0 -62.99867,9.66738,0 -62.99775,9.66669,0 -62.99734,9.66605,0 -62.9972,9.66529,0 -62.99771,9.66474,0 -62.99841,9.66445,0 -62.99896,9.66436,0 -62.99933,9.6648,0 -63.00011,9.66528,0 -63.00104,9.66588,0 -63.00242,9.66556,0 -63.00523,9.66282,0 -63.00568,9.66237,0 -63.00672,9.66157,0 -63.00821,9.66236,0 -63.00914,9.662,0 -63.01081,9.66208,0 -63.01182,9.66135,0 -63.01291,9.6606,0 -63.01399,9.65966,0 -63.01465,9.65908,0 -63.0159,9.65826,0 -63.01725,9.65809,0 -63.01926,9.65935,0 -63.02073,9.65971,0 -63.02183,9.65943,0 -63.023,9.65962,0 -63.02361,9.65845,0 -63.0246,9.65764,0 -63.0263,9.65755,0 -63.02719,9.65679,0 -63.02661,9.6552,0 -63.0265,9.654,0 -63.02774,9.65314,0 -63.02886,9.65287,0 -63.03027,9.65327,0 -63.03099,9.65306,0 -63.03226,9.65242,0 -63.03344,9.65206,0 -63.03409,9.65125,0 -63.03473,9.65046,0 -63.03561,9.65055,0 -63.03635,9.64986,0 -63.0385,9.64991,0 -63.04004,9.64942,0 -63.04066,9.64861,0 -63.04188,9.64791,0 -63.04259,9.64822,0 -63.0436,9.64781,0 -63.04557,9.64765,0 -63.04624,9.64872,0 -63.04707,9.64874,0 -63.04761,9.64852,0 -63.0485,9.64822,0 -63.04875,9.64727,0 -63.04931,9.64721,0 -63.05014,9.64739,0 -63.05102,9.64838,0 -63.05298,9.64764,0 -63.05376,9.64931,0 -63.05429,9.65015,0 -63.05434,9.65093,0 -63.05474,9.65167,0 -63.0551,9.65239,0 -63.05572,9.65261,0 -63.05623,9.65242,0 -63.05642,9.6521,0 -63.05592,9.65177,0 -63.05525,9.65182,0 -63.05542,9.65141,0 -63.05649,9.65114,0 -63.05743,9.6505,0 -63.05856,9.65096,0 -63.05973,9.65126,0 -63.06068,9.6514,0 -63.06088,9.65278,0 -63.06195,9.65248,0 -63.06325,9.65258,0 -63.06495,9.65297,0 -63.06624,9.65247,0 -63.0673,9.65151,0 -63.06802,9.65061,0 -63.06932,9.64952,0 -63.07045,9.65058,0 -63.07163,9.64951,0 -63.0722,9.64901,0 -63.0732,9.64911,0 -63.07413,9.64881,0 -63.0747,9.64825,0 -63.07679,9.64899,0 -63.0776,9.64882,0 -63.0785,9.64829,0 -63.07969,9.64695,0 -63.08072,9.64729,0 -63.08214,9.64813,0 -63.08336,9.64937,0 -63.08471,9.65007,0 -63.08571,9.64984,0 -63.08726,9.64983,0 -63.08796,9.64971,0 -63.08858,9.64878,0 -63.08964,9.64917,0 -63.08931,9.65029,0 -63.08975,9.65057,0 -63.09132,9.64951,0 -63.09218,9.6494,0 -63.09317,9.64891,0 -63.09384,9.64975,0 -63.09468,9.65081,0 -63.09469,9.65126,0 -63.09501,9.65223,0 -63.09546,9.65417,0 -63.09595,9.65404,0 -63.09722,9.65487,0 -63.09851,9.65525,0 -63.09989,9.65464,0 -63.10071,9.65537,0 -63.10144,9.65571,0 -63.10178,9.65528,0 -63.10134,9.65435,0 -63.10167,9.65379,0 -63.10263,9.65363,0 -63.10378,9.65489,0 -63.10462,9.65539,0 -63.10487,9.65595,0 -63.10513,9.65659,0 -63.10601,9.65742,0 -63.10682,9.6575,0 -63.10806,9.6571,0 -63.10788,9.65774,0 -63.10731,9.65862,0 -63.10762,9.65906,0 -63.10859,9.6592,0 -63.10941,9.65887,0 -63.10997,9.65758,0 -63.11117,9.65687,0 -63.11214,9.656,0 -63.11246,9.65491,0 -63.11333,9.65353,0 -63.11423,9.65349,0 -63.11569,9.65283,0 -63.11669,9.65153,0 -63.11638,9.651,0 -63.11632,9.64953,0 -63.11653,9.6482,0 -63.11774,9.64812,0 -63.11868,9.64759,0 -63.12066,9.64816,0 -63.12312,9.64786,0 -63.12267,9.64633,0 -63.12365,9.64615,0 -63.12442,9.64697,0 -63.12533,9.64772,0 -63.12612,9.64756,0 -63.12675,9.64721,0 -63.12834,9.64642,0 -63.12959,9.64553,0 -63.13086,9.64579,0 -63.13191,9.64554,0 -63.13226,9.64635,0 -63.13293,9.64758,0 -63.13401,9.64795,0 -63.13508,9.64674,0 -63.13656,9.64487,0 -63.13792,9.6452,0 -63.13857,9.64517,0 -63.1395,9.64503,0 -63.15098,9.71252,0 -63.20317,9.69193,0 -63.24046,9.7023,0 -63.23141,9.64314,0 -63.23292,9.64304,0 -63.23403,9.64298,0 -63.23448,9.64276,0 -63.2343,9.64122,0 -63.23465,9.64036,0 -63.23438,9.64003,0 -63.23462,9.63937,0 -63.23542,9.63875,0 -63.23632,9.63824,0 -63.23738,9.6382,0 -63.23902,9.63872,0 -63.23815,9.63799,0 -63.23834,9.63703,0 -63.23931,9.63698,0 -63.23961,9.63578,0 -63.24113,9.63528,0 -63.24202,9.63613,0 -63.2432,9.63595,0 -63.244,9.63567,0 -63.24519,9.6351,0 -63.24482,9.63415,0 -63.24558,9.63339,0 -63.24762,9.63314,0 -63.24934,9.63295,0 -63.25035,9.63334,0 -63.25143,9.63362,0 -63.25326,9.63373,0 -63.26509,9.71251,0 -63.26826,9.71115,0 -63.2724,9.71033,0 -63.27497,9.70973,0 -63.28082,9.7081,0 -63.28307,9.7081,0 -63.28705,9.70751,0 -63.28964,9.70718,0 -63.29304,9.70616,0 -63.29716,9.70601,0 -63.30074,9.70552,0 -63.30387,9.70505,0 -63.30535,9.70459,0 -63.30768,9.70412,0 -63.31469,9.70235,0 -63.31698,9.7017,0 -63.32091,9.70045,0 -63.32202,9.70003,0 -63.32508,9.69945,0 -63.32843,9.69818,0 -63.33248,9.6977,0 -63.34034,9.69705,0 -63.32953,9.62971,0 -63.32938,9.62843,0 -63.33031,9.62804,0 -63.33114,9.62847,0 -63.33216,9.62742,0 -63.33332,9.62724,0 -63.33412,9.6265,0 -63.3353,9.62653,0 -63.33654,9.62628,0 -63.33827,9.62646,0 -63.33948,9.62639,0 -63.34018,9.62616,0 -63.34157,9.62495,0 -63.34251,9.62541,0 -63.3428,9.62479,0 -63.34467,9.62497,0 -63.34636,9.62604,0 -63.34762,9.62674,0 -63.34886,9.62713,0 -63.35003,9.62787,0 -63.35101,9.62862,0 -63.35125,9.62927,0 -63.35205,9.62966,0 -63.35316,9.62982,0 -63.35421,9.62916,0 -63.35539,9.6293,0 -63.35671,9.62951,0 -63.35771,9.63013,0 -63.35861,9.63058,0 -63.35981,9.63052,0 -63.36031,9.63094,0 -63.36139,9.63147,0 -63.36216,9.63225,0 -63.36195,9.63332,0 -63.36221,9.63399,0 -63.36363,9.63372,0 -63.36522,9.63319,0 -63.36523,9.63376,0 -63.36612,9.63424,0 -63.36708,9.63504,0 -63.36759,9.63583,0 -63.36853,9.63619,0 -63.36947,9.63672,0 -63.37014,9.63797,0 -63.37191,9.63726,0 -63.37394,9.63776,0 -63.37566,9.63752,0 -63.37644,9.6377,0 -63.37758,9.63853,0 -63.37745,9.63713,0 -63.37824,9.63722,0 -63.37941,9.63788,0 -63.38001,9.63884,0 -63.38056,9.64002,0 -63.38144,9.64098,0 -63.3823,9.64022,0 -63.38332,9.63884,0 -63.38455,9.6388,0 -63.38588,9.63929,0 -63.38727,9.64047,0 -63.38905,9.64051,0 -63.38978,9.64119,0 -63.39073,9.64197,0 -63.39246,9.64233,0 -63.39382,9.64272,0 -63.39536,9.64329,0 -63.39675,9.6432,0 -63.39808,9.64374,0 -63.39963,9.64412,0 -63.40154,9.64441,0 -63.40421,9.64427,0 -63.40419,9.64436,0 -63.40611,9.6444,0 -63.40757,9.64443,0 -63.40851,9.64487,0 -63.40964,9.64475,0 -63.41082,9.64405,0 -63.4115,9.6434,0 -63.41315,9.64346,0 -63.41455,9.64406,0 -63.41585,9.64496,0 -63.41676,9.64569,0 -63.4172,9.64637,0 -63.41809,9.6463,0 -63.41884,9.64592,0 -63.41934,9.64527,0 -63.42016,9.64472,0 -63.42148,9.64472,0 -63.42231,9.64497,0 -63.42281,9.64544,0 -63.42335,9.64614,0 -63.42387,9.64682,0 -63.42485,9.6464,0 -63.42526,9.64683,0 -63.42583,9.64787,0 -63.42752,9.64827,0 -63.42844,9.64836,0 -63.42876,9.64771,0 -63.4288,9.64681,0 -63.43008,9.64664,0 -63.43041,9.64614,0 -63.43158,9.64571,0 -63.43253,9.64596,0 -63.43333,9.64641,0 -63.43422,9.64691,0 -63.43525,9.64733,0 -63.43607,9.64819,0 -63.43697,9.64929,0 -63.43719,9.65055,0 -63.43787,9.65133,0 -63.43887,9.6521,0 -63.43879,9.6529,0 -63.43974,9.65297,0 -63.44076,9.65276,0 -63.44204,9.6525,0 -63.4424,9.65292,0 -63.44264,9.65375,0 -63.4431,9.65465,0 -63.44432,9.65498,0 -63.44592,9.65519,0 -63.44727,9.65502,0 -63.44871,9.65468,0 -63.45005,9.65384,0 -63.45123,9.65373,0 -63.45211,9.65389,0 -63.45169,9.6419,0 -63.45124,9.50238,0 -63.4514,9.49902,0 -63.45224,9.49748,0 -63.45386,9.49653,0 -63.45525,9.49642,0 -63.45773,9.49543,0 -63.46089,9.49488,0 -63.46318,9.49484,0 -63.46583,9.49458,0 -63.46759,9.49448,0 -63.46947,9.49436,0 -63.47079,9.49341,0 -63.47211,9.49209,0 -63.475,9.49105,0 -63.4775,9.49134,0 -63.48004,9.49171,0 -63.48311,9.49318,0 -63.48414,9.49547,0 -63.48634,9.49676,0 -63.48831,9.49857,0 -63.48927,9.49914,0 -63.49359,9.50166,0 -63.49563,9.50175,0 -63.49749,9.50136,0 -63.31521,9.18422,0 -63.36507,9.13573,0 -63.37517,9.00947,0 -63.3761,8.99784,0 -63.37639,8.99413,0 -63.37794,8.97476,0 -63.37837,8.96944,0 -63.37988,8.96735,0 -63.38058,8.96638,0 -63.38105,8.96567,0 -63.38056,8.96538,0 -63.37966,8.96555,0 -63.37929,8.96524,0 -63.3784,8.9645,0 -63.37803,8.96437,0 -63.37748,8.96316,0 -63.37709,8.96303,0 -63.37628,8.96281,0 -63.37537,8.96232,0 -63.37487,8.96136,0 -63.37488,8.96033,0 -63.37496,8.95948,0 -63.37435,8.95876,0 -63.37351,8.9579,0 -63.37285,8.9572,0 -63.37218,8.95684,0 -63.3713,8.95665,0 -63.37078,8.95567,0 -63.37016,8.95428,0 -63.36982,8.95316,0 -63.36978,8.95211,0 -63.36997,8.95105,0 -63.37019,8.95091,0 -63.37017,8.95068,0 -63.36919,8.9501,0 -63.36795,8.95023,0 -63.36721,8.95022,0 -63.36668,8.94977,0 -63.36587,8.9499,0 -63.36555,8.94984,0 -63.36563,8.94889,0 -63.36466,8.94777,0 -63.36464,8.94776,0 -63.36462,8.94758,0 -63.34194,8.76537,0 -63.34187,8.76536,0 -63.33906,8.76502,0 -63.33665,8.76737,0 -63.33082,8.77022,0 -63.32803,8.77492,0 -63.32602,8.77716,0 -63.32351,8.77921,0 -63.32159,8.78044,0 -63.31826,8.78259,0 -63.31592,8.78231,0 -63.31451,8.78334,0 -63.30748,8.78129,0 -63.30739,8.77749,0 -63.30301,8.77663,0 -63.29935,8.77646,0 -63.297,8.77467,0 -63.29602,8.76831,0 -63.29123,8.76634,0 -63.28827,8.76475,0 -63.28316,8.76188,0 -63.27786,8.75981,0 -63.26337,8.76134,0 -63.25008,8.76218,0 -63.24685,8.76474,0 -63.24209,8.76559,0 -63.23886,8.76785,0 -63.23522,8.7695,0 -63.23371,8.77032,0 -63.23037,8.77187,0 -63.22866,8.77218,0 -63.22283,8.7683,0 -63.21998,8.76782,0 -63.21761,8.76451,0 -63.21465,8.76212,0 -63.2118,8.76164,0 -63.20937,8.76237,0 -63.20734,8.76249,0 -63.20634,8.76442,0 -63.09946,8.76945,0 -63.00203,8.77429,0 -63.0033,8.75178,0 -63.00339,8.75178,0 -63.00309,8.75089,0 -63.00234,8.74647,0 -63.0023,8.74644,0 -63.00095,8.74627,0 -62.99905,8.74631,0 -62.99804,8.74592,0 -62.99652,8.74542,0 -62.99624,8.74534,0 -62.99505,8.745,0 -62.99327,8.74449,0 -62.99154,8.74403,0 -62.98904,8.74398,0 -62.98787,8.74368,0 -62.98643,8.74405,0 -62.98643,8.74405,0 -62.98582,8.74275,0 -62.98492,8.74221,0 -62.98262,8.743,0 -62.98176,8.74352,0 -62.98084,8.74195,0 -62.97975,8.74311,0 -62.9786,8.74322,0 -62.97756,8.74326,0 -62.97651,8.74355,0 -62.97523,8.74344,0 -62.9738,8.74342,0 -62.9729,8.74398,0 -62.97236,8.74389,0 -62.97147,8.74477,0 -62.97111,8.74444,0 -62.97034,8.74488,0 -62.96909,8.74488,0 -62.96813,8.74516,0 -62.96753,8.74626,0 -62.9667,8.7465,0 -62.96516,8.74674,0 -62.96421,8.74785,0 -62.96331,8.74848,0 -62.96308,8.74956,0 -62.96245,8.75014,0 -62.96179,8.75032,0 -62.96068,8.74979,0 -62.95936,8.7503,0 -62.95867,8.75099,0 -62.95941,8.75162,0 -62.95882,8.7524,0 -62.9577,8.75336,0 -62.95688,8.75485,0 -62.95614,8.75481,0 -62.95511,8.75501,0 -62.95417,8.75353,0 -62.95294,8.75397,0 -62.95264,8.75581,0 -62.95168,8.75557,0 -62.95159,8.75631,0 -62.95096,8.75789,0 -62.95036,8.75903,0 -62.94908,8.76045,0 -62.94919,8.76148,0 -62.94786,8.76258,0 -62.94656,8.76402,0 -62.94527,8.76474,0 -62.94467,8.76593,0 -62.94363,8.76773,0 -62.9423,8.76812,0 -62.94114,8.76871,0 -62.93995,8.76947,0 -62.93904,8.76991,0 -62.93819,8.77123,0 -62.93737,8.77206,0 -62.93744,8.77324,0 -62.9375,8.77423,0 -62.93492,8.77603,0 -62.93357,8.77704,0 -62.93341,8.77697,0 -62.9334,8.7771,0 -62.93265,8.77795,0 -62.93234,8.779,0 -62.9319,8.77954,0 -62.93089,8.78095,0 -62.92988,8.78154,0 -62.92904,8.78271,0 -62.92888,8.78379,0 -62.92781,8.78434,0 -62.92663,8.78539,0 -62.92607,8.78589,0 -62.924,8.78906,0 -62.92332,8.78888,0 -62.92238,8.78962,0 -62.92163,8.79063,0 -62.92083,8.79199,0 -62.91999,8.7925,0 -62.91882,8.7927,0 -62.91746,8.79392,0 -62.91711,8.79508,0 -62.91655,8.7962,0 -62.91608,8.7959,0 -62.91483,8.79654,0 -62.91426,8.79798,0 -62.91357,8.79862,0 -62.91364,8.79995,0 -62.91251,8.80054,0 -62.91224,8.80124,0 -62.91137,8.802,0 -62.91093,8.80332,0 -62.91147,8.80394,0 -62.91058,8.80436,0 -62.90992,8.80453,0 -62.90929,8.80501,0 -62.9087,8.80485,0 -62.90829,8.80429,0 -62.90673,8.80462,0 -62.90581,8.80594,0 -62.90533,8.80726,0 -62.90478,8.80748,0 -62.90432,8.80748,0 -62.90339,8.80738,0 -62.90239,8.80904,0 -62.90116,8.81016,0 -62.90107,8.81124,0 -62.90028,8.81129,0 -62.89928,8.81121,0 -62.89811,8.81192,0 -62.89704,8.81246,0 -62.89629,8.81203,0 -62.89516,8.8129,0 -62.89443,8.81306,0 -62.89449,8.81407,0 -62.89542,8.81419,0 -62.89493,8.81531,0 -62.89376,8.81613,0 -62.8924,8.81746,0 -62.89095,8.81816,0 -62.88973,8.81896,0 -62.88896,8.81942,0 -62.88835,8.82084,0 -62.88765,8.8219,0 -62.88747,8.8227,0 -62.88618,8.82282,0 -62.88458,8.8232,0 -62.88352,8.82399,0 -62.88248,8.82515,0 -62.88105,8.82642,0 -62.88078,8.82833,0 -62.88026,8.82874,0 -62.87893,8.82954,0 -62.87825,8.83053,0 -62.87812,8.83182,0 -62.8775,8.83253,0 -62.87669,8.83432,0 -62.87555,8.83528,0 -62.87494,8.83702,0 -62.87402,8.83833,0 -62.87338,8.83845,0 -62.8722,8.83902,0 -62.87143,8.84053,0 -62.87065,8.84145,0 -62.86995,8.84292,0 -62.8702,8.84527,0 -62.86926,8.84677,0 -62.86825,8.84795,0 -62.86673,8.84938,0 -62.86575,8.85033,0 -62.86502,8.85116,0 -62.86489,8.85195,0 -62.86378,8.85315,0 -62.86263,8.85343,0 -62.86154,8.85447,0 -62.8603,8.85646,0 -62.85943,8.8573,0 -62.85857,8.859,0 -62.85734,8.85959,0 -62.85653,8.8607,0 -62.85432,8.86282,0 -62.85322,8.86306,0 -62.85248,8.86302,0 -62.85149,8.86306,0 -62.85098,8.86365,0 -62.85071,8.86451,0 -62.84947,8.86538,0 -62.84858,8.86566,0 -62.84743,8.8665,0 -62.84701,8.8681,0 -62.84603,8.86894,0 -62.84113,8.87626,0 -62.83947,8.87756,0 -62.83874,8.87797,0 -62.83725,8.87874,0 -62.83651,8.88002,0 -62.83562,8.88152,0 -62.83519,8.88348,0 -62.83388,8.88555,0 -62.83251,8.88656,0 -62.83148,8.88733,0 -62.82998,8.88864,0 -62.82835,8.88902,0 -62.82577,8.88989,0 -62.82412,8.89044,0 -62.82317,8.89148,0 -62.82171,8.89258,0 -62.81986,8.89437,0 -62.81854,8.89671,0 -62.81816,8.89887,0 -62.81767,8.90118,0 -62.81722,8.90257,0 -62.81695,8.90455,0 -62.81549,8.90627,0 -62.81452,8.90761,0 -62.81307,8.90845,0 -62.81276,8.9093,0 -62.81214,8.91054,0 -62.81093,8.91168,0 -62.81007,8.9127,0 -62.8095,8.91467,0 -62.80835,8.91617,0 -62.80871,8.91992,0 -62.80744,8.92122,0 -62.80635,8.92186,0 -62.80633,8.9241,0 -62.80585,8.92613,0 -62.80573,8.92785,0 -62.80466,8.92814,0 -62.80469,8.92906,0 -62.80445,8.92985,0 -62.80536,8.93025,0 -62.80642,8.93058,0 -62.80587,8.9314,0 -62.80475,8.93235,0 -62.80401,8.93353,0 -62.80422,8.93471,0 -62.80405,8.93582,0 -62.80405,8.93742,0 -62.80278,8.93822,0 -62.80099,8.93902,0 -62.80057,8.94027,0 -62.8004,8.94188,0 -62.80059,8.94311,0 -62.80093,8.94422,0 -62.79982,8.94476,0 -62.79908,8.94531,0 -62.79931,8.94592,0 -62.79928,8.94634,0 -62.79871,8.94707,0 -62.79854,8.94808,0 -62.79895,8.9496,0 -62.79842,8.95033,0 -62.79727,8.95049,0 -62.79661,8.95088,0 -62.79632,8.95226,0 -62.79595,8.95346,0 -62.79586,8.95541,0 -62.79583,8.95697,0 -62.79616,8.95822,0 -62.7962,8.95934,0 -62.79591,8.96063,0 -62.79638,8.96222,0 -62.79648,8.96354,0 -62.79644,8.96554,0 -62.79641,8.96693,0 -62.79524,8.96798,0 -62.79466,8.96855,0 -62.79392,8.97028,0 -62.79365,8.97173,0 -62.7924,8.97173,0 -62.79245,8.97278,0 -62.79263,8.97392,0 -62.79235,8.9745,0 -62.79187,8.97511,0 -62.79128,8.97614,0 -62.79034,8.97755,0 -62.78952,8.97852,0 -62.78918,8.97926,0 -62.78917,8.98077,0 -62.78798,8.98233,0 -62.78767,8.98278,0 -62.78799,8.98446,0 -62.78782,8.98527,0 -62.78724,8.98641,0 -62.78649,8.98756,0 -62.7849,8.98876,0 -62.78442,8.98894,0 -62.78379,8.98871,0 -62.78344,8.98881,0 -62.78268,8.98948,0 -62.7823,8.99032,0 -62.78103,8.99114,0 -62.7808,8.99221,0 -62.7809,8.99236,0 -62.77965,8.99362,0 -62.77877,8.99487,0 -62.77792,8.99656,0 -62.77804,8.99716,0 -62.77871,8.99697,0 -62.77874,8.99731,0 -62.77839,8.99773,0 -62.77794,8.99819,0 -62.77755,8.99902,0 -62.77735,8.99965,0 -62.77701,9.00006,0 -62.77632,9.0001,0 -62.77575,9.00104,0 -62.77622,9.00138,0 -62.77693,9.00105,0 -62.77698,9.00144,0 -62.77634,9.0017,0 -62.77616,9.00233,0 -62.77687,9.00236,0 -62.77715,9.00392,0 -62.77668,9.00514,0 -62.7769,9.00649,0 -62.7757,9.00651,0 -62.7752,9.00723,0 -62.77518,9.00794,0 -62.77498,9.00884,0 -62.77531,9.00932,0 -62.77523,9.01037,0 -62.77473,9.01066,0 -62.77474,9.01203,0 -62.77452,9.01243,0 -62.77504,9.01368,0 -62.77535,9.01428,0 -62.77519,9.01462,0 -62.77457,9.01475,0 -62.77453,9.01603,0 -62.7744,9.01645,0 -62.77509,9.01644,0 -62.77551,9.01806,0 -62.77568,9.01965,0 -62.77512,9.02089,0 -62.77425,9.02139,0 -62.77375,9.02261,0 -62.77425,9.02318,0 -62.77514,9.02486,0 -62.77562,9.02582,0 -62.77549,9.02686,0 -62.77471,9.02753,0 -62.7756,9.02814,0 -62.77519,9.02909,0 -62.7745,9.02958,0 -62.77392,9.0314,0 -62.77341,9.03278,0 -62.77303,9.03389,0 -62.77304,9.03502,0 -62.77312,9.03596,0 -62.77363,9.03623,0 -62.77395,9.0376,0 -62.77384,9.0387,0 -62.77372,9.03958,0 -62.77345,9.0405,0 -62.77283,9.04058,0 -62.77223,9.04088,0 -62.77342,9.0422,0 -62.77426,9.04265,0 -62.77485,9.04354,0 -62.7761,9.04425,0 -62.77634,9.04501,0 -62.77634,9.04662,0 -62.77699,9.04709,0 -62.77709,9.04794,0 -62.77759,9.04883,0 -62.77763,9.05028,0 -62.77755,9.05129,0 -62.7774,9.05234,0 -62.77687,9.05265,0 -62.77658,9.05318,0 -62.77644,9.05383,0 -62.77608,9.05443,0 -62.77616,9.05523,0 -62.77596,9.05638,0 -62.77583,9.05707,0 -62.77584,9.05746,0 -62.7761,9.05815,0 -62.77648,9.05888,0 -62.77659,9.06044,0 -62.77704,9.06135,0 -62.77719,9.06213,0 -62.77729,9.06346,0 -62.77715,9.065,0 -62.7771,9.06652,0 -62.77727,9.06794,0 -62.77657,9.06864,0 -62.7764,9.0699,0 -62.77625,9.07112,0 -62.77693,9.07256,0 -62.77771,9.07386,0 -62.7786,9.07504,0 -62.77975,9.07617,0 -62.78039,9.07743,0 -62.78079,9.07859,0 -62.78163,9.07904,0 -62.78329,9.07872,0 -62.78418,9.07919,0 -62.78503,9.07921,0 -62.78603,9.07949,0 -62.78704,9.0806,0 -62.78767,9.08172,0 -62.78747,9.08255,0 -62.78792,9.08349,0 -62.78885,9.0838,0 -62.78942,9.08526,0 -62.79006,9.08642,0 -62.79069,9.08662,0 -62.79157,9.08672,0 -62.79119,9.08827,0 -62.79117,9.08875,0 -62.79197,9.08957,0 -62.7914,9.09017,0 -62.79124,9.09059,0 -62.79136,9.09118,0 -62.79103,9.09266,0 -62.79102,9.09344,0 -62.79186,9.09421,0 -62.79187,9.09517,0 -62.79183,9.09558,0 -62.79234,9.09599,0 -62.79284,9.09686,0 -62.79315,9.09779,0 -62.79316,9.09883,0 -62.79275,9.09934,0 -62.79274,9.10053,0 -62.7937,9.10128,0 -62.79483,9.10129,0 -62.79574,9.10162,0 -62.79634,9.102,0 -62.79733,9.10321,0 -62.79715,9.10422,0 -62.79645,9.10561,0 -62.79655,9.10632,0 -62.79618,9.10763,0 -62.79658,9.10893,0 -62.79659,9.10978,0 -62.7972,9.11056,0 -62.79772,9.11131,0 -62.79829,9.11252,0 -62.79877,9.11373,0 -62.79991,9.11495,0 -62.80059,9.11593,0 -62.80091,9.11719,0 -62.80187,9.11791,0 -62.80302,9.11958,0 -62.80278,9.12075,0 -62.8027,9.12208,0 -62.80241,9.12305,0 -62.80249,9.12436,0 -62.8026,9.12523,0 -62.80249,9.12603,0 -62.80238,9.12675,0 -62.80322,9.12674,0 -62.80375,9.12719,0 -62.80377,9.12841,0 -62.80437,9.12854,0 -62.80498,9.12981,0 -62.80623,9.12952,0 -62.80656,9.13041,0 -62.80597,9.13132,0 -62.80534,9.13245,0 -62.80478,9.13381,0 -62.80465,9.13473,0 -62.80609,9.13559,0 -62.80668,9.13634,0 -62.80616,9.1377,0 -62.80573,9.13869,0 -62.80547,9.14019,0 -62.80468,9.14121,0 -62.80315,9.14162,0 -62.80193,9.14212,0 -62.80091,9.14332,0 -62.80039,9.14441,0 -62.79855,9.14494,0 -62.79816,9.14581,0 -62.79861,9.14682,0 -62.79874,9.14769,0 -62.79865,9.14833,0 -62.7974,9.14771,0 -62.79663,9.14689,0 -62.79545,9.14718,0 -62.79474,9.14795,0 -62.79415,9.14924,0 -62.79355,9.15076,0 -62.79286,9.15171,0 -62.79212,9.15324,0 -62.79146,9.15421,0 -62.79091,9.15502,0 -62.79029,9.15737,0 -62.7901,9.15841,0 -62.79095,9.15835,0 -62.79165,9.15699,0 -62.79234,9.15645,0 -62.79313,9.15694,0 -62.79353,9.15744,0 -62.79398,9.15808,0 -62.79394,9.15889,0 -62.79349,9.16011,0 -62.79269,9.1609,0 -62.79225,9.16265,0 -62.79214,9.16277,0 -62.79184,9.16325,0 -62.7923,9.16343,0 -62.79299,9.16446,0 -62.79285,9.16494,0 -62.79258,9.16552,0 -62.79122,9.16583,0 -62.79041,9.16786,0 -62.79119,9.16909,0 -62.79185,9.17023,0 -62.7926,9.17105,0 -62.79346,9.17155,0 -62.79417,9.17266,0 -62.79476,9.17355,0 -62.7947,9.17502,0 -62.79447,9.17672,0 -62.79453,9.17814,0 -62.79374,9.17995,0 -62.79424,9.18122,0 -62.79497,9.18179,0 -62.79577,9.183,0 -62.79606,9.18412,0 -62.7963,9.18554,0 -62.79649,9.18744,0 -62.79674,9.18893,0 -62.79682,9.18983,0 -62.79653,9.19151,0 -62.79616,9.19309,0 -62.79571,9.19425,0 -62.79514,9.1952,0 -62.79427,9.19606,0 -62.79394,9.19691,0 -62.79323,9.19821,0 -62.79253,9.19948,0 -62.7916,9.20087,0 -62.79002,9.20263,0 -62.78923,9.20386,0 -62.78825,9.20491,0 -62.78761,9.20588,0 -62.78711,9.20683,0 -62.78608,9.20746,0 -62.7854,9.20662,0 -62.78484,9.20644,0 -62.78316,9.2069,0 -62.78188,9.20816,0 -62.78089,9.20872,0 -62.77997,9.20926,0 -62.77975,9.21011,0 -62.77956,9.21161,0 -62.77965,9.21326,0 -62.77994,9.21463,0 -62.78046,9.21589,0 -62.78053,9.21814,0 -62.77884,9.21963,0 -62.77733,9.21898,0 -62.77534,9.2188,0 -62.77361,9.2196,0 -62.77298,9.22092,0 -62.77293,9.22221,0 -62.77162,9.22319,0 -62.77159,9.22436,0 -62.77137,9.22526,0 -62.77098,9.22629,0 -62.77053,9.22687,0 -62.76924,9.22749,0 -62.76838,9.22904,0 -62.76856,9.23066,0 -62.76833,9.23246,0 -62.76825,9.23377,0 -62.76752,9.23456,0 -62.76628,9.23554,0 -62.76481,9.23641,0 -62.76305,9.23675,0 -62.76065,9.23708,0 -62.75895,9.23777,0 -62.7576,9.23875,0 -62.75647,9.2395,0 -62.75523,9.23992,0 -62.75458,9.24023,0 -62.75338,9.2405,0 -62.75265,9.2409,0 -62.7518,9.24125,0 -62.75046,9.2421,0 -62.75004,9.24302,0 -62.74958,9.24383,0 -62.74849,9.24508,0 -62.74645,9.24522,0 -62.74486,9.24536,0 -62.74408,9.24629,0 -62.74251,9.24665,0 -62.74117,9.24697,0 -62.74007,9.24703,0 -62.73886,9.24654,0 -62.73747,9.24676,0 -62.73644,9.24765,0 -62.73516,9.24863,0 -62.73407,9.24855,0 -62.73329,9.24729,0 -62.73189,9.24616,0 -62.73128,9.24528,0 -62.73048,9.24444,0 -62.72985,9.24353,0 -62.73058,9.24244,0 -62.73043,9.24125,0 -62.72979,9.23978,0 -62.72924,9.23894,0 -62.72815,9.23808,0 -62.72668,9.23757,0 -62.72566,9.23678,0 -62.72565,9.23598,0 -62.72467,9.23525,0 -62.72319,9.23525,0 -62.72177,9.23626,0 -62.72015,9.23646,0 -62.71942,9.23557,0 -62.71865,9.23499,0 -62.7174,9.23489,0 -62.71633,9.23639,0 -62.71487,9.2376,0 -62.71377,9.23854,0 -62.71246,9.23929,0 -62.71155,9.24054,0 -62.71074,9.24119,0 -62.7102,9.24191,0 -62.70941,9.24231,0 -62.70845,9.24257,0 -62.70757,9.24279,0 -62.70624,9.2421,0 -62.70515,9.24131,0 -62.70491,9.24035,0 -62.7044,9.24014,0 -62.70363,9.24192,0 -62.70276,9.24324,0 -62.70173,9.2442,0 -62.70035,9.2443,0 -62.69917,9.24446,0 -62.69809,9.24298,0 -62.69796,9.24199,0 -62.69655,9.24155,0 -62.69658,9.24256,0 -62.69491,9.24387,0 -62.69473,9.24474,0 -62.69217,9.24549,0 -62.69078,9.24525,0 -62.6891,9.2455,0 -62.68878,9.2464,0 -62.68793,9.24689,0 -62.68709,9.24557,0 -62.6876,9.24393,0 -62.68766,9.24079,0 -62.68673,9.24075,0 -62.68535,9.24157,0 -62.68411,9.24221,0 -62.68332,9.24174,0 -62.68319,9.24015,0 -62.68294,9.23823,0 -62.68194,9.23801,0 -62.68091,9.23869,0 -62.67984,9.23859,0 -62.67899,9.23885,0 -62.67836,9.23863,0 -62.6787,9.23773,0 -62.67905,9.23644,0 -62.67833,9.23578,0 -62.67764,9.23643,0 -62.67699,9.23768,0 -62.67559,9.23873,0 -62.67469,9.23966,0 -62.6739,9.23878,0 -62.67393,9.2371,0 -62.67449,9.23611,0 -62.67367,9.23501,0 -62.67223,9.23469,0 -62.67113,9.23541,0 -62.67122,9.23667,0 -62.66998,9.23781,0 -62.66857,9.23781,0 -62.66685,9.23712,0 -62.66527,9.23608,0 -62.66357,9.23567,0 -62.66243,9.23529,0 -62.66236,9.23451,0 -62.66309,9.23432,0 -62.66499,9.23457,0 -62.66615,9.23419,0 -62.66632,9.23308,0 -62.66572,9.23157,0 -62.66464,9.23003,0 -62.66414,9.22886,0 -62.66332,9.22782,0 -62.66318,9.2274,0 -62.66366,9.22673,0 -62.66328,9.22598,0 -62.66258,9.225,0 -62.66288,9.22357,0 -62.66308,9.2224,0 -62.66309,9.22141,0 -62.66301,9.22079,0 -62.66285,9.22047,0 -62.66111,9.22024,0 -62.6608,9.21956,0 -62.66141,9.2182,0 -62.66186,9.21688,0 -62.66171,9.21578,0 -62.66018,9.21546,0 -62.659,9.21565,0 -62.65705,9.21634,0 -62.65568,9.21673,0 -62.65413,9.21606,0 -62.65276,9.21552,0 -62.65155,9.2148,0 -62.65119,9.21389,0 -62.65024,9.21383,0 -62.64997,9.21469,0 -62.64956,9.21499,0 -62.64856,9.21413,0 -62.64797,9.21317,0 -62.64937,9.21258,0 -62.64943,9.21175,0 -62.64802,9.21159,0 -62.64633,9.21179,0 -62.64513,9.21162,0 -62.64383,9.21095,0 -62.64333,9.21022,0 -62.64359,9.20872,0 -62.64349,9.20728,0 -62.64225,9.20621,0 -62.64038,9.20644,0 -62.63876,9.20674,0 -62.63756,9.20675,0 -62.63649,9.20601,0 -62.63548,9.20483,0 -62.63329,9.20309,0 -62.63191,9.20152,0 -62.62991,9.20072,0 -62.62854,9.20066,0 -62.6278,9.20037,0 -62.62629,9.19936,0 -62.62361,9.19964,0 -62.6227,9.19871,0 -62.62345,9.19788,0 -62.62418,9.197,0 -62.62412,9.1961,0 -62.62363,9.19514,0 -62.62199,9.1956,0 -62.62111,9.1954,0 -62.62086,9.19401,0 -62.62201,9.19319,0 -62.62207,9.19202,0 -62.62135,9.19203,0 -62.6202,9.19243,0 -62.61937,9.19292,0 -62.61838,9.19319,0 -62.61722,9.1932,0 -62.61628,9.1934,0 -62.61589,9.19411,0 -62.61569,9.19476,0 -62.61521,9.19497,0 -62.6146,9.19457,0 -62.61369,9.19391,0 -62.61255,9.19312,0 -62.6121,9.19402,0 -62.61228,9.19533,0 -62.61256,9.1962,0 -62.61268,9.19682,0 -62.61243,9.19721,0 -62.61109,9.19723,0 -62.60929,9.19709,0 -62.60831,9.19845,0 -62.60814,9.19956,0 -62.60784,9.20018,0 -62.60623,9.20082,0 -62.60465,9.19994,0 -62.60374,9.19915,0 -62.60283,9.19847,0 -62.60155,9.19817,0 -62.60005,9.19816,0 -62.59942,9.19787,0 -62.59856,9.1974,0 -62.59759,9.1973,0 -62.59704,9.19776,0 -62.59623,9.19791,0 -62.59563,9.19762,0 -62.59562,9.19688,0 -62.59615,9.1964,0 -62.59644,9.19563,0 -62.59666,9.19501,0 -62.59585,9.19449,0 -62.59491,9.19547,0 -62.59444,9.19662,0 -62.59417,9.19732,0 -62.59385,9.19812,0 -62.59337,9.19822,0 -62.59255,9.1975,0 -62.5914,9.19756,0 -62.59108,9.19843,0 -62.59,9.19934,0 -62.58916,9.20038,0 -62.5891,9.20112,0 -62.5889,9.20163,0 -62.58907,9.20241,0 -62.5892,9.20381,0 -62.5884,9.20466,0 -62.5874,9.20396,0 -62.58595,9.20277,0 -62.58492,9.20344,0 -62.58358,9.20376,0 -62.58207,9.20359,0 -62.58122,9.20356,0 -62.58034,9.20357,0 -62.57992,9.20355,0 -62.57924,9.20271,0 -62.57866,9.20191,0 -62.57814,9.2015,0 -62.57685,9.20159,0 -62.57603,9.20066,0 -62.57481,9.19959,0 -62.57311,9.19973,0 -62.57152,9.20034,0 -62.57039,9.20139,0 -62.56971,9.20269,0 -62.56915,9.20395,0 -62.5694,9.20531,0 -62.5697,9.20576,0 -62.57035,9.20621,0 -62.57096,9.2069,0 -62.57076,9.20736,0 -62.57016,9.20748,0 -62.56926,9.20731,0 -62.56876,9.2083,0 -62.56821,9.20934,0 -62.56716,9.20999,0 -62.56659,9.21064,0 -62.56546,9.211,0 -62.56398,9.2113,0 -62.56238,9.21125,0 -62.56167,9.21139,0 -62.56163,9.21249,0 -62.56153,9.21346,0 -62.56079,9.21374,0 -62.55986,9.21281,0 -62.55857,9.21182,0 -62.55842,9.21054,0 -62.55764,9.2088,0 -62.55676,9.20911,0 -62.55697,9.21055,0 -62.55626,9.21171,0 -62.55493,9.21225,0 -62.55367,9.21149,0 -62.55158,9.21069,0 -62.55004,9.20979,0 -62.54865,9.20909,0 -62.54802,9.2085,0 -62.54734,9.20778,0 -62.54616,9.20767,0 -62.54582,9.20828,0 -62.54508,9.2089,0 -62.54423,9.20921,0 -62.54349,9.20895,0 -62.54267,9.20806,0 -62.54168,9.20821,0 -62.54214,9.21009,0 -62.5427,9.211,0 -62.54275,9.2115,0 -62.54141,9.21177,0 -62.53925,9.21256,0 -62.54018,9.21291,0 -62.54101,9.21474,0 -62.54155,9.21588,0 -62.54186,9.21657,0 -62.54266,9.21757,0 -62.54292,9.21816,0 -62.54428,9.21808,0 -62.54546,9.21841,0 -62.54615,9.21982,0 -62.54661,9.22213,0 -62.5466,9.2231,0 -62.5471,9.22468,0 -62.5474,9.22607,0 -62.5472,9.22755,0 -62.54668,9.22872,0 -62.54626,9.22981,0 -62.54537,9.23085,0 -62.54476,9.23226,0 -62.54482,9.23423,0 -62.5453,9.23556,0 -62.54549,9.23622,0 -62.54615,9.23709,0 -62.54717,9.23767,0 -62.54871,9.2385,0 -62.54959,9.23911,0 -62.55085,9.23999,0 -62.55134,9.24208,0 -62.55172,9.24329,0 -62.55054,9.24505,0 -62.54986,9.2468,0 -62.54977,9.24866,0 -62.54941,9.25032,0 -62.54885,9.25157,0 -62.54861,9.25256,0 -62.54827,9.25343,0 -62.54791,9.25417,0 -62.54703,9.25432,0 -62.54522,9.25414,0 -62.54337,9.25393,0 -62.54129,9.25402,0 -62.54075,9.25545,0 -62.54,9.25645,0 -62.5399,9.25806,0 -62.53885,9.26206,0 -62.53915,9.26358,0 -62.53942,9.265,0 -62.53974,9.26676,0 -62.54007,9.26756,0 -62.54068,9.26811,0 -62.54058,9.27008,0 -62.54016,9.27139,0 -62.53981,9.27314,0 -62.53936,9.2745,0 -62.53826,9.27537,0 -62.53735,9.27483,0 -62.53595,9.27422,0 -62.53357,9.2737,0 -62.53166,9.27278,0 -62.52967,9.27255,0 -62.52775,9.27235,0 -62.52735,9.27169,0 -62.52676,9.271,0 -62.52586,9.27083,0 -62.52403,9.27048,0 -62.52219,9.27145,0 -62.52102,9.27245,0 -62.51965,9.27263,0 -62.51962,9.27132,0 -62.51685,9.26756,0 -62.51557,9.26668,0 -62.51471,9.26412,0 -62.51274,9.26387,0 -62.511,9.26336,0 -62.50941,9.26361,0 -62.50976,9.26629,0 -62.51007,9.2673,0 -62.51007,9.26941,0 -62.50946,9.27061,0 -62.50952,9.27206,0 -62.50935,9.27378,0 -62.50937,9.2755,0 -62.50917,9.27601,0 -62.50867,9.27698,0 -62.50742,9.27727,0 -62.5046,9.27733,0 -62.5029,9.27815,0 -62.50175,9.27883,0 -62.50131,9.2806,0 -62.50203,9.28161,0 -62.50286,9.28288,0 -62.5041,9.28424,0 -62.50519,9.28462,0 -62.50603,9.28558,0 -62.50478,9.28789,0 -62.50393,9.28996,0 -62.50403,9.29143,0 -62.50412,9.29297,0 -62.50484,9.2951,0 -62.50498,9.29741,0 -62.50508,9.2987,0 -62.50561,9.30012,0 -62.50632,9.30208,0 -62.50694,9.30396,0 -62.50745,9.3057,0 -62.50832,9.30693,0 -62.50769,9.30856,0 -62.50736,9.3108,0 -62.50651,9.31296,0 -62.50595,9.31465,0 -62.50468,9.31535,0 -62.50303,9.31627,0 -62.50083,9.31689,0 -62.49922,9.32028,0 -62.49913,9.32053,0 -62.49819,9.32138,0 -62.49764,9.32292,0 -62.49673,9.32462,0 -62.49481,9.32633,0 -62.4916,9.32783,0 -62.48979,9.32866,0 -62.4881,9.33011,0 -62.48631,9.33137,0 -62.48396,9.33296,0 -62.48284,9.33469,0 -62.48156,9.33621,0 -62.48035,9.33699,0 -62.47652,9.33789,0 -62.47425,9.3388,0 -62.47159,9.33979,0 -62.47029,9.34275,0 -62.46814,9.34439,0 -62.46684,9.3459,0 -62.46537,9.34701,0 -62.46411,9.34786,0 -62.46251,9.34952,0 -62.46091,9.3511,0 -62.45997,9.35193,0 -62.45924,9.35338,0 -62.41852,9.37025,0 -62.40516,9.37578,0 -62.38642,9.38354,0 -62.38285,9.38502,0 -62.37187,9.38945,0 -62.37171,9.38952,0 -62.37301,9.39006,0 -62.37348,9.3903,0 -62.37752,9.39231,0 -62.38367,9.39448,0 -62.39405,9.39892,0 -62.4015,9.40308,0 -62.40893,9.40808,0 -62.41073,9.41372,0 -62.40842,9.4272,0 -62.40118,9.45155,0 -62.39901,9.46257,0 -62.40181,9.47418,0 -62.39958,9.47424,0 -62.39803,9.47427,0 -62.3982,9.47584,0 -62.39832,9.47686,0 -62.40037,9.47834,0 -62.40285,9.47934,0 -62.40619,9.4802,0 -62.41915,9.4816,0 -62.4284,9.48117,0 -62.43627,9.48439,0 -62.4423,9.49171,0 -62.44417,9.5004,0 -62.44326,9.51136,0 -62.4419,9.52826,0 -62.43962,9.5447,0 -62.43408,9.552,0 -62.43138,9.55565,0 -62.41197,9.58191,0 -62.41312,9.58248,0 -62.41388,9.58342,0 -62.41445,9.58418,0 -62.41446,9.58568,0 -62.41408,9.5885,0 -62.41085,9.59207,0 -62.40667,9.59638,0 -62.39336,9.61083,0 -62.38956,9.61533,0 -62.38691,9.62304,0 -62.37948,9.62283,0 -62.37815,9.62226,0 -62.37586,9.62169,0 -62.37396,9.62188,0 -62.37091,9.62375,0 -62.36578,9.63126,0 -62.36122,9.6352,0 -62.35893,9.63651,0 -62.35513,9.63819,0 -62.35342,9.64026,0 -62.35057,9.64664,0 -62.35058,9.65247,0 -62.35192,9.65624,0 -62.35307,9.65982,0 -62.35404,9.66715,0 -62.35348,9.67185,0 -62.35291,9.67392,0 -62.35367,9.67561,0 -62.35922,9.6875,0 -62.36021,9.68881,0 -62.36022,9.69109,0 -62.35989,9.69272,0 -62.3589,9.69402,0 -62.35627,9.69728,0 -62.35165,9.70085,0 -62.34835,9.70084,0 -62.34208,9.70343,0 -62.34109,9.70278,0 -62.33911,9.70277,0 -62.3368,9.70472,0 -62.33318,9.70895,0 -62.32955,9.71286,0 -62.32593,9.71611,0 -62.32494,9.71839,0 -62.32495,9.72067,0 -62.31899,9.71283,0 -62.318,9.71511,0 -62.31603,9.71967,0 -62.31439,9.72358,0 -62.31176,9.72878,0 -62.30615,9.73366,0 -62.30253,9.73887,0 -62.30087,9.73593,0 -62.30021,9.73397,0 -62.29531,9.73883,0 -62.29627,9.74025,0 -62.29628,9.74167,0 -62.29628,9.74403,0 -62.29629,9.74946,0 -62.29415,9.7582,0 -62.29537,9.76978,0 -62.29562,9.77687,0 -62.30019,9.78587,0 -62.31002,9.79605,0 -62.31577,9.80103,0 -62.31937,9.806,0 -62.32033,9.80955,0 -62.32058,9.81309,0 -62.31987,9.81687,0 -62.31868,9.81947,0 -62.31319,9.82607,0 -62.31032,9.82984,0 -62.31009,9.8341,0 -62.31034,9.83953,0 -62.31037,9.85678,0 -62.30849,9.87237,0 -62.30612,9.88654,0 -62.30257,9.90828,0 -62.29995,9.91559,0 -62.29638,9.92409,0 -62.2928,9.93046,0 -62.29256,9.93141,0 -62.29137,9.93353,0 -62.29086,9.93403,0
          </coordinates></LinearRing></outerBoundaryIs>
        </Polygon>
      </Placemark>
      <Placemark>
        <name>Alto de los Godos (Maturín)</name>
        <description>Parroquia Alto de los Godos, Municipio Maturín. PCODE: VE160802</description>
        <styleUrl>#style-parroquia-alto-de-los-godos</styleUrl>
        <Polygon>
          <outerBoundaryIs><LinearRing><coordinates>
            -63.23527,9.73333,0 -63.24111,9.71949,0 -63.24072,9.70919,0 -63.24046,9.7023,0 -63.20317,9.69193,0 -63.15098,9.71252,0 -63.15097,9.7145,0 -63.15094,9.71726,0 -63.15092,9.71918,0 -63.1509,9.72147,0 -63.15087,9.72308,0 -63.15086,9.724,0 -63.15091,9.72436,0 -63.15098,9.72475,0 -63.15107,9.72515,0 -63.15117,9.7254,0 -63.15128,9.72567,0 -63.15144,9.72597,0 -63.15165,9.72625,0 -63.15187,9.72648,0 -63.15217,9.72672,0 -63.15257,9.72697,0 -63.15323,9.72733,0 -63.15416,9.72784,0 -63.15517,9.72838,0 -63.15623,9.72894,0 -63.1566,9.72914,0 -63.15691,9.72921,0 -63.15707,9.72926,0 -63.15738,9.72937,0 -63.15771,9.7295,0 -63.15805,9.72966,0 -63.15823,9.72974,0 -63.15858,9.72992,0 -63.15891,9.7301,0 -63.15921,9.7303,0 -63.15944,9.73044,0 -63.1598,9.73068,0 -63.16001,9.73081,0 -63.16014,9.73088,0 -63.16034,9.73097,0 -63.16078,9.73118,0 -63.16111,9.73137,0 -63.1613,9.73149,0 -63.16156,9.73168,0 -63.16183,9.73192,0 -63.16208,9.73216,0 -63.16229,9.7324,0 -63.16251,9.73266,0 -63.16262,9.7328,0 -63.16271,9.73295,0 -63.16281,9.73316,0 -63.1629,9.73335,0 -63.16297,9.73355,0 -63.16307,9.73381,0 -63.16316,9.73407,0 -63.16322,9.73428,0 -63.16333,9.73467,0 -63.16349,9.73533,0 -63.16374,9.7363,0 -63.16391,9.73698,0 -63.16411,9.7378,0 -63.16417,9.738,0 -63.16429,9.73844,0 -63.16743,9.73782,0 -63.16761,9.73774,0 -63.1678,9.73765,0 -63.16811,9.73752,0 -63.16859,9.73731,0 -63.16901,9.73705,0 -63.16936,9.73683,0 -63.16971,9.73658,0 -63.17014,9.7362,0 -63.17056,9.73586,0 -63.17064,9.73577,0 -63.17075,9.73564,0 -63.17094,9.73543,0 -63.17125,9.73503,0 -63.17145,9.73477,0 -63.17177,9.73436,0 -63.17193,9.73417,0 -63.17223,9.73385,0 -63.17257,9.73352,0 -63.17279,9.73332,0 -63.17304,9.73311,0 -63.17328,9.73296,0 -63.17356,9.73279,0 -63.17384,9.73264,0 -63.17408,9.73253,0 -63.17429,9.73245,0 -63.17458,9.73237,0 -63.17493,9.7323,0 -63.17529,9.73223,0 -63.17539,9.73221,0 -63.17558,9.73216,0 -63.17588,9.73208,0 -63.17603,9.73203,0 -63.1762,9.73197,0 -63.17654,9.73187,0 -63.17672,9.73181,0 -63.17722,9.73168,0 -63.17786,9.73151,0 -63.1785,9.73136,0 -63.17945,9.73114,0 -63.17987,9.73104,0 -63.18024,9.73097,0 -63.18074,9.73088,0 -63.1811,9.73081,0 -63.1815,9.73069,0 -63.1818,9.7306,0 -63.1822,9.73044,0 -63.18258,9.73028,0 -63.18313,9.73,0 -63.18372,9.72972,0 -63.18403,9.7296,0 -63.18428,9.72951,0 -63.18459,9.72942,0 -63.18504,9.72928,0 -63.18543,9.72917,0 -63.1858,9.72908,0 -63.18593,9.72906,0 -63.18611,9.72905,0 -63.18644,9.72904,0 -63.1869,9.72903,0 -63.18733,9.72905,0 -63.1877,9.72908,0 -63.18814,9.72914,0 -63.18841,9.72919,0 -63.18872,9.72929,0 -63.18925,9.72949,0 -63.18986,9.72972,0 -63.19027,9.72987,0 -63.191,9.73016,0 -63.19146,9.73033,0 -63.19168,9.73041,0 -63.1919,9.73049,0 -63.19241,9.73069,0 -63.1928,9.73085,0 -63.19322,9.73102,0 -63.19391,9.73132,0 -63.19432,9.73153,0 -63.19467,9.73173,0 -63.1951,9.73198,0 -63.19552,9.73224,0 -63.19587,9.73247,0 -63.19602,9.73256,0 -63.19641,9.73285,0 -63.19681,9.73317,0 -63.19704,9.7334,0 -63.19742,9.73383,0 -63.19769,9.73414,0 -63.19807,9.73461,0 -63.19845,9.73507,0 -63.19883,9.73558,0 -63.19925,9.73614,0 -63.19953,9.73653,0 -63.19978,9.7369,0 -63.20003,9.73722,0 -63.20017,9.73739,0 -63.20034,9.73758,0 -63.20048,9.73771,0 -63.20083,9.73805,0 -63.20115,9.73832,0 -63.20143,9.73855,0 -63.20172,9.73877,0 -63.20187,9.73887,0 -63.20207,9.739,0 -63.20218,9.73906,0 -63.20245,9.7392,0 -63.20261,9.73928,0 -63.2027,9.73936,0 -63.20295,9.73938,0 -63.20313,9.73943,0 -63.20343,9.73952,0 -63.20372,9.73962,0 -63.2039,9.73967,0 -63.20406,9.7397,0 -63.20433,9.73972,0 -63.20464,9.73973,0 -63.20501,9.73971,0 -63.20544,9.73963,0 -63.20603,9.73947,0 -63.20731,9.7391,0 -63.2077,9.73896,0 -63.20957,9.73836,0 -63.21332,9.7372,0 -63.21456,9.73682,0 -63.21514,9.73665,0 -63.21529,9.7366,0 -63.21567,9.7365,0 -63.21606,9.7364,0 -63.21683,9.73623,0 -63.21736,9.73613,0 -63.21836,9.73596,0 -63.21875,9.7359,0 -63.21999,9.73569,0 -63.22119,9.73548,0 -63.22192,9.73534,0 -63.222,9.73532,0 -63.22251,9.73523,0 -63.2234,9.73506,0 -63.22349,9.73504,0 -63.22448,9.73487,0 -63.22623,9.73453,0 -63.22723,9.73435,0 -63.22878,9.73406,0 -63.22962,9.73393,0 -63.23039,9.73384,0 -63.23177,9.73368,0 -63.23256,9.73362,0 -63.23325,9.73356,0 -63.23497,9.73337,0 -63.23527,9.73333,0
          </coordinates></LinearRing></outerBoundaryIs>
        </Polygon>
      </Placemark>
      <Placemark>
        <name>Boquerón (Maturín)</name>
        <description>Parroquia Boquerón, Municipio Maturín. PCODE: VE160803</description>
        <styleUrl>#style-parroquia-boqueron</styleUrl>
        <Polygon>
          <outerBoundaryIs><LinearRing><coordinates>
            -63.18454,9.75614,0 -63.18444,9.75618,0 -63.18424,9.7563,0 -63.18412,9.75636,0 -63.18392,9.75645,0 -63.1837,9.75658,0 -63.18341,9.75673,0 -63.18322,9.75682,0 -63.18308,9.75691,0 -63.18302,9.75699,0 -63.1829,9.75722,0 -63.18279,9.75748,0 -63.1827,9.7577,0 -63.18262,9.75784,0 -63.18253,9.75792,0 -63.18246,9.75796,0 -63.18235,9.75799,0 -63.18229,9.758,0 -63.18223,9.75797,0 -63.18219,9.75793,0 -63.18219,9.75788,0 -63.1822,9.75783,0 -63.18228,9.75758,0 -63.18231,9.75739,0 -63.18233,9.75716,0 -63.18229,9.75692,0 -63.18221,9.75662,0 -63.18214,9.75636,0 -63.1821,9.75623,0 -63.18203,9.75616,0 -63.18197,9.75613,0 -63.18187,9.75611,0 -63.18181,9.75612,0 -63.18173,9.75613,0 -63.18165,9.75619,0 -63.1815,9.75632,0 -63.18136,9.75647,0 -63.18122,9.75663,0 -63.18113,9.75673,0 -63.18103,9.75684,0 -63.18091,9.75694,0 -63.18087,9.757,0 -63.18082,9.75718,0 -63.18082,9.75728,0 -63.18083,9.75739,0 -63.18086,9.75753,0 -63.1809,9.75763,0 -63.1809,9.75772,0 -63.18087,9.75778,0 -63.18081,9.75781,0 -63.18076,9.75782,0 -63.18066,9.75784,0 -63.18057,9.75783,0 -63.18046,9.75781,0 -63.18029,9.75772,0 -63.18017,9.75761,0 -63.18008,9.75751,0 -63.18003,9.75741,0 -63.18001,9.75731,0 -63.18001,9.75724,0 -63.18004,9.75714,0 -63.18008,9.75706,0 -63.18015,9.75701,0 -63.18027,9.7569,0 -63.18045,9.75677,0 -63.18059,9.75665,0 -63.18068,9.75655,0 -63.18074,9.75643,0 -63.18075,9.75633,0 -63.18076,9.75625,0 -63.1807,9.75611,0 -63.18062,9.75598,0 -63.18052,9.7559,0 -63.18037,9.75585,0 -63.18015,9.75579,0 -63.17993,9.75572,0 -63.17981,9.75567,0 -63.17957,9.75564,0 -63.17945,9.75564,0 -63.17929,9.75567,0 -63.17925,9.7557,0 -63.17917,9.75573,0 -63.17903,9.75583,0 -63.17894,9.75594,0 -63.17879,9.75613,0 -63.1787,9.75626,0 -63.17866,9.75634,0 -63.17858,9.75653,0 -63.17851,9.75672,0 -63.17845,9.75687,0 -63.17838,9.75697,0 -63.1783,9.75704,0 -63.17817,9.75711,0 -63.17799,9.75716,0 -63.17779,9.7572,0 -63.17755,9.75725,0 -63.17727,9.75731,0 -63.17707,9.75733,0 -63.17678,9.75734,0 -63.17654,9.75734,0 -63.17635,9.75733,0 -63.17618,9.75735,0 -63.17605,9.75739,0 -63.17581,9.75753,0 -63.17564,9.75768,0 -63.17556,9.75775,0 -63.17546,9.75781,0 -63.17536,9.75786,0 -63.17527,9.75788,0 -63.17518,9.75789,0 -63.17509,9.75787,0 -63.17495,9.75783,0 -63.17486,9.7578,0 -63.17473,9.75768,0 -63.17465,9.75757,0 -63.17459,9.75747,0 -63.17455,9.75734,0 -63.17449,9.75714,0 -63.17444,9.75705,0 -63.17438,9.757,0 -63.17431,9.75697,0 -63.17426,9.75695,0 -63.17421,9.75695,0 -63.17416,9.75697,0 -63.17404,9.75708,0 -63.1739,9.75724,0 -63.17381,9.75739,0 -63.17373,9.75756,0 -63.17366,9.75777,0 -63.17361,9.75799,0 -63.17358,9.75811,0 -63.17353,9.75823,0 -63.17348,9.75832,0 -63.17341,9.75841,0 -63.17334,9.75848,0 -63.17325,9.75853,0 -63.17316,9.75856,0 -63.17308,9.75857,0 -63.17298,9.75854,0 -63.17292,9.75851,0 -63.17284,9.75845,0 -63.17277,9.75838,0 -63.17266,9.75826,0 -63.17256,9.75817,0 -63.17247,9.75811,0 -63.17239,9.75808,0 -63.17234,9.75807,0 -63.17221,9.75807,0 -63.1721,9.7581,0 -63.17196,9.75818,0 -63.17177,9.75829,0 -63.1716,9.75843,0 -63.17149,9.75854,0 -63.17139,9.75859,0 -63.17125,9.75864,0 -63.17113,9.75874,0 -63.17106,9.75881,0 -63.17098,9.75892,0 -63.17084,9.75912,0 -63.17075,9.75923,0 -63.17065,9.75931,0 -63.17053,9.75937,0 -63.17044,9.75943,0 -63.17029,9.75947,0 -63.17007,9.75952,0 -63.16974,9.75956,0 -63.16934,9.75959,0 -63.16919,9.75963,0 -63.16909,9.75966,0 -63.16901,9.75969,0 -63.16884,9.7598,0 -63.16861,9.75997,0 -63.16853,9.76002,0 -63.16842,9.76004,0 -63.16832,9.76006,0 -63.16823,9.76006,0 -63.16815,9.76003,0 -63.16807,9.75999,0 -63.16803,9.75994,0 -63.16797,9.75984,0 -63.1679,9.75968,0 -63.16782,9.75955,0 -63.16774,9.75947,0 -63.16766,9.75941,0 -63.16755,9.75936,0 -63.16746,9.75934,0 -63.16741,9.75934,0 -63.16731,9.75937,0 -63.16722,9.75943,0 -63.16714,9.75953,0 -63.16707,9.7597,0 -63.16705,9.75987,0 -63.16703,9.76009,0 -63.16701,9.76024,0 -63.16695,9.76038,0 -63.16686,9.76047,0 -63.16676,9.76053,0 -63.16667,9.76057,0 -63.16661,9.76057,0 -63.16643,9.76058,0 -63.16621,9.76056,0 -63.16611,9.76057,0 -63.16602,9.76058,0 -63.16591,9.76063,0 -63.16581,9.76073,0 -63.16571,9.76086,0 -63.1656,9.76099,0 -63.16554,9.76107,0 -63.16549,9.76122,0 -63.16544,9.7614,0 -63.16541,9.76152,0 -63.16538,9.76158,0 -63.1653,9.76168,0 -63.16522,9.76178,0 -63.16518,9.76186,0 -63.16518,9.76199,0 -63.16517,9.76214,0 -63.16515,9.76225,0 -63.1651,9.76232,0 -63.16504,9.76239,0 -63.16492,9.76247,0 -63.16481,9.76253,0 -63.16464,9.76259,0 -63.16444,9.76266,0 -63.16434,9.76272,0 -63.16427,9.76282,0 -63.16421,9.76296,0 -63.1642,9.76309,0 -63.16419,9.7633,0 -63.1642,9.76348,0 -63.16419,9.76359,0 -63.16416,9.76367,0 -63.1641,9.76373,0 -63.16404,9.76375,0 -63.16397,9.76374,0 -63.16386,9.7637,0 -63.1637,9.76362,0 -63.16355,9.76357,0 -63.16341,9.76354,0 -63.1633,9.76352,0 -63.16315,9.76352,0 -63.16296,9.76357,0 -63.16284,9.76361,0 -63.16266,9.76373,0 -63.16252,9.76381,0 -63.16246,9.76388,0 -63.16235,9.76403,0 -63.16227,9.76421,0 -63.16219,9.76439,0 -63.16211,9.76458,0 -63.16204,9.76471,0 -63.16198,9.76476,0 -63.16188,9.7648,0 -63.16176,9.76482,0 -63.16167,9.76482,0 -63.16155,9.7648,0 -63.16145,9.76476,0 -63.16133,9.76468,0 -63.16123,9.76455,0 -63.16115,9.76437,0 -63.16112,9.76427,0 -63.16111,9.76417,0 -63.16112,9.76407,0 -63.16118,9.76392,0 -63.16123,9.7637,0 -63.16128,9.76345,0 -63.16133,9.76331,0 -63.16137,9.76315,0 -63.16137,9.76305,0 -63.16135,9.76292,0 -63.16128,9.76279,0 -63.16119,9.7627,0 -63.16106,9.76262,0 -63.16091,9.76257,0 -63.16076,9.76255,0 -63.16051,9.76255,0 -63.16035,9.76259,0 -63.16023,9.76264,0 -63.16006,9.76273,0 -63.15991,9.76278,0 -63.15973,9.76279,0 -63.15962,9.76278,0 -63.15948,9.76275,0 -63.1593,9.76269,0 -63.15919,9.76268,0 -63.15909,9.76269,0 -63.15896,9.76272,0 -63.15882,9.76278,0 -63.15864,9.76292,0 -63.15846,9.76306,0 -63.15831,9.76318,0 -63.1582,9.76332,0 -63.15808,9.7635,0 -63.158,9.76367,0 -63.15794,9.76391,0 -63.15793,9.7641,0 -63.15796,9.76436,0 -63.15799,9.76464,0 -63.15801,9.76495,0 -63.15801,9.76505,0 -63.15799,9.76514,0 -63.15794,9.76521,0 -63.15788,9.76526,0 -63.15782,9.76528,0 -63.15776,9.76528,0 -63.15768,9.76524,0 -63.15761,9.7652,0 -63.1575,9.7651,0 -63.15731,9.76489,0 -63.15703,9.7646,0 -63.15682,9.76436,0 -63.15669,9.7642,0 -63.1566,9.76411,0 -63.1565,9.76407,0 -63.15639,9.76405,0 -63.15627,9.76406,0 -63.15609,9.7641,0 -63.1558,9.76419,0 -63.15556,9.76428,0 -63.15526,9.76437,0 -63.15495,9.76446,0 -63.15468,9.76454,0 -63.15439,9.76466,0 -63.15414,9.76479,0 -63.15389,9.76494,0 -63.15356,9.76513,0 -63.15324,9.76534,0 -63.15304,9.76543,0 -63.15282,9.76549,0 -63.15263,9.76554,0 -63.15248,9.76556,0 -63.15236,9.76557,0 -63.15225,9.76556,0 -63.15206,9.76553,0 -63.15192,9.76554,0 -63.1518,9.76556,0 -63.15175,9.76558,0 -63.15168,9.76561,0 -63.15157,9.76571,0 -63.15144,9.76588,0 -63.15141,9.76603,0 -63.15135,9.76621,0 -63.15132,9.7664,0 -63.15125,9.76669,0 -63.15119,9.76684,0 -63.15111,9.7672,0 -63.15099,9.76753,0 -63.15074,9.76818,0 -63.15055,9.76857,0 -63.15043,9.76899,0 -63.15035,9.76931,0 -63.15035,9.7694,0 -63.15034,9.76957,0 -63.15036,9.76973,0 -63.15039,9.76988,0 -63.15046,9.77001,0 -63.15057,9.77009,0 -63.15078,9.77016,0 -63.151,9.77021,0 -63.15115,9.7703,0 -63.15129,9.77054,0 -63.15147,9.77072,0 -63.15159,9.7708,0 -63.15181,9.77089,0 -63.15205,9.77099,0 -63.15223,9.77111,0 -63.15234,9.7712,0 -63.1524,9.77131,0 -63.15246,9.77151,0 -63.15249,9.77172,0 -63.1525,9.77187,0 -63.15251,9.77201,0 -63.15262,9.77234,0 -63.15282,9.7727,0 -63.15288,9.77294,0 -63.15286,9.77308,0 -63.15283,9.77314,0 -63.15279,9.77314,0 -63.15275,9.7731,0 -63.15267,9.77304,0 -63.15248,9.77297,0 -63.15219,9.77289,0 -63.15175,9.77275,0 -63.15139,9.77267,0 -63.15122,9.77264,0 -63.15113,9.7726,0 -63.15109,9.77251,0 -63.15106,9.77239,0 -63.15104,9.77223,0 -63.15107,9.77203,0 -63.15118,9.77189,0 -63.15127,9.77186,0 -63.1515,9.77185,0 -63.15173,9.77185,0 -63.15192,9.77185,0 -63.15207,9.77177,0 -63.15216,9.77169,0 -63.1522,9.77159,0 -63.15221,9.77152,0 -63.15221,9.77138,0 -63.15213,9.77124,0 -63.15203,9.77114,0 -63.15186,9.77106,0 -63.15169,9.77102,0 -63.15152,9.77102,0 -63.15137,9.77105,0 -63.15126,9.77109,0 -63.15113,9.77118,0 -63.15093,9.7714,0 -63.15078,9.7716,0 -63.15055,9.77181,0 -63.15031,9.77194,0 -63.15018,9.77204,0 -63.1501,9.77209,0 -63.15004,9.77217,0 -63.15,9.77225,0 -63.15,9.77232,0 -63.15002,9.77239,0 -63.15004,9.77247,0 -63.15019,9.77257,0 -63.15044,9.77272,0 -63.15067,9.77285,0 -63.15073,9.77291,0 -63.15074,9.77299,0 -63.1507,9.77307,0 -63.15065,9.77315,0 -63.15052,9.77323,0 -63.1503,9.7733,0 -63.15016,9.77336,0 -63.15003,9.77345,0 -63.14993,9.77351,0 -63.14983,9.77353,0 -63.14978,9.77353,0 -63.14962,9.77347,0 -63.14939,9.77327,0 -63.14919,9.77311,0 -63.14902,9.77298,0 -63.14883,9.77292,0 -63.14866,9.77292,0 -63.14852,9.77295,0 -63.14838,9.77305,0 -63.14817,9.7732,0 -63.1481,9.77325,0 -63.148,9.7733,0 -63.14785,9.77339,0 -63.14769,9.77348,0 -63.14762,9.77357,0 -63.14753,9.77369,0 -63.14749,9.77384,0 -63.1475,9.774,0 -63.14754,9.77412,0 -63.14757,9.7742,0 -63.14767,9.7743,0 -63.14782,9.77438,0 -63.14816,9.77458,0 -63.14834,9.77471,0 -63.14847,9.77489,0 -63.1486,9.77507,0 -63.1486,9.77518,0 -63.14859,9.77523,0 -63.14855,9.77536,0 -63.14847,9.77544,0 -63.14832,9.77549,0 -63.14807,9.77556,0 -63.1475,9.77556,0 -63.14738,9.77555,0 -63.14729,9.77552,0 -63.14721,9.77548,0 -63.14712,9.77541,0 -63.14701,9.77528,0 -63.14691,9.77513,0 -63.14683,9.77504,0 -63.14676,9.77499,0 -63.14671,9.77495,0 -63.1466,9.77492,0 -63.14651,9.77493,0 -63.14642,9.77497,0 -63.14636,9.77502,0 -63.14631,9.7751,0 -63.14627,9.77521,0 -63.14624,9.77536,0 -63.14622,9.77555,0 -63.14618,9.77578,0 -63.14614,9.77592,0 -63.14609,9.77605,0 -63.14603,9.77626,0 -63.14601,9.7765,0 -63.14603,9.77667,0 -63.14606,9.77678,0 -63.14612,9.77688,0 -63.14625,9.77701,0 -63.14646,9.77717,0 -63.14653,9.77721,0 -63.14662,9.77733,0 -63.14665,9.77746,0 -63.14662,9.77755,0 -63.14658,9.77765,0 -63.14648,9.77774,0 -63.1464,9.77781,0 -63.14628,9.77786,0 -63.14608,9.7779,0 -63.14586,9.77793,0 -63.14566,9.77793,0 -63.14543,9.77794,0 -63.14519,9.77797,0 -63.14501,9.77801,0 -63.14486,9.77806,0 -63.14467,9.77818,0 -63.14452,9.77834,0 -63.14442,9.77848,0 -63.14437,9.77861,0 -63.14434,9.77875,0 -63.14432,9.77896,0 -63.14432,9.77924,0 -63.14433,9.77942,0 -63.14437,9.77959,0 -63.14442,9.77975,0 -63.14444,9.77987,0 -63.14444,9.78009,0 -63.14444,9.78032,0 -63.14445,9.78051,0 -63.14444,9.78067,0 -63.14439,9.78085,0 -63.14433,9.78102,0 -63.14424,9.78119,0 -63.14418,9.7813,0 -63.14409,9.78147,0 -63.14403,9.78162,0 -63.144,9.78173,0 -63.14396,9.78182,0 -63.14387,9.78189,0 -63.14376,9.78195,0 -63.14359,9.78199,0 -63.14345,9.78205,0 -63.14339,9.78205,0 -63.14331,9.78203,0 -63.14325,9.782,0 -63.14319,9.78194,0 -63.14316,9.78189,0 -63.14314,9.7818,0 -63.14311,9.78174,0 -63.14311,9.78169,0 -63.1431,9.78163,0 -63.14308,9.78156,0 -63.14304,9.78146,0 -63.14297,9.78137,0 -63.14281,9.78126,0 -63.14273,9.78124,0 -63.14264,9.78125,0 -63.14257,9.78128,0 -63.14246,9.78135,0 -63.14235,9.78145,0 -63.14225,9.78156,0 -63.14222,9.78162,0 -63.14216,9.78176,0 -63.14211,9.7819,0 -63.1421,9.78205,0 -63.14211,9.78218,0 -63.14216,9.78241,0 -63.14223,9.78262,0 -63.14227,9.7828,0 -63.14231,9.7831,0 -63.14233,9.78338,0 -63.14236,9.78356,0 -63.14235,9.7838,0 -63.14233,9.78396,0 -63.14231,9.78404,0 -63.14226,9.78423,0 -63.14217,9.78439,0 -63.14212,9.78445,0 -63.14201,9.78454,0 -63.14166,9.78473,0 -63.14151,9.78478,0 -63.14138,9.78481,0 -63.14114,9.78483,0 -63.14087,9.78487,0 -63.14068,9.78492,0 -63.14057,9.78497,0 -63.14048,9.78506,0 -63.14042,9.78516,0 -63.14034,9.78533,0 -63.14033,9.78545,0 -63.14034,9.78558,0 -63.14037,9.78578,0 -63.14047,9.78597,0 -63.14054,9.78609,0 -63.14064,9.78623,0 -63.14082,9.78641,0 -63.14089,9.78648,0 -63.14094,9.78653,0 -63.14097,9.7866,0 -63.14095,9.78664,0 -63.1409,9.7867,0 -63.14084,9.78673,0 -63.14068,9.78677,0 -63.14051,9.78681,0 -63.1403,9.7869,0 -63.14019,9.78701,0 -63.14014,9.78707,0 -63.1401,9.78715,0 -63.13997,9.78739,0 -63.13988,9.78746,0 -63.13979,9.7875,0 -63.1396,9.78752,0 -63.13932,9.78749,0 -63.13914,9.78751,0 -63.13907,9.78752,0 -63.13898,9.78758,0 -63.13889,9.78766,0 -63.13886,9.78778,0 -63.13885,9.78786,0 -63.13887,9.78794,0 -63.1389,9.78803,0 -63.13919,9.78834,0 -63.13938,9.78855,0 -63.13944,9.78863,0 -63.1395,9.78874,0 -63.13951,9.78884,0 -63.13949,9.78894,0 -63.13947,9.78904,0 -63.1394,9.78915,0 -63.13925,9.78931,0 -63.13915,9.78942,0 -63.1391,9.7895,0 -63.13909,9.78958,0 -63.1391,9.78967,0 -63.13912,9.78973,0 -63.13917,9.78976,0 -63.13926,9.78987,0 -63.1393,9.78992,0 -63.13934,9.79004,0 -63.13935,9.79018,0 -63.13931,9.7903,0 -63.13926,9.79038,0 -63.13916,9.79041,0 -63.13908,9.79043,0 -63.13889,9.79041,0 -63.13872,9.79038,0 -63.13853,9.79038,0 -63.13833,9.79039,0 -63.1382,9.79042,0 -63.13806,9.7904,0 -63.13798,9.79036,0 -63.13791,9.79031,0 -63.13776,9.79016,0 -63.13768,9.79011,0 -63.13756,9.79008,0 -63.1375,9.79008,0 -63.1374,9.79011,0 -63.13738,9.79016,0 -63.13732,9.7903,0 -63.1373,9.79043,0 -63.13729,9.79056,0 -63.13729,9.79062,0 -63.13735,9.79076,0 -63.13749,9.79101,0 -63.13754,9.79107,0 -63.1376,9.79112,0 -63.13773,9.79119,0 -63.1379,9.79125,0 -63.13816,9.79128,0 -63.1383,9.7913,0 -63.13837,9.79132,0 -63.13846,9.7914,0 -63.13848,9.79148,0 -63.13847,9.79155,0 -63.13843,9.79163,0 -63.13836,9.79169,0 -63.13831,9.79171,0 -63.13823,9.79172,0 -63.13813,9.79173,0 -63.13802,9.79169,0 -63.13789,9.79161,0 -63.13777,9.79151,0 -63.13763,9.79142,0 -63.13755,9.79136,0 -63.13742,9.79128,0 -63.13727,9.79116,0 -63.13718,9.79109,0 -63.13702,9.79093,0 -63.13692,9.79084,0 -63.13684,9.79074,0 -63.13675,9.79067,0 -63.13665,9.79062,0 -63.13647,9.79059,0 -63.13637,9.79061,0 -63.13627,9.79064,0 -63.13616,9.79075,0 -63.1361,9.79094,0 -63.13607,9.79107,0 -63.13607,9.79125,0 -63.13607,9.79145,0 -63.13606,9.7916,0 -63.13603,9.79183,0 -63.13603,9.792,0 -63.13606,9.7922,0 -63.1361,9.79232,0 -63.13614,9.79246,0 -63.13616,9.79252,0 -63.13615,9.79254,0 -63.13612,9.79258,0 -63.13606,9.7926,0 -63.13598,9.79261,0 -63.13575,9.79261,0 -63.13547,9.79262,0 -63.13531,9.79264,0 -63.13523,9.79266,0 -63.13517,9.79271,0 -63.13514,9.79277,0 -63.13512,9.79283,0 -63.13513,9.79288,0 -63.13516,9.79297,0 -63.13525,9.79305,0 -63.13538,9.79313,0 -63.13556,9.79318,0 -63.13586,9.79324,0 -63.13597,9.79329,0 -63.13603,9.79335,0 -63.13605,9.79343,0 -63.13605,9.79347,0 -63.13602,9.79354,0 -63.13596,9.79364,0 -63.13593,9.79373,0 -63.13589,9.79376,0 -63.13584,9.79379,0 -63.13577,9.79379,0 -63.13568,9.79377,0 -63.13562,9.79374,0 -63.13542,9.79363,0 -63.13532,9.79359,0 -63.13523,9.79358,0 -63.13514,9.7936,0 -63.13502,9.79364,0 -63.13493,9.7937,0 -63.13486,9.7938,0 -63.13483,9.79387,0 -63.13484,9.79395,0 -63.13485,9.79399,0 -63.1349,9.79406,0 -63.13495,9.79414,0 -63.13501,9.79422,0 -63.13509,9.7943,0 -63.13516,9.79437,0 -63.1352,9.7944,0 -63.13528,9.79446,0 -63.13536,9.79453,0 -63.13545,9.79459,0 -63.13552,9.79464,0 -63.13558,9.79468,0 -63.13566,9.79473,0 -63.13575,9.79478,0 -63.13582,9.79483,0 -63.13588,9.79486,0 -63.13588,9.79486,0 -63.13592,9.79489,0 -63.13596,9.79492,0 -63.13599,9.79495,0 -63.13601,9.795,0 -63.13603,9.79503,0 -63.13605,9.79508,0 -63.13606,9.79512,0 -63.13606,9.79515,0 -63.13605,9.79518,0 -63.13604,9.79521,0 -63.13601,9.79524,0 -63.13599,9.79525,0 -63.13595,9.79527,0 -63.13592,9.79528,0 -63.13588,9.79529,0 -63.13584,9.79529,0 -63.13576,9.79529,0 -63.13569,9.79528,0 -63.13563,9.79527,0 -63.13554,9.79526,0 -63.13546,9.79524,0 -63.13532,9.7952,0 -63.13521,9.79517,0 -63.13511,9.79513,0 -63.13502,9.79508,0 -63.13494,9.79503,0 -63.13486,9.79497,0 -63.13479,9.79492,0 -63.13474,9.79486,0 -63.1347,9.79481,0 -63.13467,9.79477,0 -63.13465,9.79471,0 -63.13462,9.79465,0 -63.13459,9.79459,0 -63.13456,9.79451,0 -63.13454,9.79443,0 -63.13451,9.79437,0 -63.13448,9.79429,0 -63.13444,9.79423,0 -63.1344,9.79417,0 -63.13436,9.79412,0 -63.1343,9.79407,0 -63.13425,9.79403,0 -63.13422,9.794,0 -63.13417,9.79398,0 -63.13415,9.79397,0 -63.13411,9.79396,0 -63.13404,9.79396,0 -63.134,9.79398,0 -63.13398,9.79399,0 -63.13394,9.79401,0 -63.13392,9.79404,0 -63.1339,9.79409,0 -63.13389,9.79412,0 -63.13388,9.79416,0 -63.13388,9.79419,0 -63.13388,9.79424,0 -63.13389,9.79427,0 -63.1339,9.7943,0 -63.1339,9.79433,0 -63.13392,9.79436,0 -63.13394,9.79439,0 -63.13399,9.79449,0 -63.13404,9.79459,0 -63.13407,9.79466,0 -63.1341,9.79473,0 -63.13411,9.79481,0 -63.13412,9.79488,0 -63.13412,9.79493,0 -63.13411,9.79497,0 -63.1341,9.795,0 -63.13408,9.79503,0 -63.13405,9.79506,0 -63.13402,9.79508,0 -63.13399,9.79509,0 -63.13397,9.79509,0 -63.13394,9.79509,0 -63.1339,9.79508,0 -63.13387,9.79507,0 -63.13381,9.79504,0 -63.13377,9.79501,0 -63.13374,9.79498,0 -63.13369,9.79494,0 -63.13365,9.79489,0 -63.13361,9.79484,0 -63.13356,9.79476,0 -63.13352,9.79468,0 -63.13348,9.79461,0 -63.13343,9.79452,0 -63.13339,9.79443,0 -63.13336,9.79437,0 -63.13333,9.79432,0 -63.1333,9.79428,0 -63.13327,9.79424,0 -63.13324,9.79419,0 -63.13322,9.79414,0 -63.1332,9.79409,0 -63.13319,9.79405,0 -63.13318,9.79401,0 -63.13316,9.79398,0 -63.13317,9.79376,0 -63.13317,9.79359,0 -63.13315,9.79339,0 -63.13312,9.79323,0 -63.13307,9.79312,0 -63.133,9.79305,0 -63.13293,9.79301,0 -63.13283,9.793,0 -63.13273,9.79305,0 -63.13264,9.7931,0 -63.13258,9.79319,0 -63.13247,9.79333,0 -63.13237,9.79353,0 -63.13231,9.79362,0 -63.13221,9.79372,0 -63.13209,9.79378,0 -63.13202,9.79381,0 -63.13186,9.79385,0 -63.13165,9.7939,0 -63.13154,9.79394,0 -63.13146,9.79399,0 -63.1314,9.79401,0 -63.13135,9.79403,0 -63.13131,9.79406,0 -63.13127,9.7941,0 -63.13124,9.79413,0 -63.13121,9.79416,0 -63.13119,9.7942,0 -63.13117,9.79424,0 -63.13116,9.79428,0 -63.13117,9.79431,0 -63.13119,9.79435,0 -63.13121,9.79436,0 -63.13127,9.7944,0 -63.13138,9.79445,0 -63.1315,9.79448,0 -63.13166,9.79453,0 -63.1318,9.79457,0 -63.13197,9.79462,0 -63.13215,9.79466,0 -63.13231,9.79473,0 -63.13242,9.79479,0 -63.13252,9.79486,0 -63.13258,9.79492,0 -63.13263,9.79497,0 -63.13266,9.79501,0 -63.13268,9.79505,0 -63.13269,9.7951,0 -63.13268,9.79513,0 -63.13267,9.79515,0 -63.13265,9.79518,0 -63.13261,9.7952,0 -63.13258,9.79522,0 -63.13253,9.79524,0 -63.13249,9.79524,0 -63.13243,9.79524,0 -63.13239,9.79525,0 -63.13232,9.79524,0 -63.13224,9.79523,0 -63.13217,9.79521,0 -63.1321,9.79519,0 -63.13204,9.79518,0 -63.13197,9.79517,0 -63.13187,9.79516,0 -63.1318,9.79516,0 -63.13172,9.79516,0 -63.13165,9.79516,0 -63.13155,9.79517,0 -63.13144,9.7952,0 -63.13134,9.79523,0 -63.13126,9.79527,0 -63.1312,9.7953,0 -63.13117,9.79534,0 -63.13115,9.79537,0 -63.13113,9.79541,0 -63.1311,9.79546,0 -63.13107,9.79553,0 -63.13106,9.79558,0 -63.13105,9.79564,0 -63.13105,9.79571,0 -63.13105,9.79578,0 -63.13105,9.79582,0 -63.13104,9.79587,0 -63.13102,9.7959,0 -63.13098,9.79593,0 -63.13094,9.79597,0 -63.13089,9.79598,0 -63.13085,9.79598,0 -63.13082,9.79598,0 -63.13079,9.79596,0 -63.13075,9.79594,0 -63.13072,9.79592,0 -63.13065,9.79585,0 -63.13057,9.79576,0 -63.13044,9.79562,0 -63.13035,9.79554,0 -63.13026,9.79549,0 -63.1302,9.79547,0 -63.13014,9.79545,0 -63.13007,9.79545,0 -63.13001,9.79546,0 -63.12996,9.79547,0 -63.12991,9.7955,0 -63.12987,9.79553,0 -63.12982,9.79557,0 -63.12978,9.79562,0 -63.12975,9.79568,0 -63.12972,9.79573,0 -63.12971,9.79577,0 -63.12971,9.79584,0 -63.12972,9.79589,0 -63.12973,9.79594,0 -63.12974,9.79598,0 -63.12974,9.79602,0 -63.12974,9.79605,0 -63.12974,9.79611,0 -63.12973,9.79617,0 -63.12972,9.79622,0 -63.12971,9.79628,0 -63.12971,9.79637,0 -63.12974,9.79645,0 -63.12978,9.79652,0 -63.12982,9.7966,0 -63.12988,9.79666,0 -63.12995,9.79672,0 -63.13002,9.79675,0 -63.13007,9.79677,0 -63.13012,9.79678,0 -63.13016,9.79679,0 -63.13022,9.7968,0 -63.13025,9.7968,0 -63.13032,9.79681,0 -63.13039,9.79682,0 -63.13044,9.79683,0 -63.13049,9.79685,0 -63.13054,9.79689,0 -63.13056,9.79692,0 -63.13059,9.79696,0 -63.13061,9.79701,0 -63.13062,9.79706,0 -63.13062,9.7971,0 -63.13062,9.79715,0 -63.13061,9.79718,0 -63.1306,9.79723,0 -63.13058,9.7973,0 -63.13056,9.79735,0 -63.13053,9.79741,0 -63.13049,9.79746,0 -63.13045,9.79752,0 -63.13043,9.79757,0 -63.13041,9.79763,0 -63.1304,9.79768,0 -63.1304,9.79774,0 -63.1304,9.79778,0 -63.1304,9.7978,0 -63.13041,9.79785,0 -63.13043,9.7979,0 -63.13045,9.79793,0 -63.13047,9.79798,0 -63.13048,9.79802,0 -63.13048,9.79805,0 -63.13048,9.79808,0 -63.13048,9.7981,0 -63.13046,9.79813,0 -63.13045,9.79815,0 -63.13042,9.79817,0 -63.13038,9.7982,0 -63.13034,9.79822,0 -63.1303,9.79822,0 -63.13024,9.79821,0 -63.13019,9.79818,0 -63.13015,9.79815,0 -63.1301,9.7981,0 -63.13007,9.79807,0 -63.13004,9.79802,0 -63.13001,9.79795,0 -63.12999,9.79788,0 -63.12997,9.79783,0 -63.12996,9.79774,0 -63.12995,9.79767,0 -63.12993,9.7976,0 -63.1299,9.79753,0 -63.12988,9.79746,0 -63.12985,9.79739,0 -63.12982,9.79734,0 -63.12979,9.79733,0 -63.12976,9.7973,0 -63.12973,9.79729,0 -63.1297,9.79729,0 -63.12967,9.79729,0 -63.12964,9.79729,0 -63.12962,9.79729,0 -63.12956,9.79731,0 -63.1295,9.79733,0 -63.12943,9.79736,0 -63.12933,9.79742,0 -63.12922,9.79748,0 -63.12914,9.79752,0 -63.12906,9.79755,0 -63.129,9.79757,0 -63.12889,9.79761,0 -63.12883,9.79764,0 -63.12876,9.79768,0 -63.12871,9.79772,0 -63.12866,9.79777,0 -63.12861,9.79785,0 -63.12858,9.79793,0 -63.12857,9.79801,0 -63.12856,9.79808,0 -63.12857,9.79813,0 -63.1286,9.7982,0 -63.12863,9.7983,0 -63.12866,9.79841,0 -63.12867,9.79847,0 -63.12867,9.79853,0 -63.12866,9.79858,0 -63.12865,9.79866,0 -63.12862,9.79871,0 -63.12857,9.79876,0 -63.12851,9.7988,0 -63.12845,9.79884,0 -63.12839,9.79886,0 -63.12833,9.79887,0 -63.12828,9.79886,0 -63.12824,9.79885,0 -63.1282,9.79883,0 -63.12817,9.79879,0 -63.12814,9.79874,0 -63.12812,9.79868,0 -63.12811,9.79864,0 -63.1281,9.79857,0 -63.1281,9.7985,0 -63.12811,9.79844,0 -63.12811,9.79834,0 -63.12811,9.79828,0 -63.12812,9.79815,0 -63.12811,9.79807,0 -63.1281,9.79794,0 -63.12808,9.79781,0 -63.12806,9.79772,0 -63.12803,9.79766,0 -63.12799,9.79762,0 -63.12795,9.79759,0 -63.1279,9.79756,0 -63.12787,9.79754,0 -63.12782,9.79753,0 -63.12778,9.79753,0 -63.12775,9.79754,0 -63.1277,9.79755,0 -63.12764,9.79758,0 -63.1276,9.7976,0 -63.12756,9.79763,0 -63.12751,9.79767,0 -63.12746,9.79771,0 -63.12738,9.7978,0 -63.12734,9.79786,0 -63.12731,9.79791,0 -63.12729,9.798,0 -63.12728,9.79808,0 -63.12727,9.79814,0 -63.12727,9.7982,0 -63.12725,9.79826,0 -63.12724,9.79831,0 -63.12723,9.79834,0 -63.12721,9.79839,0 -63.1272,9.79842,0 -63.12718,9.79846,0 -63.12714,9.79852,0 -63.1271,9.79856,0 -63.12707,9.79859,0 -63.12702,9.79862,0 -63.12693,9.79866,0 -63.12679,9.79875,0 -63.12666,9.79882,0 -63.12651,9.79894,0 -63.12644,9.79902,0 -63.1264,9.79909,0 -63.12638,9.79917,0 -63.12638,9.79925,0 -63.1264,9.7993,0 -63.12642,9.79936,0 -63.12647,9.79944,0 -63.12652,9.79948,0 -63.12659,9.79954,0 -63.12665,9.79957,0 -63.12671,9.79959,0 -63.12675,9.79959,0 -63.12681,9.7996,0 -63.12688,9.7996,0 -63.12694,9.7996,0 -63.12698,9.7996,0 -63.12703,9.7996,0 -63.12707,9.79961,0 -63.12709,9.79962,0 -63.12712,9.79964,0 -63.12714,9.79967,0 -63.12716,9.7997,0 -63.12717,9.79974,0 -63.12717,9.79978,0 -63.12717,9.7998,0 -63.12717,9.79983,0 -63.12714,9.79986,0 -63.12711,9.7999,0 -63.12707,9.79994,0 -63.12704,9.79996,0 -63.127,9.79997,0 -63.12696,9.79998,0 -63.12693,9.79998,0 -63.12688,9.79998,0 -63.12681,9.79996,0 -63.12672,9.79992,0 -63.12664,9.79987,0 -63.12655,9.79982,0 -63.12641,9.79972,0 -63.12628,9.79965,0 -63.12615,9.79957,0 -63.12604,9.79952,0 -63.12596,9.79947,0 -63.12583,9.79938,0 -63.12574,9.79931,0 -63.12565,9.79923,0 -63.1256,9.79917,0 -63.12555,9.79908,0 -63.12551,9.799,0 -63.12548,9.79892,0 -63.12547,9.79884,0 -63.12546,9.79877,0 -63.12545,9.7987,0 -63.12545,9.79856,0 -63.12545,9.79843,0 -63.12547,9.79826,0 -63.12549,9.79811,0 -63.12553,9.79798,0 -63.12554,9.79787,0 -63.12555,9.79772,0 -63.12555,9.79765,0 -63.12553,9.79755,0 -63.12551,9.79747,0 -63.12547,9.79741,0 -63.12544,9.79736,0 -63.12539,9.79733,0 -63.12533,9.79731,0 -63.12528,9.79732,0 -63.12521,9.79733,0 -63.12512,9.79738,0 -63.12504,9.79744,0 -63.12499,9.7975,0 -63.12494,9.79756,0 -63.12487,9.79766,0 -63.12481,9.79775,0 -63.12473,9.79783,0 -63.1246,9.79796,0 -63.12455,9.79802,0 -63.12443,9.79811,0 -63.12436,9.79817,0 -63.1243,9.79821,0 -63.1242,9.7983,0 -63.12418,9.79832,0 -63.12415,9.79835,0 -63.12412,9.79837,0 -63.12407,9.79843,0 -63.12403,9.79848,0 -63.12399,9.79857,0 -63.12396,9.79865,0 -63.12393,9.79874,0 -63.12392,9.79885,0 -63.12392,9.79899,0 -63.12395,9.79908,0 -63.12398,9.79926,0 -63.124,9.79939,0 -63.12402,9.79955,0 -63.12402,9.79973,0 -63.12402,9.79981,0 -63.12402,9.79987,0 -63.12403,9.79991,0 -63.12402,9.79995,0 -63.12401,9.80001,0 -63.12399,9.80006,0 -63.12394,9.80016,0 -63.1239,9.80025,0 -63.12387,9.80032,0 -63.12386,9.80037,0 -63.12386,9.80042,0 -63.12387,9.80044,0 -63.12387,9.80046,0 -63.12389,9.80049,0 -63.12391,9.80053,0 -63.12394,9.80062,0 -63.12397,9.80069,0 -63.12397,9.80074,0 -63.12397,9.80083,0 -63.12395,9.80089,0 -63.12393,9.80092,0 -63.1239,9.80096,0 -63.12384,9.801,0 -63.12373,9.80105,0 -63.12334,9.80121,0 -63.12311,9.8013,0 -63.12295,9.80136,0 -63.1229,9.80138,0 -63.12281,9.80142,0 -63.12266,9.80148,0 -63.12259,9.80151,0 -63.12239,9.80159,0 -63.12229,9.80161,0 -63.12222,9.80163,0 -63.12215,9.80164,0 -63.12206,9.80165,0 -63.12192,9.80167,0 -63.12178,9.8017,0 -63.12169,9.80172,0 -63.12158,9.80175,0 -63.1215,9.80178,0 -63.1214,9.80182,0 -63.12129,9.80187,0 -63.12125,9.8019,0 -63.12117,9.80195,0 -63.12113,9.80198,0 -63.12107,9.80202,0 -63.12101,9.80208,0 -63.1209,9.80215,0 -63.12072,9.80229,0 -63.12063,9.80235,0 -63.12056,9.80238,0 -63.12051,9.80241,0 -63.12046,9.80242,0 -63.12042,9.80242,0 -63.12038,9.80242,0 -63.12034,9.80241,0 -63.1203,9.8024,0 -63.12024,9.80237,0 -63.12021,9.80236,0 -63.12013,9.80231,0 -63.12007,9.80226,0 -63.12001,9.8022,0 -63.11996,9.80215,0 -63.11993,9.80209,0 -63.1199,9.80204,0 -63.11987,9.80197,0 -63.11985,9.8019,0 -63.11984,9.80186,0 -63.11982,9.80178,0 -63.11981,9.8017,0 -63.11981,9.80164,0 -63.11981,9.80158,0 -63.11982,9.80151,0 -63.11983,9.80143,0 -63.11984,9.80138,0 -63.11986,9.80135,0 -63.11988,9.80132,0 -63.11991,9.80128,0 -63.11994,9.80126,0 -63.11997,9.80124,0 -63.11999,9.80123,0 -63.12003,9.80122,0 -63.12008,9.80123,0 -63.12013,9.80124,0 -63.12022,9.80128,0 -63.12037,9.80134,0 -63.12044,9.80136,0 -63.12051,9.80136,0 -63.12055,9.80136,0 -63.12059,9.80134,0 -63.12063,9.80132,0 -63.12067,9.80128,0 -63.12068,9.80125,0 -63.12071,9.80121,0 -63.12072,9.80116,0 -63.12073,9.80113,0 -63.12074,9.80108,0 -63.12075,9.80104,0 -63.12076,9.80096,0 -63.12077,9.80091,0 -63.12079,9.80085,0 -63.12083,9.80078,0 -63.12084,9.80074,0 -63.12089,9.80066,0 -63.12091,9.80061,0 -63.12093,9.80057,0 -63.12093,9.80054,0 -63.12094,9.80049,0 -63.12095,9.80043,0 -63.12095,9.80035,0 -63.12095,9.80029,0 -63.12094,9.80021,0 -63.12093,9.80015,0 -63.1209,9.80009,0 -63.12086,9.80004,0 -63.12083,9.80001,0 -63.12079,9.79998,0 -63.12074,9.79994,0 -63.1207,9.79992,0 -63.12065,9.7999,0 -63.12058,9.79988,0 -63.12053,9.79987,0 -63.12046,9.79987,0 -63.12042,9.79987,0 -63.12031,9.79987,0 -63.12019,9.79988,0 -63.12006,9.7999,0 -63.12,9.79992,0 -63.1199,9.79995,0 -63.11983,9.79997,0 -63.11976,9.8,0 -63.1197,9.80002,0 -63.11964,9.80006,0 -63.11958,9.80011,0 -63.11954,9.80015,0 -63.11948,9.80021,0 -63.11945,9.80025,0 -63.11941,9.80032,0 -63.11937,9.8004,0 -63.11935,9.80046,0 -63.11932,9.80053,0 -63.11929,9.80059,0 -63.11927,9.80065,0 -63.11925,9.80072,0 -63.11923,9.80082,0 -63.11921,9.8009,0 -63.1192,9.80096,0 -63.11918,9.80102,0 -63.11917,9.80111,0 -63.11916,9.80119,0 -63.11916,9.80135,0 -63.11917,9.8014,0 -63.11919,9.80156,0 -63.11921,9.80163,0 -63.11924,9.80174,0 -63.11925,9.80182,0 -63.11926,9.80188,0 -63.11926,9.80195,0 -63.11926,9.80203,0 -63.11925,9.80209,0 -63.11923,9.80216,0 -63.11918,9.80224,0 -63.11915,9.80229,0 -63.11912,9.80232,0 -63.11908,9.80236,0 -63.11904,9.80239,0 -63.119,9.80241,0 -63.11896,9.80243,0 -63.11891,9.80245,0 -63.11885,9.80247,0 -63.11879,9.8025,0 -63.11875,9.80252,0 -63.11869,9.80255,0 -63.11865,9.80259,0 -63.11858,9.80265,0 -63.11854,9.80269,0 -63.11843,9.8028,0 -63.11832,9.80293,0 -63.11827,9.80299,0 -63.11823,9.80304,0 -63.11819,9.80308,0 -63.11816,9.80311,0 -63.11812,9.80313,0 -63.11807,9.80315,0 -63.11802,9.80317,0 -63.11797,9.80318,0 -63.11793,9.80319,0 -63.1179,9.80319,0 -63.11782,9.80318,0 -63.11769,9.80317,0 -63.11753,9.80316,0 -63.11743,9.80317,0 -63.1174,9.80317,0 -63.11736,9.80319,0 -63.11731,9.80321,0 -63.11728,9.80323,0 -63.11724,9.80325,0 -63.1172,9.80328,0 -63.11717,9.80333,0 -63.11714,9.80337,0 -63.11713,9.80341,0 -63.11712,9.80346,0 -63.11712,9.8035,0 -63.11712,9.80356,0 -63.11713,9.80361,0 -63.11715,9.80366,0 -63.11716,9.8037,0 -63.11717,9.80371,0 -63.11719,9.80374,0 -63.11726,9.80383,0 -63.11733,9.80394,0 -63.11739,9.80403,0 -63.11743,9.80411,0 -63.11746,9.80418,0 -63.11748,9.80423,0 -63.11749,9.8043,0 -63.11749,9.80439,0 -63.11749,9.80457,0 -63.11751,9.80468,0 -63.11755,9.80477,0 -63.11759,9.80484,0 -63.11764,9.80489,0 -63.11771,9.80493,0 -63.11778,9.80494,0 -63.11784,9.80495,0 -63.11791,9.80494,0 -63.11797,9.8049,0 -63.11803,9.80486,0 -63.11808,9.8048,0 -63.11813,9.80471,0 -63.11817,9.80462,0 -63.11818,9.80456,0 -63.1182,9.80446,0 -63.11822,9.80438,0 -63.11822,9.80428,0 -63.11825,9.80421,0 -63.11832,9.80409,0 -63.11838,9.804,0 -63.11843,9.80395,0 -63.11849,9.80392,0 -63.11858,9.8039,0 -63.11862,9.8039,0 -63.1187,9.80391,0 -63.11874,9.80392,0 -63.11879,9.80396,0 -63.11884,9.80401,0 -63.1189,9.80407,0 -63.11896,9.80417,0 -63.11902,9.80427,0 -63.11906,9.80432,0 -63.11912,9.8044,0 -63.11917,9.80449,0 -63.11927,9.80462,0 -63.11937,9.80479,0 -63.11954,9.80505,0 -63.11968,9.80524,0 -63.11976,9.80538,0 -63.11984,9.80552,0 -63.11986,9.80558,0 -63.11988,9.80567,0 -63.11988,9.80575,0 -63.11986,9.80583,0 -63.11983,9.8059,0 -63.11979,9.80595,0 -63.11973,9.80601,0 -63.11968,9.80604,0 -63.11961,9.80607,0 -63.11955,9.80609,0 -63.11948,9.80611,0 -63.11936,9.80617,0 -63.11931,9.80619,0 -63.11922,9.80623,0 -63.11915,9.80625,0 -63.11905,9.80624,0 -63.11894,9.80622,0 -63.11882,9.80618,0 -63.11875,9.80614,0 -63.1187,9.8061,0 -63.11866,9.80605,0 -63.11859,9.80598,0 -63.11857,9.80596,0 -63.11847,9.80583,0 -63.11838,9.80571,0 -63.11829,9.80561,0 -63.11821,9.80554,0 -63.11815,9.80549,0 -63.11807,9.80544,0 -63.11801,9.80541,0 -63.11793,9.80538,0 -63.11788,9.80537,0 -63.11779,9.80536,0 -63.11766,9.80537,0 -63.11754,9.80538,0 -63.11747,9.80541,0 -63.11732,9.80546,0 -63.11721,9.80551,0 -63.11713,9.80557,0 -63.11706,9.80562,0 -63.11702,9.80567,0 -63.11697,9.80572,0 -63.11694,9.80581,0 -63.11693,9.80588,0 -63.11693,9.80594,0 -63.11693,9.80598,0 -63.11694,9.80602,0 -63.11696,9.80607,0 -63.11698,9.80611,0 -63.11702,9.80616,0 -63.11709,9.80623,0 -63.11721,9.80637,0 -63.11732,9.80649,0 -63.11735,9.80653,0 -63.11738,9.80659,0 -63.11741,9.80671,0 -63.11743,9.8068,0 -63.11744,9.80691,0 -63.11743,9.80698,0 -63.11742,9.80708,0 -63.1174,9.80715,0 -63.11738,9.80722,0 -63.11734,9.80729,0 -63.11731,9.80734,0 -63.11727,9.80738,0 -63.11723,9.80742,0 -63.11717,9.8075,0 -63.11714,9.80756,0 -63.11709,9.80761,0 -63.11698,9.80775,0 -63.11689,9.80784,0 -63.11685,9.80791,0 -63.11682,9.80798,0 -63.11682,9.80807,0 -63.11684,9.80815,0 -63.11687,9.80821,0 -63.1169,9.80825,0 -63.11696,9.80831,0 -63.11702,9.80834,0 -63.11709,9.80837,0 -63.11715,9.80839,0 -63.11725,9.80839,0 -63.11732,9.80839,0 -63.11742,9.80838,0 -63.11749,9.80837,0 -63.11756,9.80836,0 -63.11764,9.80836,0 -63.11768,9.80838,0 -63.11772,9.8084,0 -63.11773,9.80843,0 -63.11774,9.80846,0 -63.11773,9.8085,0 -63.1177,9.80854,0 -63.11766,9.80858,0 -63.11758,9.80861,0 -63.11748,9.80863,0 -63.11741,9.80864,0 -63.11735,9.80866,0 -63.11729,9.80867,0 -63.11724,9.8087,0 -63.11718,9.80874,0 -63.11709,9.80877,0 -63.11699,9.80879,0 -63.11689,9.8088,0 -63.11679,9.80878,0 -63.11671,9.80875,0 -63.11666,9.80872,0 -63.11658,9.80868,0 -63.11649,9.8086,0 -63.11642,9.80852,0 -63.11635,9.80841,0 -63.11629,9.80833,0 -63.11625,9.80822,0 -63.11621,9.80809,0 -63.11618,9.80798,0 -63.11617,9.80788,0 -63.11616,9.80781,0 -63.11614,9.8077,0 -63.11614,9.80759,0 -63.11616,9.8075,0 -63.11616,9.80742,0 -63.11614,9.80735,0 -63.1161,9.80728,0 -63.11606,9.80722,0 -63.11601,9.80718,0 -63.11596,9.80713,0 -63.11595,9.8071,0 -63.11592,9.80704,0 -63.1159,9.80697,0 -63.1159,9.80689,0 -63.1159,9.80679,0 -63.11592,9.80672,0 -63.11593,9.80663,0 -63.11595,9.80653,0 -63.11596,9.80645,0 -63.11597,9.80637,0 -63.11596,9.80633,0 -63.11596,9.80629,0 -63.11593,9.8062,0 -63.11588,9.80614,0 -63.11585,9.80612,0 -63.1158,9.80609,0 -63.11575,9.80607,0 -63.11571,9.80606,0 -63.11566,9.80606,0 -63.11557,9.80606,0 -63.1155,9.80609,0 -63.11543,9.80613,0 -63.11535,9.80618,0 -63.11525,9.80626,0 -63.11514,9.80638,0 -63.11505,9.80649,0 -63.11498,9.80657,0 -63.11496,9.80664,0 -63.11492,9.80676,0 -63.1149,9.80687,0 -63.11489,9.80701,0 -63.11488,9.80713,0 -63.11487,9.80724,0 -63.11486,9.80729,0 -63.11484,9.80739,0 -63.11478,9.80752,0 -63.11472,9.80759,0 -63.11465,9.80765,0 -63.11455,9.80771,0 -63.11446,9.80773,0 -63.11432,9.80773,0 -63.11422,9.80772,0 -63.11416,9.80772,0 -63.11407,9.80773,0 -63.1139,9.80778,0 -63.11377,9.80781,0 -63.11366,9.80783,0 -63.1136,9.80782,0 -63.11354,9.80779,0 -63.11344,9.80774,0 -63.11334,9.80765,0 -63.11329,9.80756,0 -63.11329,9.8075,0 -63.11329,9.8074,0 -63.11334,9.80717,0 -63.11342,9.80685,0 -63.11345,9.80668,0 -63.11345,9.80658,0 -63.11345,9.80646,0 -63.11344,9.80639,0 -63.11341,9.8063,0 -63.11337,9.80624,0 -63.11329,9.80619,0 -63.11324,9.80616,0 -63.11317,9.80615,0 -63.11308,9.80615,0 -63.113,9.80616,0 -63.11293,9.80618,0 -63.11284,9.80623,0 -63.11276,9.80627,0 -63.11252,9.80647,0 -63.11242,9.80657,0 -63.11227,9.80672,0 -63.11218,9.80678,0 -63.11208,9.80681,0 -63.11199,9.80682,0 -63.1119,9.80682,0 -63.11183,9.80679,0 -63.11166,9.80667,0 -63.11148,9.80652,0 -63.11141,9.80647,0 -63.11113,9.8063,0 -63.11106,9.80626,0 -63.11068,9.80613,0 -63.11049,9.80609,0 -63.11037,9.80607,0 -63.11028,9.80606,0 -63.1102,9.80607,0 -63.11011,9.80608,0 -63.10994,9.80615,0 -63.10974,9.80626,0 -63.10957,9.80632,0 -63.10944,9.80635,0 -63.10934,9.80636,0 -63.10915,9.80634,0 -63.10891,9.80631,0 -63.10878,9.8063,0 -63.10864,9.80631,0 -63.10852,9.80634,0 -63.1084,9.80639,0 -63.10832,9.80646,0 -63.10826,9.80658,0 -63.10825,9.80672,0 -63.10827,9.80684,0 -63.10833,9.80697,0 -63.1084,9.80707,0 -63.10851,9.80718,0 -63.10877,9.80734,0 -63.10923,9.80755,0 -63.10963,9.8078,0 -63.10974,9.80791,0 -63.10979,9.80797,0 -63.10981,9.80805,0 -63.10982,9.80811,0 -63.10978,9.8082,0 -63.10974,9.8083,0 -63.10972,9.8084,0 -63.10971,9.80853,0 -63.10971,9.80862,0 -63.10973,9.80871,0 -63.10977,9.80883,0 -63.10979,9.80892,0 -63.10978,9.80898,0 -63.10975,9.80906,0 -63.10969,9.80916,0 -63.10966,9.80925,0 -63.10964,9.80931,0 -63.10964,9.80938,0 -63.10964,9.80944,0 -63.10966,9.80952,0 -63.1097,9.80962,0 -63.10974,9.80976,0 -63.10976,9.80987,0 -63.10975,9.80997,0 -63.10974,9.81007,0 -63.10973,9.81017,0 -63.10974,9.81031,0 -63.10976,9.81048,0 -63.10976,9.81061,0 -63.10975,9.81068,0 -63.10972,9.81081,0 -63.10965,9.81093,0 -63.10957,9.81105,0 -63.10948,9.81113,0 -63.10934,9.8112,0 -63.10914,9.81129,0 -63.10893,9.81136,0 -63.10871,9.81141,0 -63.10858,9.81143,0 -63.10854,9.81142,0 -63.10846,9.81141,0 -63.10837,9.81139,0 -63.10822,9.81134,0 -63.10809,9.81128,0 -63.10781,9.81111,0 -63.10771,9.81106,0 -63.10765,9.81104,0 -63.10757,9.81102,0 -63.10746,9.81101,0 -63.10731,9.81102,0 -63.10714,9.81103,0 -63.10704,9.81104,0 -63.10693,9.81108,0 -63.10687,9.81112,0 -63.10682,9.81117,0 -63.10678,9.81123,0 -63.10675,9.8113,0 -63.10673,9.8114,0 -63.1067,9.8115,0 -63.10542,9.81224,0 -63.1061,9.8131,0 -63.10694,9.81397,0 -63.10786,9.81385,0 -63.10779,9.81459,0 -63.1069,9.81514,0 -63.1059,9.81579,0 -63.10554,9.81676,0 -63.10615,9.81695,0 -63.10701,9.81718,0 -63.10631,9.81771,0 -63.10559,9.81789,0 -63.10485,9.81782,0 -63.10437,9.81737,0 -63.10362,9.81631,0 -63.10291,9.81725,0 -63.10278,9.81831,0 -63.10258,9.81955,0 -63.10192,9.81973,0 -63.10201,9.82067,0 -63.1028,9.82076,0 -63.10263,9.82182,0 -63.10255,9.82295,0 -63.10176,9.82295,0 -63.10119,9.82269,0 -63.10048,9.82218,0 -63.10052,9.82278,0 -63.10083,9.82362,0 -63.10076,9.82433,0 -63.10027,9.82448,0 -63.09934,9.82432,0 -63.0991,9.82472,0 -63.09931,9.82577,0 -63.0998,9.82663,0 -63.10019,9.82696,0 -63.10021,9.82786,0 -63.10088,9.82768,0 -63.10089,9.82814,0 -63.10029,9.82903,0 -63.09938,9.82965,0 -63.09912,9.83002,0 -63.09919,9.83087,0 -63.09955,9.83139,0 -63.09957,9.83187,0 -63.09892,9.83191,0 -63.098,9.83205,0 -63.09761,9.83224,0 -63.09657,9.83257,0 -63.09639,9.83359,0 -63.09599,9.83394,0 -63.09562,9.83402,0 -63.09528,9.83442,0 -63.09551,9.83487,0 -63.09585,9.83551,0 -63.09538,9.83628,0 -63.09588,9.83652,0 -63.09666,9.83686,0 -63.09684,9.83757,0 -63.09664,9.83852,0 -63.09648,9.83932,0 -63.0966,9.84038,0 -63.09726,9.84144,0 -63.09756,9.84228,0 -63.09681,9.84274,0 -63.09657,9.84329,0 -63.09692,9.84423,0 -63.09691,9.84517,0 -63.09633,9.84603,0 -63.09662,9.8463,0 -63.0961,9.84778,0 -63.09528,9.849,0 -63.09433,9.84969,0 -63.09378,9.85085,0 -63.09273,9.84973,0 -63.09201,9.85065,0 -63.09103,9.85102,0 -63.09004,9.8507,0 -63.08967,9.8514,0 -63.08915,9.85261,0 -63.08807,9.853,0 -63.08735,9.85291,0 -63.08658,9.85341,0 -63.08539,9.85406,0 -63.08443,9.85452,0 -63.08366,9.85526,0 -63.08323,9.85642,0 -63.08218,9.85702,0 -63.08175,9.85783,0 -63.08119,9.85787,0 -63.0801,9.85795,0 -63.0792,9.85802,0 -63.07841,9.85792,0 -63.0778,9.85867,0 -63.07704,9.85879,0 -63.07619,9.85897,0 -63.07573,9.85974,0 -63.07495,9.86033,0 -63.07449,9.86028,0 -63.07316,9.86086,0 -63.0725,9.86042,0 -63.07152,9.86093,0 -63.07158,9.86157,0 -63.07161,9.86251,0 -63.07105,9.86253,0 -63.0702,9.86257,0 -63.07022,9.86328,0 -63.06999,9.86421,0 -63.06879,9.86456,0 -63.06822,9.86398,0 -63.06783,9.86408,0 -63.06704,9.86394,0 -63.06679,9.86507,0 -63.06607,9.86576,0 -63.06597,9.86631,0 -63.06604,9.867,0 -63.06554,9.86733,0 -63.06573,9.86758,0 -63.06574,9.8679,0 -63.06516,9.86787,0 -63.06496,9.86818,0 -63.06474,9.86864,0 -63.06446,9.86865,0 -63.06436,9.86904,0 -63.06437,9.87001,0 -63.06431,9.87037,0 -63.06403,9.87121,0 -63.06472,9.87165,0 -63.06459,9.87225,0 -63.06402,9.87231,0 -63.06295,9.87232,0 -63.0623,9.87215,0 -63.06167,9.87208,0 -63.06074,9.87215,0 -63.05979,9.87203,0 -63.05892,9.87178,0 -63.05801,9.87169,0 -63.058,9.87268,0 -63.05806,9.87394,0 -63.05792,9.8755,0 -63.05729,9.87633,0 -63.05779,9.87659,0 -63.059,9.87603,0 -63.05926,9.87685,0 -63.05873,9.87766,0 -63.05873,9.87832,0 -63.06894,9.88151,0 -63.07986,9.88374,0 -63.08119,9.88338,0 -63.08119,9.88336,0 -63.08181,9.88307,0 -63.08312,9.88269,0 -63.08459,9.88315,0 -63.08561,9.88379,0 -63.08642,9.88462,0 -63.08798,9.88552,0 -63.08897,9.88453,0 -63.0898,9.88437,0 -63.09011,9.88532,0 -63.08974,9.88614,0 -63.09014,9.88709,0 -63.09054,9.88788,0 -63.09065,9.88843,0 -63.09141,9.88827,0 -63.09234,9.88781,0 -63.0933,9.88781,0 -63.09472,9.88805,0 -63.09583,9.88793,0 -63.09726,9.88711,0 -63.09842,9.88763,0 -63.09857,9.88808,0 -63.09872,9.88851,0 -63.09934,9.88919,0 -63.09957,9.88964,0 -63.09995,9.89018,0 -63.1004,9.89019,0 -63.10175,9.89034,0 -63.10224,9.89065,0 -63.1034,9.89071,0 -63.1041,9.89138,0 -63.1049,9.89198,0 -63.10548,9.89194,0 -63.10638,9.89244,0 -63.10669,9.89282,0 -63.10735,9.89299,0 -63.10863,9.89314,0 -63.10928,9.8934,0 -63.11068,9.89414,0 -63.11156,9.89416,0 -63.1126,9.89409,0 -63.11373,9.89401,0 -63.11528,9.89365,0 -63.11609,9.89354,0 -63.11682,9.89317,0 -63.11806,9.89353,0 -63.11882,9.89425,0 -63.11946,9.8945,0 -63.11995,9.89463,0 -63.12063,9.89505,0 -63.12124,9.89526,0 -63.12239,9.89624,0 -63.1223,9.89723,0 -63.12383,9.89654,0 -63.12455,9.89581,0 -63.12444,9.89499,0 -63.12515,9.89479,0 -63.12589,9.89541,0 -63.12615,9.89648,0 -63.12683,9.89663,0 -63.12697,9.89671,0 -63.1274,9.89723,0 -63.12821,9.89783,0 -63.12904,9.89843,0 -63.12965,9.89873,0 -63.13002,9.89952,0 -63.13104,9.90003,0 -63.13172,9.90042,0 -63.13258,9.90058,0 -63.13263,9.90145,0 -63.13242,9.90286,0 -63.13341,9.90258,0 -63.13303,9.90153,0 -63.13417,9.90162,0 -63.13486,9.90146,0 -63.13545,9.90083,0 -63.13726,9.90082,0 -63.13809,9.9008,0 -63.13859,9.90207,0 -63.13825,9.90224,0 -63.13883,9.90303,0 -63.13966,9.90271,0 -63.13991,9.90176,0 -63.14111,9.90161,0 -63.14157,9.90144,0 -63.14166,9.90057,0 -63.14257,9.90075,0 -63.14351,9.90045,0 -63.14424,9.90024,0 -63.1452,9.89971,0 -63.14545,9.90007,0 -63.14563,9.90074,0 -63.1463,9.90076,0 -63.1464,9.90021,0 -63.14623,9.89909,0 -63.14663,9.89869,0 -63.14808,9.89892,0 -63.14844,9.89953,0 -63.14844,9.90013,0 -63.14933,9.90031,0 -63.15046,9.90081,0 -63.1516,9.90037,0 -63.1526,9.89977,0 -63.15378,9.89879,0 -63.15504,9.89823,0 -63.15566,9.89808,0 -63.15553,9.89742,0 -63.15644,9.89705,0 -63.15787,9.89733,0 -63.1594,9.89733,0 -63.16053,9.89719,0 -63.16059,9.89691,0 -63.16145,9.89684,0 -63.16231,9.89691,0 -63.16312,9.89678,0 -63.16404,9.89654,0 -63.16542,9.89655,0 -63.1665,9.89577,0 -63.16751,9.89556,0 -63.16846,9.89539,0 -63.16909,9.89579,0 -63.17042,9.89518,0 -63.17135,9.89609,0 -63.1723,9.89582,0 -63.17347,9.89562,0 -63.17422,9.8956,0 -63.17524,9.8956,0 -63.17612,9.89626,0 -63.17695,9.89695,0 -63.17761,9.89733,0 -63.1795,9.89767,0 -63.18082,9.89678,0 -63.18236,9.89635,0 -63.18382,9.89631,0 -63.18453,9.89696,0 -63.18529,9.89804,0 -63.18634,9.89833,0 -63.18771,9.8985,0 -63.18871,9.8985,0 -63.18978,9.89858,0 -63.19063,9.89913,0 -63.19232,9.89957,0 -63.19413,9.89968,0 -63.1955,9.899,0 -63.19647,9.89882,0 -63.19774,9.89876,0 -63.19912,9.89978,0 -63.20148,9.89971,0 -63.20355,9.89888,0 -63.20433,9.89853,0 -63.20694,9.89814,0 -63.20515,9.89841,0 -63.20635,9.89657,0 -63.20696,9.89594,0 -63.2072,9.89464,0 -63.20742,9.89354,0 -63.20827,9.89328,0 -63.20816,9.892,0 -63.20733,9.89062,0 -63.20657,9.88979,0 -63.20574,9.88874,0 -63.20576,9.88763,0 -63.20651,9.8864,0 -63.20665,9.88486,0 -63.20733,9.88383,0 -63.20802,9.88284,0 -63.20883,9.88177,0 -63.20993,9.88063,0 -63.21136,9.87963,0 -63.21288,9.8792,0 -63.21351,9.87875,0 -63.21421,9.87811,0 -63.21462,9.87713,0 -63.21534,9.87546,0 -63.21578,9.87398,0 -63.21592,9.87257,0 -63.21633,9.87157,0 -63.21715,9.87036,0 -63.21774,9.8691,0 -63.21833,9.86854,0 -63.21894,9.8679,0 -63.21953,9.86687,0 -63.22045,9.86598,0 -63.22108,9.86518,0 -63.22177,9.86417,0 -63.22277,9.86359,0 -63.22386,9.86283,0 -63.22479,9.86209,0 -63.22624,9.86084,0 -63.22815,9.86039,0 -63.22982,9.86051,0 -63.23211,9.86091,0 -63.23359,9.86073,0 -63.23585,9.86037,0 -63.23792,9.86052,0 -63.23964,9.85983,0 -63.24101,9.86002,0 -63.24331,9.8601,0 -63.24468,9.86107,0 -63.24682,9.862,0 -63.24828,9.86194,0 -63.25002,9.8612,0 -63.25201,9.86078,0 -63.25331,9.86012,0 -63.25615,9.86041,0 -63.25801,9.8608,0 -63.25909,9.86045,0 -63.26141,9.86043,0 -63.26267,9.85966,0 -63.26349,9.85925,0 -63.26463,9.85869,0 -63.26598,9.85817,0 -63.26657,9.85777,0 -63.2686,9.85714,0 -63.27068,9.85687,0 -63.27182,9.85556,0 -63.27246,9.8546,0 -63.27457,9.85387,0 -63.2753,9.85342,0 -63.27546,9.85314,0 -63.2764,9.85229,0 -63.27831,9.85168,0 -63.27982,9.85164,0 -63.28099,9.85193,0 -63.28301,9.85199,0 -63.28552,9.85162,0 -63.28794,9.85101,0 -63.28965,9.85075,0 -63.29122,9.84977,0 -63.29296,9.84968,0 -63.29365,9.85032,0 -63.2952,9.85083,0 -63.29634,9.85108,0 -63.29825,9.85132,0 -63.30046,9.85154,0 -63.30247,9.85139,0 -63.30288,9.85186,0 -63.30386,9.85273,0 -63.30538,9.85384,0 -63.30744,9.85449,0 -63.30916,9.85465,0 -63.31058,9.8548,0 -63.31142,9.855,0 -63.31225,9.85629,0 -63.31384,9.85661,0 -63.3151,9.85692,0 -63.31702,9.8574,0 -63.31816,9.85748,0 -63.32084,9.85734,0 -63.32143,9.85758,0 -63.32213,9.85864,0 -63.32402,9.85877,0 -63.32514,9.85835,0 -63.32655,9.85826,0 -63.32737,9.85829,0 -63.3284,9.8581,0 -63.32894,9.85733,0 -63.3296,9.85696,0 -63.33066,9.85684,0 -63.33249,9.85668,0 -63.33331,9.8561,0 -63.33507,9.85666,0 -63.30372,9.78858,0 -63.30446,9.7876,0 -63.30691,9.78758,0 -63.30788,9.78794,0 -63.3101,9.78783,0 -63.31217,9.78808,0 -63.3134,9.788,0 -63.31521,9.78808,0 -63.31673,9.78859,0 -63.31782,9.78916,0 -63.31923,9.78917,0 -63.32123,9.78946,0 -63.3232,9.78913,0 -63.32547,9.78998,0 -63.32699,9.79033,0 -63.32817,9.7911,0 -63.32946,9.79164,0 -63.33084,9.7919,0 -63.33255,9.79227,0 -63.33362,9.79311,0 -63.33464,9.79338,0 -63.33548,9.79494,0 -63.33692,9.79562,0 -63.33835,9.79537,0 -63.33994,9.79533,0 -63.34129,9.79541,0 -63.34291,9.79444,0 -63.34604,9.7928,0 -63.34823,9.79241,0 -63.34957,9.7916,0 -63.35071,9.79033,0 -63.35262,9.78974,0 -63.35398,9.79003,0 -63.35491,9.79186,0 -63.35593,9.7933,0 -63.35791,9.79357,0 -63.35885,9.79302,0 -63.35992,9.79398,0 -63.36137,9.79375,0 -63.36302,9.79378,0 -63.36399,9.79379,0 -63.36445,9.79348,0 -63.36589,9.79342,0 -63.36697,9.79337,0 -63.36831,9.79308,0 -63.37009,9.79296,0 -63.37139,9.79233,0 -63.3732,9.79223,0 -63.37481,9.79187,0 -63.37581,9.7912,0 -63.37664,9.79016,0 -63.37814,9.78909,0 -63.37963,9.7902,0 -63.38055,9.79058,0 -63.38155,9.79092,0 -63.38213,9.79065,0 -63.38167,9.78952,0 -63.3814,9.78801,0 -63.38235,9.78663,0 -63.3837,9.78609,0 -63.38587,9.78584,0 -63.38834,9.78529,0 -63.38953,9.78483,0 -63.39086,9.78428,0 -63.39894,9.7053,0 -63.39808,9.70537,0 -63.39636,9.70508,0 -63.39416,9.70436,0 -63.39346,9.70346,0 -63.39429,9.70254,0 -63.3942,9.70132,0 -63.39356,9.70093,0 -63.39281,9.70042,0 -63.39228,9.70069,0 -63.3917,9.69995,0 -63.39105,9.69909,0 -63.38999,9.6994,0 -63.38907,9.69876,0 -63.38864,9.69774,0 -63.38674,9.69783,0 -63.38582,9.69802,0 -63.38478,9.69819,0 -63.38481,9.69887,0 -63.38348,9.69884,0 -63.38241,9.69929,0 -63.3819,9.69951,0 -63.38116,9.69943,0 -63.3804,9.69964,0 -63.37965,9.69925,0 -63.37993,9.69798,0 -63.3788,9.69824,0 -63.37855,9.69976,0 -63.37774,9.70072,0 -63.37679,9.70047,0 -63.37583,9.70119,0 -63.37486,9.70188,0 -63.37495,9.70321,0 -63.37382,9.70361,0 -63.3726,9.7038,0 -63.37124,9.70412,0 -63.37028,9.70465,0 -63.37021,9.70527,0 -63.37103,9.7069,0 -63.37162,9.70741,0 -63.37079,9.70842,0 -63.3705,9.70949,0 -63.36938,9.70991,0 -63.36776,9.71011,0 -63.36632,9.70983,0 -63.36512,9.71019,0 -63.36438,9.71165,0 -63.36365,9.71266,0 -63.36236,9.71159,0 -63.36092,9.71081,0 -63.35842,9.71003,0 -63.35721,9.71077,0 -63.3557,9.71063,0 -63.35523,9.71275,0 -63.35379,9.71254,0 -63.35334,9.71297,0 -63.3535,9.71388,0 -63.35266,9.71363,0 -63.35185,9.71278,0 -63.35051,9.71321,0 -63.3492,9.71342,0 -63.3492,9.71584,0 -63.34811,9.71731,0 -63.34654,9.71814,0 -63.34565,9.71853,0 -63.34503,9.71868,0 -63.34428,9.71916,0 -63.34408,9.72041,0 -63.34342,9.72146,0 -63.34264,9.721,0 -63.34155,9.72011,0 -63.34083,9.71956,0 -63.33975,9.71906,0 -63.33931,9.71964,0 -63.33812,9.71958,0 -63.33691,9.71946,0 -63.33571,9.71958,0 -63.33497,9.71953,0 -63.33373,9.71867,0 -63.33258,9.71811,0 -63.33153,9.71855,0 -63.33161,9.71956,0 -63.33114,9.72028,0 -63.32992,9.71912,0 -63.32837,9.71935,0 -63.32724,9.71954,0 -63.32629,9.7209,0 -63.32562,9.72236,0 -63.32597,9.72334,0 -63.32605,9.72533,0 -63.3255,9.72627,0 -63.32491,9.72651,0 -63.32408,9.72592,0 -63.32407,9.725,0 -63.32301,9.72434,0 -63.3221,9.72411,0 -63.32056,9.72392,0 -63.31926,9.72368,0 -63.31879,9.72367,0 -63.31745,9.72449,0 -63.3177,9.72577,0 -63.31795,9.72719,0 -63.31809,9.72799,0 -63.31842,9.72873,0 -63.31836,9.72995,0 -63.31758,9.73009,0 -63.31611,9.72997,0 -63.31557,9.72987,0 -63.31525,9.72841,0 -63.31467,9.72762,0 -63.31302,9.72741,0 -63.31242,9.7272,0 -63.31177,9.7272,0 -63.31154,9.72702,0 -63.31131,9.72679,0 -63.30984,9.72697,0 -63.30963,9.72835,0 -63.30949,9.72936,0 -63.30948,9.73086,0 -63.30811,9.73252,0 -63.30699,9.73334,0 -63.3063,9.73429,0 -63.30591,9.7354,0 -63.30522,9.73713,0 -63.30438,9.73743,0 -63.30321,9.73813,0 -63.30215,9.73836,0 -63.30158,9.73939,0 -63.30087,9.74095,0 -63.3008,9.74194,0 -63.2994,9.74216,0 -63.29835,9.74299,0 -63.29773,9.74319,0 -63.29739,9.74253,0 -63.29672,9.742,0 -63.29566,9.74368,0 -63.29511,9.74455,0 -63.29462,9.74458,0 -63.29451,9.74551,0 -63.2942,9.74595,0 -63.29282,9.74694,0 -63.2927,9.74684,0 -63.29261,9.74676,0 -63.29255,9.74672,0 -63.29245,9.74668,0 -63.29237,9.74668,0 -63.29227,9.74668,0 -63.29219,9.7467,0 -63.29211,9.74673,0 -63.29199,9.74681,0 -63.29186,9.74692,0 -63.29173,9.74705,0 -63.29163,9.74721,0 -63.29159,9.74732,0 -63.29152,9.7474,0 -63.29145,9.74745,0 -63.29133,9.74749,0 -63.29119,9.7475,0 -63.29101,9.74752,0 -63.29094,9.74754,0 -63.2909,9.74759,0 -63.29087,9.74768,0 -63.29086,9.74778,0 -63.2909,9.74799,0 -63.29091,9.74809,0 -63.29088,9.74815,0 -63.29085,9.74818,0 -63.29082,9.7482,0 -63.29078,9.74819,0 -63.29069,9.74814,0 -63.29056,9.74804,0 -63.29032,9.74786,0 -63.29007,9.74771,0 -63.28994,9.74764,0 -63.28981,9.74762,0 -63.2897,9.74761,0 -63.28958,9.74763,0 -63.28925,9.74774,0 -63.28895,9.74786,0 -63.28881,9.74791,0 -63.28869,9.74793,0 -63.28857,9.74793,0 -63.28847,9.74792,0 -63.2883,9.74787,0 -63.28799,9.74776,0 -63.28755,9.7476,0 -63.28723,9.74748,0 -63.28704,9.74744,0 -63.28691,9.74744,0 -63.28683,9.74743,0 -63.28672,9.74741,0 -63.28651,9.74734,0 -63.28633,9.74732,0 -63.28622,9.74732,0 -63.2861,9.74733,0 -63.28597,9.74737,0 -63.28584,9.74741,0 -63.28562,9.74753,0 -63.28545,9.74766,0 -63.28531,9.74779,0 -63.28522,9.74794,0 -63.28517,9.74807,0 -63.28513,9.74823,0 -63.28513,9.74838,0 -63.28513,9.74862,0 -63.28515,9.74885,0 -63.2852,9.74915,0 -63.28525,9.7493,0 -63.28528,9.74941,0 -63.28527,9.7495,0 -63.28523,9.74954,0 -63.28516,9.74957,0 -63.28511,9.74957,0 -63.28502,9.74956,0 -63.28489,9.74951,0 -63.28478,9.74942,0 -63.28469,9.74933,0 -63.28454,9.74917,0 -63.28443,9.74902,0 -63.28422,9.7488,0 -63.28403,9.7486,0 -63.2839,9.74849,0 -63.28379,9.74843,0 -63.28365,9.7484,0 -63.28349,9.74838,0 -63.28327,9.74834,0 -63.28317,9.74832,0 -63.28295,9.74824,0 -63.28282,9.74815,0 -63.28268,9.74805,0 -63.28253,9.74788,0 -63.28243,9.74776,0 -63.28232,9.74761,0 -63.28218,9.74747,0 -63.28209,9.74736,0 -63.28199,9.74719,0 -63.28189,9.74701,0 -63.2818,9.74681,0 -63.28168,9.74663,0 -63.28155,9.74652,0 -63.28135,9.74641,0 -63.2812,9.74636,0 -63.28105,9.74633,0 -63.28085,9.74635,0 -63.28074,9.74639,0 -63.28067,9.74642,0 -63.28057,9.74644,0 -63.28046,9.74646,0 -63.28039,9.74651,0 -63.28032,9.74659,0 -63.28028,9.74665,0 -63.28025,9.74675,0 -63.28024,9.74685,0 -63.28026,9.74698,0 -63.28031,9.74712,0 -63.28036,9.7472,0 -63.28049,9.74729,0 -63.28064,9.74738,0 -63.28084,9.74743,0 -63.28122,9.74752,0 -63.28148,9.74756,0 -63.28157,9.7476,0 -63.28161,9.74768,0 -63.28161,9.74774,0 -63.28157,9.7478,0 -63.28153,9.74786,0 -63.28146,9.74791,0 -63.28138,9.74797,0 -63.2812,9.74816,0 -63.28108,9.74825,0 -63.28099,9.74831,0 -63.28086,9.74836,0 -63.28076,9.74837,0 -63.28067,9.74836,0 -63.28059,9.7483,0 -63.28053,9.74821,0 -63.28049,9.74809,0 -63.28048,9.74792,0 -63.28046,9.74782,0 -63.28041,9.74769,0 -63.28035,9.74762,0 -63.28026,9.74756,0 -63.28018,9.74754,0 -63.2801,9.74754,0 -63.28002,9.74756,0 -63.27989,9.74765,0 -63.27982,9.74772,0 -63.27977,9.74782,0 -63.27968,9.74797,0 -63.2796,9.74807,0 -63.27954,9.74809,0 -63.2795,9.74809,0 -63.27941,9.74808,0 -63.27932,9.748,0 -63.2792,9.74786,0 -63.27902,9.74764,0 -63.27889,9.74747,0 -63.27875,9.74727,0 -63.27862,9.74714,0 -63.27854,9.7471,0 -63.27845,9.74709,0 -63.27838,9.7471,0 -63.27831,9.74714,0 -63.27823,9.74726,0 -63.27818,9.74739,0 -63.27816,9.74755,0 -63.27814,9.74772,0 -63.27813,9.74786,0 -63.27811,9.74799,0 -63.27809,9.74809,0 -63.27805,9.74818,0 -63.27801,9.74822,0 -63.27794,9.74825,0 -63.27788,9.74826,0 -63.27784,9.74826,0 -63.27778,9.74823,0 -63.27763,9.74809,0 -63.27751,9.748,0 -63.27727,9.74788,0 -63.27709,9.74782,0 -63.27689,9.74777,0 -63.27674,9.74778,0 -63.27666,9.7478,0 -63.27657,9.74787,0 -63.27653,9.74794,0 -63.27651,9.748,0 -63.27651,9.7481,0 -63.27652,9.74819,0 -63.27659,9.74841,0 -63.27662,9.74854,0 -63.2766,9.74862,0 -63.27659,9.74867,0 -63.27655,9.74869,0 -63.27652,9.74869,0 -63.27643,9.74862,0 -63.2763,9.74851,0 -63.27622,9.74842,0 -63.27612,9.74824,0 -63.27597,9.74799,0 -63.27587,9.7479,0 -63.27581,9.74787,0 -63.27575,9.74786,0 -63.27569,9.74786,0 -63.27561,9.7479,0 -63.27552,9.74799,0 -63.27543,9.74812,0 -63.27535,9.7482,0 -63.2753,9.74824,0 -63.27514,9.7483,0 -63.27498,9.74833,0 -63.27476,9.74831,0 -63.27468,9.74832,0 -63.27462,9.74835,0 -63.27445,9.74848,0 -63.27439,9.74854,0 -63.27428,9.74856,0 -63.27422,9.74856,0 -63.27413,9.74855,0 -63.27402,9.7485,0 -63.27396,9.74843,0 -63.27391,9.74835,0 -63.27384,9.7482,0 -63.27377,9.74808,0 -63.27372,9.74802,0 -63.27366,9.74795,0 -63.27359,9.7479,0 -63.27349,9.74786,0 -63.27339,9.74782,0 -63.27331,9.74781,0 -63.27325,9.74782,0 -63.27319,9.74785,0 -63.27313,9.74791,0 -63.27308,9.74799,0 -63.27308,9.74805,0 -63.27309,9.74812,0 -63.27314,9.7482,0 -63.27324,9.74835,0 -63.27327,9.74845,0 -63.27327,9.74849,0 -63.27323,9.74852,0 -63.27314,9.74855,0 -63.27305,9.74856,0 -63.27294,9.74857,0 -63.27283,9.7486,0 -63.27274,9.74861,0 -63.27268,9.7486,0 -63.27261,9.74857,0 -63.27252,9.74848,0 -63.27241,9.7483,0 -63.27238,9.74821,0 -63.27235,9.74807,0 -63.27235,9.74789,0 -63.27234,9.74777,0 -63.27232,9.74768,0 -63.27229,9.74763,0 -63.27223,9.74758,0 -63.27213,9.74754,0 -63.27204,9.74754,0 -63.27195,9.74755,0 -63.27182,9.74765,0 -63.27175,9.74775,0 -63.27167,9.74795,0 -63.27162,9.74816,0 -63.27159,9.74834,0 -63.27155,9.74864,0 -63.27153,9.74884,0 -63.2715,9.74892,0 -63.27148,9.74898,0 -63.27144,9.74901,0 -63.27142,9.74901,0 -63.27139,9.749,0 -63.27135,9.74891,0 -63.27133,9.74876,0 -63.27128,9.74852,0 -63.27125,9.74839,0 -63.27121,9.74832,0 -63.27113,9.74826,0 -63.27099,9.74821,0 -63.27083,9.74819,0 -63.27064,9.74818,0 -63.27048,9.74823,0 -63.27032,9.74829,0 -63.27021,9.74836,0 -63.27013,9.74845,0 -63.27008,9.74855,0 -63.27006,9.74866,0 -63.27002,9.74881,0 -63.27,9.74888,0 -63.26993,9.74896,0 -63.26982,9.74902,0 -63.2697,9.74905,0 -63.26959,9.74904,0 -63.26951,9.74901,0 -63.26938,9.74895,0 -63.26922,9.74889,0 -63.26914,9.7489,0 -63.26906,9.74892,0 -63.26897,9.74899,0 -63.2689,9.74909,0 -63.26881,9.74913,0 -63.26875,9.74916,0 -63.26865,9.74918,0 -63.26857,9.74919,0 -63.26844,9.74916,0 -63.26829,9.74907,0 -63.26816,9.74897,0 -63.268,9.74886,0 -63.26792,9.7488,0 -63.26783,9.74871,0 -63.26773,9.74864,0 -63.26758,9.74858,0 -63.2675,9.74857,0 -63.26737,9.74858,0 -63.26729,9.74864,0 -63.26725,9.74872,0 -63.26724,9.74881,0 -63.26718,9.7489,0 -63.2671,9.74894,0 -63.26702,9.74898,0 -63.26686,9.749,0 -63.26677,9.74901,0 -63.2665,9.74898,0 -63.26607,9.74895,0 -63.26579,9.74893,0 -63.26555,9.74892,0 -63.26542,9.74894,0 -63.26532,9.74897,0 -63.26524,9.749,0 -63.26516,9.74905,0 -63.26508,9.74913,0 -63.26503,9.74925,0 -63.265,9.74937,0 -63.26499,9.74948,0 -63.26497,9.7496,0 -63.26493,9.74969,0 -63.26495,9.74976,0 -63.26496,9.74989,0 -63.26494,9.74994,0 -63.26485,9.75001,0 -63.26472,9.75005,0 -63.26456,9.75007,0 -63.26442,9.75004,0 -63.26429,9.74998,0 -63.26416,9.74988,0 -63.26411,9.74976,0 -63.26406,9.74962,0 -63.26403,9.74938,0 -63.26403,9.74913,0 -63.26401,9.74892,0 -63.26399,9.74866,0 -63.26395,9.74839,0 -63.26393,9.74809,0 -63.26388,9.74786,0 -63.26383,9.7476,0 -63.26368,9.74732,0 -63.26355,9.74712,0 -63.2634,9.74694,0 -63.26318,9.74673,0 -63.26303,9.74665,0 -63.26287,9.74659,0 -63.26264,9.74656,0 -63.26248,9.74658,0 -63.26216,9.74663,0 -63.262,9.74665,0 -63.26187,9.74662,0 -63.26179,9.74656,0 -63.2617,9.74647,0 -63.26158,9.74632,0 -63.26153,9.74618,0 -63.26145,9.74609,0 -63.26139,9.74603,0 -63.26132,9.74603,0 -63.26128,9.74604,0 -63.26125,9.74604,0 -63.26115,9.74608,0 -63.26094,9.74628,0 -63.26076,9.74644,0 -63.26045,9.74674,0 -63.26019,9.74704,0 -63.26005,9.74717,0 -63.25992,9.74725,0 -63.25982,9.74727,0 -63.25976,9.74727,0 -63.2597,9.74725,0 -63.25963,9.74721,0 -63.25954,9.74709,0 -63.2594,9.74691,0 -63.25925,9.74675,0 -63.25916,9.74669,0 -63.25904,9.74667,0 -63.2589,9.74669,0 -63.25871,9.74677,0 -63.25862,9.74687,0 -63.25856,9.74697,0 -63.25854,9.74707,0 -63.25856,9.74715,0 -63.25868,9.74733,0 -63.25888,9.74755,0 -63.25913,9.74788,0 -63.25919,9.74807,0 -63.25919,9.74821,0 -63.25913,9.74832,0 -63.25906,9.74841,0 -63.25896,9.7485,0 -63.25885,9.74863,0 -63.25875,9.74877,0 -63.25867,9.74894,0 -63.25866,9.74907,0 -63.25866,9.74918,0 -63.2586,9.7493,0 -63.25849,9.74938,0 -63.25832,9.74941,0 -63.25811,9.74942,0 -63.25804,9.74946,0 -63.25787,9.74954,0 -63.25779,9.74958,0 -63.25766,9.7496,0 -63.2575,9.74954,0 -63.25739,9.74947,0 -63.25718,9.74929,0 -63.25708,9.74923,0 -63.25691,9.74919,0 -63.25677,9.74915,0 -63.2564,9.74903,0 -63.25623,9.74896,0 -63.25599,9.74889,0 -63.25573,9.74878,0 -63.25555,9.7487,0 -63.25541,9.74862,0 -63.25528,9.74852,0 -63.2552,9.74844,0 -63.25515,9.74834,0 -63.25509,9.74817,0 -63.25505,9.74802,0 -63.25503,9.74787,0 -63.25501,9.74774,0 -63.25497,9.74759,0 -63.25492,9.74745,0 -63.25486,9.74733,0 -63.25472,9.74713,0 -63.25461,9.74695,0 -63.25456,9.74681,0 -63.25454,9.7467,0 -63.25457,9.74658,0 -63.25468,9.74644,0 -63.25477,9.74629,0 -63.25481,9.74621,0 -63.25483,9.7461,0 -63.25483,9.74596,0 -63.25481,9.74583,0 -63.25475,9.74573,0 -63.25465,9.74563,0 -63.25458,9.74559,0 -63.25447,9.74557,0 -63.25437,9.74558,0 -63.25421,9.74565,0 -63.25396,9.74575,0 -63.25376,9.74583,0 -63.25357,9.74587,0 -63.25346,9.74588,0 -63.2533,9.74589,0 -63.25318,9.7459,0 -63.2531,9.74594,0 -63.25302,9.74602,0 -63.25298,9.74611,0 -63.25297,9.74618,0 -63.25298,9.74628,0 -63.25297,9.74636,0 -63.25297,9.74643,0 -63.25294,9.74648,0 -63.25289,9.74652,0 -63.25282,9.74655,0 -63.25274,9.74652,0 -63.25269,9.7465,0 -63.25265,9.74643,0 -63.25261,9.74634,0 -63.25255,9.74618,0 -63.2525,9.74611,0 -63.2524,9.74607,0 -63.25233,9.74606,0 -63.25223,9.74608,0 -63.25211,9.7461,0 -63.25203,9.74606,0 -63.25199,9.74603,0 -63.25193,9.74596,0 -63.25188,9.74581,0 -63.25186,9.74567,0 -63.25185,9.74555,0 -63.25186,9.74545,0 -63.25189,9.74538,0 -63.25194,9.74534,0 -63.25202,9.7453,0 -63.25212,9.74529,0 -63.2523,9.7453,0 -63.25237,9.7453,0 -63.25244,9.74528,0 -63.25251,9.74523,0 -63.25255,9.74516,0 -63.25256,9.74511,0 -63.25256,9.74504,0 -63.25253,9.74496,0 -63.25247,9.74486,0 -63.25236,9.74476,0 -63.25227,9.74468,0 -63.25215,9.74462,0 -63.25201,9.74458,0 -63.25187,9.74456,0 -63.2517,9.74452,0 -63.2516,9.74451,0 -63.25154,9.74453,0 -63.25148,9.74459,0 -63.25142,9.74471,0 -63.2514,9.74483,0 -63.2514,9.74511,0 -63.25142,9.74525,0 -63.25141,9.74535,0 -63.25137,9.74542,0 -63.2513,9.7455,0 -63.2512,9.74557,0 -63.25109,9.7456,0 -63.25095,9.74563,0 -63.25074,9.74564,0 -63.25038,9.74567,0 -63.25021,9.74567,0 -63.25009,9.74564,0 -63.24999,9.74559,0 -63.24992,9.74551,0 -63.24988,9.74545,0 -63.24986,9.74536,0 -63.24987,9.74532,0 -63.24988,9.74529,0 -63.24992,9.74521,0 -63.25001,9.74512,0 -63.25015,9.74499,0 -63.25023,9.7449,0 -63.25031,9.74479,0 -63.25037,9.74472,0 -63.25043,9.74465,0 -63.25051,9.74459,0 -63.25066,9.74454,0 -63.25085,9.74446,0 -63.25097,9.74439,0 -63.25103,9.74433,0 -63.25108,9.74424,0 -63.2511,9.74417,0 -63.2511,9.74405,0 -63.25109,9.74394,0 -63.25104,9.74378,0 -63.25097,9.74363,0 -63.25084,9.74345,0 -63.2507,9.74332,0 -63.25061,9.74328,0 -63.2505,9.74327,0 -63.25038,9.74331,0 -63.25032,9.74336,0 -63.25025,9.74344,0 -63.2502,9.74351,0 -63.25015,9.74365,0 -63.25009,9.7438,0 -63.25004,9.7439,0 -63.24998,9.74402,0 -63.2499,9.74411,0 -63.24985,9.74413,0 -63.2498,9.74413,0 -63.24976,9.74412,0 -63.24968,9.74409,0 -63.24961,9.74401,0 -63.24954,9.74389,0 -63.2495,9.74377,0 -63.24949,9.7437,0 -63.2495,9.74361,0 -63.24954,9.74346,0 -63.24963,9.74325,0 -63.24971,9.74308,0 -63.24975,9.74294,0 -63.24976,9.74276,0 -63.24974,9.74259,0 -63.24968,9.74246,0 -63.24961,9.74236,0 -63.24956,9.74226,0 -63.24953,9.74222,0 -63.24944,9.74219,0 -63.24939,9.74221,0 -63.2493,9.74223,0 -63.24921,9.74229,0 -63.2491,9.74238,0 -63.24897,9.74254,0 -63.24885,9.74268,0 -63.24869,9.74283,0 -63.24858,9.74288,0 -63.24855,9.74289,0 -63.24849,9.74288,0 -63.24846,9.74285,0 -63.24844,9.7428,0 -63.24845,9.74273,0 -63.2485,9.74265,0 -63.24861,9.74247,0 -63.24868,9.74236,0 -63.24872,9.74224,0 -63.24878,9.74203,0 -63.24885,9.74187,0 -63.24894,9.74174,0 -63.249,9.7417,0 -63.24911,9.74165,0 -63.24935,9.74155,0 -63.24953,9.74149,0 -63.24962,9.74145,0 -63.24967,9.7414,0 -63.24971,9.74134,0 -63.24972,9.74123,0 -63.2497,9.74117,0 -63.24965,9.74111,0 -63.24961,9.74105,0 -63.24951,9.74101,0 -63.24938,9.74098,0 -63.24926,9.74096,0 -63.24915,9.74095,0 -63.24906,9.7409,0 -63.24899,9.74082,0 -63.24895,9.74074,0 -63.24892,9.74065,0 -63.2489,9.74052,0 -63.24884,9.74042,0 -63.24878,9.74032,0 -63.24872,9.74027,0 -63.24867,9.74024,0 -63.24862,9.74022,0 -63.24857,9.74022,0 -63.24851,9.74023,0 -63.24844,9.74026,0 -63.24837,9.74033,0 -63.24828,9.7404,0 -63.24821,9.74042,0 -63.24811,9.74043,0 -63.24798,9.7404,0 -63.24789,9.74036,0 -63.24774,9.74027,0 -63.24764,9.74021,0 -63.24748,9.74016,0 -63.24739,9.74014,0 -63.2473,9.74008,0 -63.24723,9.74,0 -63.24719,9.7399,0 -63.24717,9.7398,0 -63.24716,9.73965,0 -63.24717,9.7395,0 -63.24721,9.73935,0 -63.24726,9.73921,0 -63.24742,9.73893,0 -63.24748,9.73881,0 -63.24754,9.73868,0 -63.24762,9.73856,0 -63.24768,9.73843,0 -63.2477,9.73832,0 -63.24771,9.73824,0 -63.24768,9.73819,0 -63.24762,9.73816,0 -63.24754,9.73814,0 -63.24746,9.73814,0 -63.24725,9.7382,0 -63.24702,9.7383,0 -63.24687,9.73842,0 -63.24679,9.73857,0 -63.2467,9.73878,0 -63.2466,9.73897,0 -63.24648,9.73914,0 -63.24639,9.73923,0 -63.24628,9.73928,0 -63.24609,9.73932,0 -63.24583,9.73934,0 -63.24559,9.73933,0 -63.24542,9.73931,0 -63.24529,9.73925,0 -63.24515,9.73915,0 -63.2451,9.73902,0 -63.24506,9.73887,0 -63.24503,9.73868,0 -63.24493,9.73852,0 -63.24488,9.73848,0 -63.24482,9.73846,0 -63.24472,9.73846,0 -63.24438,9.73857,0 -63.24397,9.73874,0 -63.24362,9.73885,0 -63.24343,9.73887,0 -63.2432,9.73886,0 -63.24295,9.73883,0 -63.24284,9.7388,0 -63.24277,9.73876,0 -63.24269,9.73871,0 -63.24266,9.73864,0 -63.2426,9.73854,0 -63.24254,9.73851,0 -63.24249,9.73849,0 -63.24238,9.73851,0 -63.24223,9.73859,0 -63.24212,9.73871,0 -63.24204,9.7389,0 -63.24197,9.7391,0 -63.24189,9.73921,0 -63.24179,9.73928,0 -63.24163,9.73937,0 -63.24147,9.7394,0 -63.24137,9.73938,0 -63.2413,9.73935,0 -63.24116,9.73924,0 -63.24098,9.73908,0 -63.24087,9.739,0 -63.24076,9.73896,0 -63.24063,9.73892,0 -63.2405,9.73888,0 -63.24041,9.73888,0 -63.24035,9.73892,0 -63.2403,9.73898,0 -63.24024,9.73912,0 -63.24018,9.73935,0 -63.24014,9.73954,0 -63.24013,9.73966,0 -63.24006,9.73979,0 -63.23999,9.73988,0 -63.23991,9.73995,0 -63.23985,9.74001,0 -63.23978,9.74005,0 -63.23966,9.7401,0 -63.23956,9.74012,0 -63.23945,9.74012,0 -63.23935,9.74012,0 -63.23927,9.74011,0 -63.23919,9.74008,0 -63.23913,9.74003,0 -63.23909,9.73998,0 -63.23908,9.73992,0 -63.23909,9.73986,0 -63.2391,9.73981,0 -63.23918,9.73965,0 -63.23924,9.73946,0 -63.23925,9.73933,0 -63.23921,9.73921,0 -63.23912,9.7391,0 -63.23901,9.73902,0 -63.23883,9.73894,0 -63.23865,9.73891,0 -63.23846,9.73893,0 -63.23827,9.73899,0 -63.23808,9.73907,0 -63.23788,9.73923,0 -63.23761,9.73947,0 -63.23746,9.73966,0 -63.23739,9.73977,0 -63.23727,9.73998,0 -63.23719,9.74012,0 -63.23711,9.74033,0 -63.23702,9.74055,0 -63.23695,9.74079,0 -63.23691,9.7409,0 -63.23687,9.74096,0 -63.23682,9.74102,0 -63.23674,9.74105,0 -63.2367,9.74106,0 -63.23667,9.74105,0 -63.2366,9.74103,0 -63.23646,9.74094,0 -63.23636,9.74085,0 -63.23628,9.74076,0 -63.23624,9.74068,0 -63.23622,9.74061,0 -63.23622,9.74054,0 -63.23623,9.74048,0 -63.23625,9.74043,0 -63.23629,9.74039,0 -63.23634,9.74034,0 -63.23643,9.74028,0 -63.23649,9.74022,0 -63.23654,9.74018,0 -63.23656,9.74013,0 -63.23656,9.74005,0 -63.23654,9.73997,0 -63.23652,9.73991,0 -63.23647,9.73984,0 -63.2364,9.73975,0 -63.23633,9.73969,0 -63.23627,9.73965,0 -63.23628,9.73965,0 -63.23609,9.7395,0 -63.23589,9.73934,0 -63.23581,9.73929,0 -63.23572,9.73927,0 -63.23557,9.73927,0 -63.23537,9.73929,0 -63.23522,9.73931,0 -63.23495,9.73935,0 -63.23485,9.73936,0 -63.23473,9.73939,0 -63.2345,9.73943,0 -63.23431,9.73946,0 -63.23413,9.73947,0 -63.234,9.73951,0 -63.23391,9.73955,0 -63.2339,9.73957,0 -63.23382,9.73966,0 -63.23376,9.73972,0 -63.23369,9.73983,0 -63.23364,9.73993,0 -63.23359,9.73999,0 -63.23352,9.74003,0 -63.23339,9.74007,0 -63.2333,9.7401,0 -63.23319,9.7401,0 -63.23308,9.74009,0 -63.23293,9.74006,0 -63.23281,9.74001,0 -63.23271,9.73997,0 -63.23261,9.73994,0 -63.23248,9.7399,0 -63.23239,9.73989,0 -63.23229,9.73987,0 -63.2322,9.73983,0 -63.23212,9.73978,0 -63.23203,9.73971,0 -63.23195,9.73966,0 -63.23184,9.73961,0 -63.23172,9.7396,0 -63.23157,9.73961,0 -63.2315,9.73966,0 -63.23141,9.73978,0 -63.23135,9.7399,0 -63.23131,9.74,0 -63.23129,9.7401,0 -63.23128,9.74027,0 -63.23127,9.74044,0 -63.23125,9.7406,0 -63.23119,9.74079,0 -63.23116,9.74091,0 -63.2311,9.74102,0 -63.23105,9.74109,0 -63.231,9.74114,0 -63.23088,9.74123,0 -63.23071,9.74132,0 -63.23052,9.74142,0 -63.23037,9.74149,0 -63.23021,9.74156,0 -63.23007,9.74167,0 -63.22998,9.74176,0 -63.2299,9.74186,0 -63.22982,9.74198,0 -63.22976,9.74213,0 -63.22966,9.7423,0 -63.22954,9.74251,0 -63.22938,9.74278,0 -63.22926,9.74293,0 -63.22916,9.74305,0 -63.22911,9.74315,0 -63.22907,9.74324,0 -63.22905,9.74338,0 -63.22904,9.74348,0 -63.229,9.74364,0 -63.22897,9.74376,0 -63.22897,9.74386,0 -63.22897,9.74395,0 -63.229,9.74406,0 -63.22904,9.74417,0 -63.2291,9.74423,0 -63.22915,9.74428,0 -63.22924,9.74432,0 -63.22932,9.74435,0 -63.22944,9.74438,0 -63.2295,9.7444,0 -63.22955,9.74446,0 -63.22956,9.74451,0 -63.22954,9.74456,0 -63.2295,9.74461,0 -63.22939,9.74468,0 -63.2292,9.7448,0 -63.22901,9.74488,0 -63.22893,9.74489,0 -63.22882,9.74489,0 -63.22872,9.74486,0 -63.22861,9.74481,0 -63.22851,9.74474,0 -63.22844,9.74466,0 -63.22837,9.7446,0 -63.22829,9.74452,0 -63.22825,9.74443,0 -63.22822,9.74437,0 -63.22821,9.74424,0 -63.22819,9.74413,0 -63.22815,9.74396,0 -63.22813,9.74384,0 -63.2281,9.74372,0 -63.22809,9.74357,0 -63.22808,9.74342,0 -63.22807,9.7432,0 -63.22807,9.74302,0 -63.22805,9.74294,0 -63.22801,9.74285,0 -63.22795,9.74276,0 -63.22786,9.74268,0 -63.22775,9.74261,0 -63.22763,9.74257,0 -63.22751,9.74256,0 -63.22736,9.74255,0 -63.22714,9.74251,0 -63.22697,9.74244,0 -63.22683,9.74241,0 -63.22672,9.74241,0 -63.22659,9.74245,0 -63.22648,9.7425,0 -63.22637,9.74258,0 -63.22622,9.74267,0 -63.2261,9.74281,0 -63.22603,9.7429,0 -63.22599,9.74299,0 -63.22593,9.74309,0 -63.22588,9.74322,0 -63.22577,9.74346,0 -63.22568,9.74358,0 -63.22558,9.74367,0 -63.22548,9.74372,0 -63.22539,9.74374,0 -63.2253,9.74373,0 -63.22524,9.74372,0 -63.22512,9.74368,0 -63.22502,9.74362,0 -63.22491,9.74354,0 -63.22482,9.74346,0 -63.22475,9.74342,0 -63.22472,9.74342,0 -63.22468,9.74343,0 -63.22462,9.74349,0 -63.22458,9.7436,0 -63.22457,9.74367,0 -63.22458,9.74374,0 -63.2246,9.74384,0 -63.22467,9.74395,0 -63.22481,9.74409,0 -63.22503,9.7443,0 -63.22514,9.74442,0 -63.22534,9.74455,0 -63.22554,9.74465,0 -63.22573,9.7448,0 -63.22579,9.74491,0 -63.2258,9.74498,0 -63.22579,9.74498,0 -63.22578,9.74504,0 -63.22574,9.74513,0 -63.22563,9.74526,0 -63.22552,9.74536,0 -63.22545,9.74546,0 -63.22538,9.74565,0 -63.22534,9.74576,0 -63.22523,9.74591,0 -63.22512,9.746,0 -63.225,9.74607,0 -63.22488,9.74609,0 -63.22479,9.74609,0 -63.22471,9.74608,0 -63.22457,9.746,0 -63.22445,9.74588,0 -63.22428,9.74571,0 -63.22419,9.74561,0 -63.22411,9.74554,0 -63.22403,9.74551,0 -63.22399,9.7455,0 -63.22393,9.74551,0 -63.22388,9.74554,0 -63.2238,9.74558,0 -63.22376,9.74562,0 -63.22372,9.74568,0 -63.22366,9.74576,0 -63.22359,9.74594,0 -63.22356,9.74609,0 -63.2235,9.74618,0 -63.22343,9.74624,0 -63.22332,9.74627,0 -63.22321,9.74629,0 -63.22313,9.74631,0 -63.22308,9.74636,0 -63.22303,9.74642,0 -63.22302,9.74656,0 -63.22304,9.7467,0 -63.22317,9.74698,0 -63.2232,9.74707,0 -63.22319,9.74712,0 -63.22318,9.74716,0 -63.22312,9.7472,0 -63.22306,9.74723,0 -63.22296,9.74724,0 -63.2229,9.74721,0 -63.22279,9.74716,0 -63.2227,9.74709,0 -63.22261,9.74705,0 -63.22255,9.74703,0 -63.22242,9.74702,0 -63.22231,9.74698,0 -63.22218,9.74691,0 -63.22209,9.74683,0 -63.22202,9.74677,0 -63.22198,9.74671,0 -63.22198,9.74664,0 -63.22198,9.74655,0 -63.22202,9.74636,0 -63.22204,9.74627,0 -63.22204,9.74622,0 -63.22201,9.74617,0 -63.22193,9.74612,0 -63.22187,9.74611,0 -63.2218,9.74612,0 -63.22173,9.74615,0 -63.22167,9.74621,0 -63.22155,9.74634,0 -63.22143,9.74646,0 -63.22137,9.74652,0 -63.22122,9.74659,0 -63.22115,9.74661,0 -63.22104,9.74662,0 -63.22092,9.74659,0 -63.22074,9.74651,0 -63.22056,9.74641,0 -63.2204,9.74636,0 -63.22037,9.74635,0 -63.22028,9.74633,0 -63.22018,9.74632,0 -63.22013,9.74634,0 -63.22008,9.74635,0 -63.22001,9.74638,0 -63.21995,9.74643,0 -63.21987,9.74652,0 -63.21981,9.74661,0 -63.21979,9.7467,0 -63.21977,9.74677,0 -63.21978,9.74687,0 -63.21981,9.747,0 -63.21987,9.74716,0 -63.21996,9.74731,0 -63.22003,9.74745,0 -63.22014,9.74755,0 -63.22021,9.74765,0 -63.22031,9.74773,0 -63.2204,9.7478,0 -63.22054,9.74788,0 -63.22066,9.74797,0 -63.22073,9.74804,0 -63.22079,9.74814,0 -63.22086,9.74827,0 -63.22093,9.74835,0 -63.22104,9.74845,0 -63.22121,9.74857,0 -63.22138,9.74864,0 -63.22147,9.7487,0 -63.22161,9.74884,0 -63.22173,9.74898,0 -63.22188,9.74912,0 -63.22199,9.74921,0 -63.22209,9.74931,0 -63.22219,9.74944,0 -63.22234,9.74959,0 -63.22237,9.74964,0 -63.2224,9.7497,0 -63.22239,9.74977,0 -63.22236,9.74983,0 -63.22228,9.74991,0 -63.22216,9.74995,0 -63.22207,9.74998,0 -63.22189,9.75002,0 -63.22172,9.75007,0 -63.22164,9.75012,0 -63.22157,9.75018,0 -63.2215,9.7503,0 -63.22147,9.75036,0 -63.22146,9.75046,0 -63.22149,9.75055,0 -63.22155,9.75062,0 -63.22161,9.75072,0 -63.22163,9.75078,0 -63.22163,9.75084,0 -63.22161,9.7509,0 -63.22156,9.75093,0 -63.2215,9.75092,0 -63.22142,9.75088,0 -63.22135,9.75081,0 -63.2213,9.75073,0 -63.22124,9.75062,0 -63.22123,9.75054,0 -63.22119,9.75046,0 -63.22116,9.75036,0 -63.22115,9.75025,0 -63.22114,9.75009,0 -63.22111,9.75001,0 -63.22105,9.74987,0 -63.22097,9.7497,0 -63.22094,9.74956,0 -63.22094,9.74944,0 -63.22096,9.7493,0 -63.22099,9.74914,0 -63.22099,9.749,0 -63.22096,9.74889,0 -63.22092,9.74883,0 -63.22085,9.74881,0 -63.22079,9.74882,0 -63.22074,9.74884,0 -63.22066,9.7489,0 -63.22054,9.74904,0 -63.22042,9.74919,0 -63.22036,9.74928,0 -63.2203,9.74938,0 -63.22024,9.74952,0 -63.2202,9.7497,0 -63.22018,9.74981,0 -63.22017,9.74994,0 -63.22017,9.75001,0 -63.22019,9.75013,0 -63.22023,9.75019,0 -63.22028,9.75026,0 -63.22032,9.7503,0 -63.22038,9.75035,0 -63.22047,9.7504,0 -63.22068,9.75054,0 -63.22074,9.75062,0 -63.22076,9.75071,0 -63.22077,9.75083,0 -63.22075,9.75105,0 -63.22076,9.75116,0 -63.22083,9.75127,0 -63.2209,9.75133,0 -63.22099,9.75139,0 -63.22115,9.75145,0 -63.22131,9.75149,0 -63.22147,9.75149,0 -63.22168,9.75146,0 -63.22193,9.75139,0 -63.22218,9.75135,0 -63.22232,9.75135,0 -63.22248,9.75137,0 -63.22259,9.75142,0 -63.22263,9.75147,0 -63.22264,9.75153,0 -63.22263,9.75164,0 -63.22255,9.75185,0 -63.2225,9.75202,0 -63.22247,9.75222,0 -63.22244,9.75229,0 -63.22241,9.75236,0 -63.22233,9.75241,0 -63.22224,9.75243,0 -63.22212,9.7524,0 -63.22202,9.75233,0 -63.22187,9.75222,0 -63.2217,9.75206,0 -63.22156,9.75194,0 -63.22145,9.75185,0 -63.22133,9.7518,0 -63.22122,9.75178,0 -63.22112,9.75179,0 -63.22105,9.75181,0 -63.22096,9.75187,0 -63.22085,9.75199,0 -63.22075,9.75214,0 -63.22063,9.75233,0 -63.22055,9.75246,0 -63.2205,9.75252,0 -63.22047,9.75254,0 -63.22038,9.75261,0 -63.22031,9.75263,0 -63.22023,9.75264,0 -63.22016,9.75263,0 -63.22009,9.75262,0 -63.22005,9.7526,0 -63.21995,9.7525,0 -63.21986,9.75237,0 -63.21981,9.75227,0 -63.2198,9.7522,0 -63.21979,9.7521,0 -63.21981,9.75197,0 -63.21984,9.7518,0 -63.21993,9.75159,0 -63.22001,9.75142,0 -63.22003,9.75135,0 -63.22003,9.7513,0 -63.22003,9.75124,0 -63.22001,9.75118,0 -63.21997,9.75114,0 -63.21992,9.75109,0 -63.21986,9.75106,0 -63.21978,9.75105,0 -63.21966,9.75105,0 -63.21955,9.75108,0 -63.21946,9.7511,0 -63.21937,9.75116,0 -63.21929,9.75122,0 -63.21919,9.75132,0 -63.21914,9.75141,0 -63.21908,9.75152,0 -63.21904,9.75169,0 -63.219,9.75184,0 -63.21899,9.75197,0 -63.219,9.75209,0 -63.21903,9.75225,0 -63.21909,9.7524,0 -63.21918,9.75253,0 -63.21926,9.75262,0 -63.21936,9.75269,0 -63.21947,9.75275,0 -63.21958,9.75283,0 -63.21967,9.75289,0 -63.21974,9.75298,0 -63.21977,9.75304,0 -63.21978,9.75311,0 -63.21978,9.75319,0 -63.21976,9.75328,0 -63.21972,9.75333,0 -63.21968,9.75339,0 -63.21959,9.75346,0 -63.21939,9.75356,0 -63.21914,9.75368,0 -63.21894,9.75379,0 -63.21874,9.75389,0 -63.21858,9.75398,0 -63.21851,9.75404,0 -63.21848,9.7541,0 -63.21846,9.75416,0 -63.21846,9.75424,0 -63.21848,9.75427,0 -63.21853,9.75431,0 -63.21866,9.75437,0 -63.21883,9.7544,0 -63.21896,9.7544,0 -63.2192,9.75438,0 -63.2194,9.75437,0 -63.21949,9.75439,0 -63.21954,9.7544,0 -63.21956,9.75444,0 -63.21957,9.75451,0 -63.21956,9.75457,0 -63.21953,9.75464,0 -63.21947,9.75472,0 -63.21939,9.75479,0 -63.21929,9.75484,0 -63.21918,9.75487,0 -63.21899,9.75489,0 -63.21885,9.7549,0 -63.21855,9.7549,0 -63.21834,9.75488,0 -63.21817,9.75486,0 -63.21787,9.75482,0 -63.21771,9.7548,0 -63.21755,9.7548,0 -63.21742,9.75479,0 -63.21733,9.75476,0 -63.21727,9.75474,0 -63.21723,9.75471,0 -63.21722,9.75467,0 -63.21722,9.75466,0 -63.21722,9.75461,0 -63.21727,9.75449,0 -63.21736,9.75433,0 -63.21745,9.75413,0 -63.21749,9.75399,0 -63.2175,9.7539,0 -63.2175,9.75385,0 -63.21748,9.75378,0 -63.2174,9.75368,0 -63.21729,9.75359,0 -63.21719,9.75352,0 -63.2171,9.75347,0 -63.21701,9.75344,0 -63.2169,9.75342,0 -63.21679,9.75339,0 -63.21662,9.75334,0 -63.21649,9.75328,0 -63.21639,9.75322,0 -63.21628,9.75315,0 -63.21609,9.75304,0 -63.21591,9.7529,0 -63.21582,9.7528,0 -63.21578,9.75271,0 -63.21575,9.7526,0 -63.21574,9.7525,0 -63.21575,9.75242,0 -63.21577,9.75231,0 -63.2158,9.7522,0 -63.21584,9.7521,0 -63.21591,9.75198,0 -63.21611,9.75173,0 -63.21629,9.75152,0 -63.21648,9.75132,0 -63.21659,9.75118,0 -63.21663,9.75106,0 -63.21664,9.75095,0 -63.21662,9.75087,0 -63.21657,9.75078,0 -63.21651,9.75074,0 -63.21643,9.7507,0 -63.21631,9.75067,0 -63.21618,9.75065,0 -63.21609,9.75064,0 -63.21599,9.75065,0 -63.21588,9.75069,0 -63.21578,9.75076,0 -63.2157,9.75084,0 -63.21565,9.75093,0 -63.21557,9.75107,0 -63.21552,9.75115,0 -63.21547,9.7512,0 -63.21539,9.75126,0 -63.21524,9.75133,0 -63.21514,9.75139,0 -63.21505,9.75146,0 -63.21499,9.75155,0 -63.21491,9.75169,0 -63.21489,9.75177,0 -63.21489,9.75186,0 -63.2149,9.7519,0 -63.21491,9.75195,0 -63.21495,9.75206,0 -63.21501,9.75219,0 -63.21509,9.75234,0 -63.21516,9.75249,0 -63.2152,9.75259,0 -63.21523,9.75271,0 -63.21523,9.75281,0 -63.21522,9.75289,0 -63.21519,9.75301,0 -63.2151,9.75318,0 -63.21509,9.75319,0 -63.21507,9.75326,0 -63.21504,9.75334,0 -63.21502,9.75345,0 -63.215,9.75355,0 -63.21502,9.75364,0 -63.21504,9.75377,0 -63.21508,9.75389,0 -63.21515,9.75412,0 -63.21519,9.75428,0 -63.21521,9.75444,0 -63.21522,9.75465,0 -63.21524,9.75485,0 -63.21527,9.755,0 -63.2153,9.75513,0 -63.21533,9.75529,0 -63.21533,9.75537,0 -63.21532,9.75543,0 -63.2153,9.75548,0 -63.21527,9.7555,0 -63.21523,9.75553,0 -63.21515,9.75554,0 -63.21508,9.75552,0 -63.21499,9.75549,0 -63.21483,9.75542,0 -63.21465,9.75535,0 -63.21445,9.75526,0 -63.21436,9.75523,0 -63.21427,9.75522,0 -63.21419,9.75525,0 -63.21407,9.75534,0 -63.21401,9.7554,0 -63.21395,9.75549,0 -63.2139,9.75558,0 -63.21386,9.75566,0 -63.21384,9.75575,0 -63.21382,9.75584,0 -63.21381,9.75596,0 -63.21384,9.75616,0 -63.21389,9.75634,0 -63.21395,9.75646,0 -63.21399,9.75652,0 -63.21402,9.75654,0 -63.21414,9.75657,0 -63.21429,9.75662,0 -63.21437,9.75667,0 -63.21441,9.75672,0 -63.21442,9.75679,0 -63.21442,9.75686,0 -63.21438,9.75697,0 -63.21432,9.75708,0 -63.2142,9.75723,0 -63.21412,9.75732,0 -63.21403,9.75747,0 -63.21396,9.75756,0 -63.21391,9.75759,0 -63.21386,9.75761,0 -63.21382,9.75763,0 -63.21374,9.75763,0 -63.21357,9.75761,0 -63.2134,9.7576,0 -63.21321,9.75762,0 -63.2131,9.75763,0 -63.21304,9.75766,0 -63.21295,9.75772,0 -63.21288,9.7578,0 -63.21285,9.75787,0 -63.21285,9.75796,0 -63.21286,9.75803,0 -63.21293,9.75816,0 -63.213,9.75826,0 -63.21304,9.75832,0 -63.21309,9.75841,0 -63.21324,9.75858,0 -63.21337,9.75868,0 -63.21366,9.7589,0 -63.21379,9.75901,0 -63.21386,9.75913,0 -63.21388,9.75923,0 -63.21388,9.75935,0 -63.21387,9.7595,0 -63.21383,9.75968,0 -63.21374,9.75998,0 -63.21368,9.76011,0 -63.21363,9.76018,0 -63.21358,9.7602,0 -63.21354,9.7602,0 -63.21352,9.76019,0 -63.21348,9.76018,0 -63.21335,9.76012,0 -63.21314,9.75998,0 -63.213,9.7599,0 -63.21288,9.75986,0 -63.21277,9.75984,0 -63.21269,9.75985,0 -63.21259,9.75987,0 -63.21245,9.75993,0 -63.21229,9.76003,0 -63.2121,9.76017,0 -63.2119,9.76032,0 -63.21179,9.76043,0 -63.21173,9.76052,0 -63.21169,9.76062,0 -63.21167,9.7607,0 -63.21168,9.76085,0 -63.21171,9.76104,0 -63.21178,9.76131,0 -63.21183,9.76156,0 -63.21184,9.76178,0 -63.21183,9.76189,0 -63.2118,9.76197,0 -63.21175,9.76207,0 -63.21166,9.76219,0 -63.21147,9.76244,0 -63.21127,9.76268,0 -63.21115,9.76279,0 -63.21105,9.76286,0 -63.21099,9.7629,0 -63.21091,9.76291,0 -63.21086,9.7629,0 -63.21077,9.76288,0 -63.21067,9.76283,0 -63.21058,9.76274,0 -63.2105,9.76259,0 -63.21041,9.76241,0 -63.21029,9.76224,0 -63.21015,9.76211,0 -63.21,9.76198,0 -63.20988,9.76193,0 -63.20967,9.76188,0 -63.20945,9.76186,0 -63.20925,9.76187,0 -63.20912,9.76189,0 -63.20896,9.76194,0 -63.20877,9.76202,0 -63.2086,9.7621,0 -63.20848,9.76217,0 -63.20839,9.76224,0 -63.20835,9.7623,0 -63.20832,9.76236,0 -63.2083,9.76246,0 -63.2083,9.76286,0 -63.20832,9.76314,0 -63.20833,9.76325,0 -63.20833,9.76349,0 -63.2083,9.76362,0 -63.20824,9.76378,0 -63.20817,9.76388,0 -63.20808,9.76398,0 -63.208,9.76402,0 -63.20791,9.76404,0 -63.20785,9.76403,0 -63.20779,9.76401,0 -63.20773,9.76394,0 -63.20769,9.76386,0 -63.20761,9.76363,0 -63.20757,9.76345,0 -63.20754,9.7633,0 -63.20751,9.7632,0 -63.20745,9.76297,0 -63.20741,9.76285,0 -63.20735,9.76277,0 -63.20728,9.76273,0 -63.20718,9.76271,0 -63.20709,9.76271,0 -63.20695,9.76275,0 -63.20693,9.76276,0 -63.20681,9.7628,0 -63.20669,9.76286,0 -63.20656,9.76292,0 -63.20634,9.763,0 -63.20617,9.76306,0 -63.20597,9.76315,0 -63.20581,9.76322,0 -63.20564,9.7633,0 -63.20547,9.76339,0 -63.20536,9.76346,0 -63.20524,9.76359,0 -63.20518,9.76369,0 -63.20515,9.76379,0 -63.20513,9.76392,0 -63.20512,9.76402,0 -63.20513,9.76431,0 -63.20512,9.76442,0 -63.2051,9.76452,0 -63.20504,9.76468,0 -63.2049,9.76494,0 -63.20476,9.76521,0 -63.20472,9.7653,0 -63.20459,9.76551,0 -63.20446,9.76566,0 -63.20435,9.76578,0 -63.20423,9.76586,0 -63.20414,9.76591,0 -63.20405,9.76592,0 -63.20398,9.76592,0 -63.20392,9.76591,0 -63.20383,9.76585,0 -63.20377,9.76578,0 -63.20373,9.76571,0 -63.20367,9.76558,0 -63.20363,9.76543,0 -63.2036,9.76531,0 -63.20355,9.7652,0 -63.2035,9.76508,0 -63.20342,9.76494,0 -63.20334,9.76485,0 -63.20328,9.76479,0 -63.2032,9.76476,0 -63.2031,9.76474,0 -63.20304,9.76475,0 -63.20297,9.76477,0 -63.20287,9.76484,0 -63.20281,9.76492,0 -63.20278,9.765,0 -63.20275,9.76512,0 -63.20272,9.76537,0 -63.20268,9.76553,0 -63.20264,9.76562,0 -63.20261,9.76567,0 -63.20256,9.7657,0 -63.20251,9.76573,0 -63.2024,9.76576,0 -63.2023,9.76576,0 -63.20221,9.76575,0 -63.20211,9.76571,0 -63.20202,9.76564,0 -63.20193,9.76552,0 -63.20181,9.76535,0 -63.20169,9.76517,0 -63.20155,9.76497,0 -63.20143,9.7648,0 -63.20131,9.76462,0 -63.2012,9.7645,0 -63.20111,9.76441,0 -63.20097,9.76427,0 -63.20079,9.76413,0 -63.20053,9.76395,0 -63.20028,9.76382,0 -63.20016,9.76377,0 -63.19994,9.76369,0 -63.19961,9.76361,0 -63.19942,9.76358,0 -63.19926,9.76357,0 -63.19913,9.76359,0 -63.19897,9.76362,0 -63.19883,9.76368,0 -63.19873,9.76377,0 -63.19868,9.76386,0 -63.19863,9.76399,0 -63.1986,9.76413,0 -63.19862,9.76433,0 -63.19864,9.76456,0 -63.19869,9.7649,0 -63.19873,9.76509,0 -63.19873,9.76519,0 -63.19873,9.76525,0 -63.19872,9.76531,0 -63.19868,9.76539,0 -63.19864,9.76544,0 -63.19854,9.7655,0 -63.1984,9.76559,0 -63.19833,9.76566,0 -63.19826,9.76575,0 -63.19818,9.76585,0 -63.19808,9.76595,0 -63.19798,9.76603,0 -63.19786,9.76614,0 -63.1978,9.76621,0 -63.19774,9.76632,0 -63.1977,9.76648,0 -63.1977,9.7666,0 -63.19769,9.76682,0 -63.19768,9.76685,0 -63.19762,9.76689,0 -63.1975,9.76689,0 -63.19741,9.76688,0 -63.19735,9.76686,0 -63.19724,9.76682,0 -63.19716,9.76674,0 -63.19703,9.76666,0 -63.19689,9.76656,0 -63.19681,9.76648,0 -63.19677,9.76636,0 -63.19675,9.76624,0 -63.19673,9.766,0 -63.19673,9.7659,0 -63.19669,9.76582,0 -63.19663,9.76576,0 -63.19655,9.76572,0 -63.19645,9.76571,0 -63.19635,9.76572,0 -63.19628,9.76574,0 -63.1962,9.7658,0 -63.19593,9.76604,0 -63.19575,9.76617,0 -63.19554,9.76632,0 -63.19537,9.76642,0 -63.19524,9.76648,0 -63.1951,9.7665,0 -63.19496,9.76652,0 -63.19485,9.76652,0 -63.19475,9.7665,0 -63.19467,9.76646,0 -63.19458,9.76639,0 -63.19451,9.76628,0 -63.19447,9.76619,0 -63.19443,9.76599,0 -63.19441,9.76584,0 -63.19435,9.7656,0 -63.19432,9.76539,0 -63.19427,9.76521,0 -63.19423,9.76497,0 -63.19421,9.7648,0 -63.19418,9.76469,0 -63.19416,9.76463,0 -63.19412,9.76459,0 -63.19407,9.76456,0 -63.19402,9.76453,0 -63.19391,9.76451,0 -63.19376,9.76451,0 -63.19358,9.76456,0 -63.19335,9.76466,0 -63.19313,9.76475,0 -63.19301,9.76478,0 -63.19294,9.76477,0 -63.19291,9.76475,0 -63.19288,9.76471,0 -63.19288,9.76465,0 -63.19291,9.7646,0 -63.19308,9.76444,0 -63.19341,9.76416,0 -63.19357,9.76402,0 -63.19371,9.76388,0 -63.19379,9.76378,0 -63.19393,9.76361,0 -63.19407,9.76343,0 -63.19421,9.76323,0 -63.19424,9.76314,0 -63.19425,9.76304,0 -63.19425,9.76297,0 -63.19424,9.76291,0 -63.1942,9.76286,0 -63.19414,9.76283,0 -63.19406,9.76282,0 -63.19398,9.76283,0 -63.19374,9.76294,0 -63.19345,9.76307,0 -63.19327,9.76315,0 -63.19316,9.76318,0 -63.19307,9.76316,0 -63.19293,9.76309,0 -63.19281,9.76299,0 -63.19274,9.7629,0 -63.19271,9.76286,0 -63.19271,9.76282,0 -63.19271,9.76279,0 -63.19274,9.76277,0 -63.19279,9.76274,0 -63.19292,9.76269,0 -63.19314,9.76259,0 -63.19336,9.76243,0 -63.19361,9.76225,0 -63.1939,9.76203,0 -63.19406,9.7619,0 -63.19415,9.76181,0 -63.19419,9.76174,0 -63.1942,9.76167,0 -63.1942,9.76163,0 -63.19417,9.76158,0 -63.19414,9.76154,0 -63.19406,9.76153,0 -63.19395,9.76153,0 -63.19383,9.76155,0 -63.19374,9.76155,0 -63.19362,9.76153,0 -63.19348,9.76147,0 -63.1933,9.76137,0 -63.19316,9.76133,0 -63.19299,9.76128,0 -63.19284,9.76125,0 -63.1926,9.76123,0 -63.19234,9.76124,0 -63.19216,9.76126,0 -63.19204,9.76129,0 -63.1919,9.76137,0 -63.19182,9.76145,0 -63.19175,9.76157,0 -63.19166,9.76172,0 -63.1916,9.76187,0 -63.19157,9.76206,0 -63.19152,9.76227,0 -63.19148,9.7624,0 -63.19145,9.76243,0 -63.19139,9.76247,0 -63.1913,9.76248,0 -63.19113,9.76245,0 -63.19092,9.76238,0 -63.19078,9.76231,0 -63.19065,9.7622,0 -63.19059,9.76214,0 -63.19057,9.7621,0 -63.19057,9.76204,0 -63.19059,9.76198,0 -63.19064,9.76194,0 -63.19084,9.76187,0 -63.19109,9.76178,0 -63.19119,9.76173,0 -63.19133,9.7616,0 -63.1914,9.7615,0 -63.19142,9.76142,0 -63.19142,9.76129,0 -63.19141,9.76121,0 -63.19136,9.76105,0 -63.1913,9.76089,0 -63.19125,9.76071,0 -63.19122,9.76061,0 -63.19115,9.76046,0 -63.19104,9.76029,0 -63.19094,9.76016,0 -63.19085,9.76006,0 -63.19073,9.75997,0 -63.19062,9.75994,0 -63.19056,9.75994,0 -63.1905,9.75997,0 -63.19048,9.76002,0 -63.19044,9.76014,0 -63.19039,9.76023,0 -63.19033,9.76026,0 -63.19029,9.76025,0 -63.19025,9.76022,0 -63.1902,9.76014,0 -63.19019,9.76008,0 -63.19018,9.75993,0 -63.19019,9.75979,0 -63.1902,9.75968,0 -63.19017,9.75957,0 -63.19015,9.75943,0 -63.19008,9.75923,0 -63.19002,9.75907,0 -63.19002,9.75895,0 -63.19003,9.75887,0 -63.19008,9.75879,0 -63.19018,9.75871,0 -63.19036,9.75861,0 -63.19074,9.75846,0 -63.19107,9.75835,0 -63.19122,9.75829,0 -63.19145,9.75818,0 -63.19166,9.75807,0 -63.19177,9.75797,0 -63.19181,9.75789,0 -63.19183,9.75783,0 -63.19182,9.7578,0 -63.19182,9.75773,0 -63.1918,9.75768,0 -63.19178,9.75764,0 -63.19166,9.75754,0 -63.19152,9.75748,0 -63.19129,9.75739,0 -63.19105,9.7573,0 -63.19082,9.7572,0 -63.1906,9.75709,0 -63.19037,9.75696,0 -63.19015,9.75681,0 -63.18996,9.75666,0 -63.1898,9.75655,0 -63.18966,9.75649,0 -63.18955,9.75646,0 -63.18942,9.75646,0 -63.18928,9.75648,0 -63.18917,9.75652,0 -63.1891,9.75657,0 -63.18904,9.75664,0 -63.18892,9.7568,0 -63.1888,9.75696,0 -63.18874,9.75701,0 -63.18865,9.75702,0 -63.18862,9.75702,0 -63.18857,9.75697,0 -63.18851,9.75691,0 -63.18849,9.75684,0 -63.18849,9.75675,0 -63.18849,9.75655,0 -63.18848,9.75646,0 -63.18845,9.75641,0 -63.18836,9.75633,0 -63.18828,9.7563,0 -63.18819,9.75628,0 -63.18811,9.7563,0 -63.18803,9.75636,0 -63.18792,9.7565,0 -63.18784,9.75659,0 -63.18774,9.75668,0 -63.18769,9.7568,0 -63.18767,9.75689,0 -63.18769,9.75699,0 -63.18773,9.75717,0 -63.18774,9.75733,0 -63.18773,9.75749,0 -63.18769,9.75763,0 -63.18765,9.75768,0 -63.18759,9.75769,0 -63.18751,9.75769,0 -63.18747,9.75766,0 -63.18741,9.75761,0 -63.18734,9.75747,0 -63.18727,9.7573,0 -63.18719,9.75708,0 -63.18712,9.75696,0 -63.18706,9.75688,0 -63.18698,9.75679,0 -63.18687,9.75673,0 -63.18674,9.75668,0 -63.18661,9.75669,0 -63.18653,9.75673,0 -63.18645,9.75677,0 -63.18636,9.75683,0 -63.18624,9.75693,0 -63.18613,9.75698,0 -63.18603,9.757,0 -63.18591,9.757,0 -63.18582,9.757,0 -63.1857,9.75697,0 -63.18562,9.75694,0 -63.18554,9.75689,0 -63.18547,9.75682,0 -63.18543,9.75672,0 -63.1854,9.75662,0 -63.18539,9.75651,0 -63.18539,9.75644,0 -63.18539,9.75636,0 -63.18538,9.75629,0 -63.18536,9.75618,0 -63.18531,9.75611,0 -63.18527,9.75608,0 -63.18524,9.75607,0 -63.1852,9.75606,0 -63.18512,9.75603,0 -63.18504,9.75603,0 -63.18499,9.75604,0 -63.18488,9.75608,0 -63.18474,9.75611,0 -63.18463,9.75612,0 -63.18454,9.75614,0
          </coordinates></LinearRing></outerBoundaryIs>
        </Polygon>
      </Placemark>
      <Placemark>
        <name>Las Cocuizas (Maturín)</name>
        <description>Parroquia Las Cocuizas, Municipio Maturín. PCODE: VE160804</description>
        <styleUrl>#style-parroquia-las-cocuizas</styleUrl>
        <Polygon>
          <outerBoundaryIs><LinearRing><coordinates>
            -63.11868,9.64759,0 -63.11875,9.68093,0 -63.09917,9.74696,0 -63.10542,9.81224,0 -63.1067,9.8115,0 -63.10673,9.8114,0 -63.10675,9.8113,0 -63.10678,9.81123,0 -63.10682,9.81117,0 -63.10687,9.81112,0 -63.10693,9.81108,0 -63.10704,9.81104,0 -63.10714,9.81103,0 -63.10731,9.81102,0 -63.10746,9.81101,0 -63.10757,9.81102,0 -63.10765,9.81104,0 -63.10771,9.81106,0 -63.10781,9.81111,0 -63.10809,9.81128,0 -63.10822,9.81134,0 -63.10837,9.81139,0 -63.10846,9.81141,0 -63.10854,9.81142,0 -63.10858,9.81143,0 -63.10871,9.81141,0 -63.10893,9.81136,0 -63.10914,9.81129,0 -63.10934,9.8112,0 -63.10948,9.81113,0 -63.10957,9.81105,0 -63.10965,9.81093,0 -63.10972,9.81081,0 -63.10975,9.81068,0 -63.10976,9.81061,0 -63.10976,9.81048,0 -63.10974,9.81031,0 -63.10973,9.81017,0 -63.10974,9.81007,0 -63.10975,9.80997,0 -63.10976,9.80987,0 -63.10974,9.80976,0 -63.1097,9.80962,0 -63.10966,9.80952,0 -63.10964,9.80944,0 -63.10964,9.80938,0 -63.10964,9.80931,0 -63.10966,9.80925,0 -63.10969,9.80916,0 -63.10975,9.80906,0 -63.10978,9.80898,0 -63.10979,9.80892,0 -63.10977,9.80883,0 -63.10973,9.80871,0 -63.10971,9.80862,0 -63.10971,9.80853,0 -63.10972,9.8084,0 -63.10974,9.8083,0 -63.10978,9.8082,0 -63.10982,9.80811,0 -63.10981,9.80805,0 -63.10979,9.80797,0 -63.10974,9.80791,0 -63.10963,9.8078,0 -63.10923,9.80755,0 -63.10877,9.80734,0 -63.10851,9.80718,0 -63.1084,9.80707,0 -63.10833,9.80697,0 -63.10827,9.80684,0 -63.10825,9.80672,0 -63.10826,9.80658,0 -63.10832,9.80646,0 -63.1084,9.80639,0 -63.10852,9.80634,0 -63.10864,9.80631,0 -63.10878,9.8063,0 -63.10891,9.80631,0 -63.10915,9.80634,0 -63.10934,9.80636,0 -63.10944,9.80635,0 -63.10957,9.80632,0 -63.10974,9.80626,0 -63.10994,9.80615,0 -63.11011,9.80608,0 -63.1102,9.80607,0 -63.11028,9.80606,0 -63.11037,9.80607,0 -63.11049,9.80609,0 -63.11068,9.80613,0 -63.11106,9.80626,0 -63.11113,9.8063,0 -63.11141,9.80647,0 -63.11148,9.80652,0 -63.11166,9.80667,0 -63.11183,9.80679,0 -63.1119,9.80682,0 -63.11199,9.80682,0 -63.11208,9.80681,0 -63.11218,9.80678,0 -63.11227,9.80672,0 -63.11242,9.80657,0 -63.11252,9.80647,0 -63.11276,9.80627,0 -63.11284,9.80623,0 -63.11293,9.80618,0 -63.113,9.80616,0 -63.11308,9.80615,0 -63.11317,9.80615,0 -63.11324,9.80616,0 -63.11329,9.80619,0 -63.11337,9.80624,0 -63.11341,9.8063,0 -63.11344,9.80639,0 -63.11345,9.80646,0 -63.11345,9.80658,0 -63.11345,9.80668,0 -63.11342,9.80685,0 -63.11334,9.80717,0 -63.11329,9.8074,0 -63.11329,9.8075,0 -63.11329,9.80756,0 -63.11334,9.80765,0 -63.11344,9.80774,0 -63.11354,9.80779,0 -63.1136,9.80782,0 -63.11366,9.80783,0 -63.11377,9.80781,0 -63.1139,9.80778,0 -63.11407,9.80773,0 -63.11416,9.80772,0 -63.11422,9.80772,0 -63.11432,9.80773,0 -63.11446,9.80773,0 -63.11455,9.80771,0 -63.11465,9.80765,0 -63.11472,9.80759,0 -63.11478,9.80752,0 -63.11484,9.80739,0 -63.11486,9.80729,0 -63.11487,9.80724,0 -63.11488,9.80713,0 -63.11489,9.80701,0 -63.1149,9.80687,0 -63.11492,9.80676,0 -63.11496,9.80664,0 -63.11498,9.80657,0 -63.11505,9.80649,0 -63.11514,9.80638,0 -63.11525,9.80626,0 -63.11535,9.80618,0 -63.11543,9.80613,0 -63.1155,9.80609,0 -63.11557,9.80606,0 -63.11566,9.80606,0 -63.11571,9.80606,0 -63.11575,9.80607,0 -63.1158,9.80609,0 -63.11585,9.80612,0 -63.11588,9.80614,0 -63.11593,9.8062,0 -63.11596,9.80629,0 -63.11596,9.80633,0 -63.11597,9.80637,0 -63.11596,9.80645,0 -63.11595,9.80653,0 -63.11593,9.80663,0 -63.11592,9.80672,0 -63.1159,9.80679,0 -63.1159,9.80689,0 -63.1159,9.80697,0 -63.11592,9.80704,0 -63.11595,9.8071,0 -63.11596,9.80713,0 -63.11601,9.80718,0 -63.11606,9.80722,0 -63.1161,9.80728,0 -63.11614,9.80735,0 -63.11616,9.80742,0 -63.11616,9.8075,0 -63.11614,9.80759,0 -63.11614,9.8077,0 -63.11616,9.80781,0 -63.11617,9.80788,0 -63.11618,9.80798,0 -63.11621,9.80809,0 -63.11625,9.80822,0 -63.11629,9.80833,0 -63.11635,9.80841,0 -63.11642,9.80852,0 -63.11649,9.8086,0 -63.11658,9.80868,0 -63.11666,9.80872,0 -63.11671,9.80875,0 -63.11679,9.80878,0 -63.11689,9.8088,0 -63.11699,9.80879,0 -63.11709,9.80877,0 -63.11718,9.80874,0 -63.11724,9.8087,0 -63.11729,9.80867,0 -63.11735,9.80866,0 -63.11741,9.80864,0 -63.11748,9.80863,0 -63.11758,9.80861,0 -63.11766,9.80858,0 -63.1177,9.80854,0 -63.11773,9.8085,0 -63.11774,9.80846,0 -63.11773,9.80843,0 -63.11772,9.8084,0 -63.11768,9.80838,0 -63.11764,9.80836,0 -63.11756,9.80836,0 -63.11749,9.80837,0 -63.11742,9.80838,0 -63.11732,9.80839,0 -63.11725,9.80839,0 -63.11715,9.80839,0 -63.11709,9.80837,0 -63.11702,9.80834,0 -63.11696,9.80831,0 -63.1169,9.80825,0 -63.11687,9.80821,0 -63.11684,9.80815,0 -63.11682,9.80807,0 -63.11682,9.80798,0 -63.11685,9.80791,0 -63.11689,9.80784,0 -63.11698,9.80775,0 -63.11709,9.80761,0 -63.11714,9.80756,0 -63.11717,9.8075,0 -63.11723,9.80742,0 -63.11727,9.80738,0 -63.11731,9.80734,0 -63.11734,9.80729,0 -63.11738,9.80722,0 -63.1174,9.80715,0 -63.11742,9.80708,0 -63.11743,9.80698,0 -63.11744,9.80691,0 -63.11743,9.8068,0 -63.11741,9.80671,0 -63.11738,9.80659,0 -63.11735,9.80653,0 -63.11732,9.80649,0 -63.11721,9.80637,0 -63.11709,9.80623,0 -63.11702,9.80616,0 -63.11698,9.80611,0 -63.11696,9.80607,0 -63.11694,9.80602,0 -63.11693,9.80598,0 -63.11693,9.80594,0 -63.11693,9.80588,0 -63.11694,9.80581,0 -63.11697,9.80572,0 -63.11702,9.80567,0 -63.11706,9.80562,0 -63.11713,9.80557,0 -63.11721,9.80551,0 -63.11732,9.80546,0 -63.11747,9.80541,0 -63.11754,9.80538,0 -63.11766,9.80537,0 -63.11779,9.80536,0 -63.11788,9.80537,0 -63.11793,9.80538,0 -63.11801,9.80541,0 -63.11807,9.80544,0 -63.11815,9.80549,0 -63.11821,9.80554,0 -63.11829,9.80561,0 -63.11838,9.80571,0 -63.11847,9.80583,0 -63.11857,9.80596,0 -63.11859,9.80598,0 -63.11866,9.80605,0 -63.1187,9.8061,0 -63.11875,9.80614,0 -63.11882,9.80618,0 -63.11894,9.80622,0 -63.11905,9.80624,0 -63.11915,9.80625,0 -63.11922,9.80623,0 -63.11931,9.80619,0 -63.11936,9.80617,0 -63.11948,9.80611,0 -63.11955,9.80609,0 -63.11961,9.80607,0 -63.11968,9.80604,0 -63.11973,9.80601,0 -63.11979,9.80595,0 -63.11983,9.8059,0 -63.11986,9.80583,0 -63.11988,9.80575,0 -63.11988,9.80567,0 -63.11986,9.80558,0 -63.11984,9.80552,0 -63.11976,9.80538,0 -63.11968,9.80524,0 -63.11954,9.80505,0 -63.11937,9.80479,0 -63.11927,9.80462,0 -63.11917,9.80449,0 -63.11912,9.8044,0 -63.11906,9.80432,0 -63.11902,9.80427,0 -63.11896,9.80417,0 -63.1189,9.80407,0 -63.11884,9.80401,0 -63.11879,9.80396,0 -63.11874,9.80392,0 -63.1187,9.80391,0 -63.11862,9.8039,0 -63.11858,9.8039,0 -63.11849,9.80392,0 -63.11843,9.80395,0 -63.11838,9.804,0 -63.11832,9.80409,0 -63.11825,9.80421,0 -63.11822,9.80428,0 -63.11822,9.80438,0 -63.1182,9.80446,0 -63.11818,9.80456,0 -63.11817,9.80462,0 -63.11813,9.80471,0 -63.11808,9.8048,0 -63.11803,9.80486,0 -63.11797,9.8049,0 -63.11791,9.80494,0 -63.11784,9.80495,0 -63.11778,9.80494,0 -63.11771,9.80493,0 -63.11764,9.80489,0 -63.11759,9.80484,0 -63.11755,9.80477,0 -63.11751,9.80468,0 -63.11749,9.80457,0 -63.11749,9.80439,0 -63.11749,9.8043,0 -63.11748,9.80423,0 -63.11746,9.80418,0 -63.11743,9.80411,0 -63.11739,9.80403,0 -63.11733,9.80394,0 -63.11726,9.80383,0 -63.11719,9.80374,0 -63.11717,9.80371,0 -63.11716,9.8037,0 -63.11715,9.80366,0 -63.11713,9.80361,0 -63.11712,9.80356,0 -63.11712,9.8035,0 -63.11712,9.80346,0 -63.11713,9.80341,0 -63.11714,9.80337,0 -63.11717,9.80333,0 -63.1172,9.80328,0 -63.11724,9.80325,0 -63.11728,9.80323,0 -63.11731,9.80321,0 -63.11736,9.80319,0 -63.1174,9.80317,0 -63.11743,9.80317,0 -63.11753,9.80316,0 -63.11769,9.80317,0 -63.11782,9.80318,0 -63.1179,9.80319,0 -63.11793,9.80319,0 -63.11797,9.80318,0 -63.11802,9.80317,0 -63.11807,9.80315,0 -63.11812,9.80313,0 -63.11816,9.80311,0 -63.11819,9.80308,0 -63.11823,9.80304,0 -63.11827,9.80299,0 -63.11832,9.80293,0 -63.11843,9.8028,0 -63.11854,9.80269,0 -63.11858,9.80265,0 -63.11865,9.80259,0 -63.11869,9.80255,0 -63.11875,9.80252,0 -63.11879,9.8025,0 -63.11885,9.80247,0 -63.11891,9.80245,0 -63.11896,9.80243,0 -63.119,9.80241,0 -63.11904,9.80239,0 -63.11908,9.80236,0 -63.11912,9.80232,0 -63.11915,9.80229,0 -63.11918,9.80224,0 -63.11923,9.80216,0 -63.11925,9.80209,0 -63.11926,9.80203,0 -63.11926,9.80195,0 -63.11926,9.80188,0 -63.11925,9.80182,0 -63.11924,9.80174,0 -63.11921,9.80163,0 -63.11919,9.80156,0 -63.11917,9.8014,0 -63.11916,9.80135,0 -63.11916,9.80119,0 -63.11917,9.80111,0 -63.11918,9.80102,0 -63.1192,9.80096,0 -63.11921,9.8009,0 -63.11923,9.80082,0 -63.11925,9.80072,0 -63.11927,9.80065,0 -63.11929,9.80059,0 -63.11932,9.80053,0 -63.11935,9.80046,0 -63.11937,9.8004,0 -63.11941,9.80032,0 -63.11945,9.80025,0 -63.11948,9.80021,0 -63.11954,9.80015,0 -63.11958,9.80011,0 -63.11964,9.80006,0 -63.1197,9.80002,0 -63.11976,9.8,0 -63.11983,9.79997,0 -63.1199,9.79995,0 -63.12,9.79992,0 -63.12006,9.7999,0 -63.12019,9.79988,0 -63.12031,9.79987,0 -63.12042,9.79987,0 -63.12046,9.79987,0 -63.12053,9.79987,0 -63.12058,9.79988,0 -63.12065,9.7999,0 -63.1207,9.79992,0 -63.12074,9.79994,0 -63.12079,9.79998,0 -63.12083,9.80001,0 -63.12086,9.80004,0 -63.1209,9.80009,0 -63.12093,9.80015,0 -63.12094,9.80021,0 -63.12095,9.80029,0 -63.12095,9.80035,0 -63.12095,9.80043,0 -63.12094,9.80049,0 -63.12093,9.80054,0 -63.12093,9.80057,0 -63.12091,9.80061,0 -63.12089,9.80066,0 -63.12084,9.80074,0 -63.12083,9.80078,0 -63.12079,9.80085,0 -63.12077,9.80091,0 -63.12076,9.80096,0 -63.12075,9.80104,0 -63.12074,9.80108,0 -63.12073,9.80113,0 -63.12072,9.80116,0 -63.12071,9.80121,0 -63.12068,9.80125,0 -63.12067,9.80128,0 -63.12063,9.80132,0 -63.12059,9.80134,0 -63.12055,9.80136,0 -63.12051,9.80136,0 -63.12044,9.80136,0 -63.12037,9.80134,0 -63.12022,9.80128,0 -63.12013,9.80124,0 -63.12008,9.80123,0 -63.12003,9.80122,0 -63.11999,9.80123,0 -63.11997,9.80124,0 -63.11994,9.80126,0 -63.11991,9.80128,0 -63.11988,9.80132,0 -63.11986,9.80135,0 -63.11984,9.80138,0 -63.11983,9.80143,0 -63.11982,9.80151,0 -63.11981,9.80158,0 -63.11981,9.80164,0 -63.11981,9.8017,0 -63.11982,9.80178,0 -63.11984,9.80186,0 -63.11985,9.8019,0 -63.11987,9.80197,0 -63.1199,9.80204,0 -63.11993,9.80209,0 -63.11996,9.80215,0 -63.12001,9.8022,0 -63.12007,9.80226,0 -63.12013,9.80231,0 -63.12021,9.80236,0 -63.12024,9.80237,0 -63.1203,9.8024,0 -63.12034,9.80241,0 -63.12038,9.80242,0 -63.12042,9.80242,0 -63.12046,9.80242,0 -63.12051,9.80241,0 -63.12056,9.80238,0 -63.12063,9.80235,0 -63.12072,9.80229,0 -63.1209,9.80215,0 -63.12101,9.80208,0 -63.12107,9.80202,0 -63.12113,9.80198,0 -63.12117,9.80195,0 -63.12125,9.8019,0 -63.12129,9.80187,0 -63.1214,9.80182,0 -63.1215,9.80178,0 -63.12158,9.80175,0 -63.12169,9.80172,0 -63.12178,9.8017,0 -63.12192,9.80167,0 -63.12206,9.80165,0 -63.12215,9.80164,0 -63.12222,9.80163,0 -63.12229,9.80161,0 -63.12239,9.80159,0 -63.12259,9.80151,0 -63.12266,9.80148,0 -63.12281,9.80142,0 -63.1229,9.80138,0 -63.12295,9.80136,0 -63.12311,9.8013,0 -63.12334,9.80121,0 -63.12373,9.80105,0 -63.12384,9.801,0 -63.1239,9.80096,0 -63.12393,9.80092,0 -63.12395,9.80089,0 -63.12397,9.80083,0 -63.12397,9.80074,0 -63.12397,9.80069,0 -63.12394,9.80062,0 -63.12391,9.80053,0 -63.12389,9.80049,0 -63.12387,9.80046,0 -63.12387,9.80044,0 -63.12386,9.80042,0 -63.12386,9.80037,0 -63.12387,9.80032,0 -63.1239,9.80025,0 -63.12394,9.80016,0 -63.12399,9.80006,0 -63.12401,9.80001,0 -63.12402,9.79995,0 -63.12403,9.79991,0 -63.12402,9.79987,0 -63.12402,9.79981,0 -63.12402,9.79973,0 -63.12402,9.79955,0 -63.124,9.79939,0 -63.12398,9.79926,0 -63.12395,9.79908,0 -63.12392,9.79899,0 -63.12392,9.79885,0 -63.12393,9.79874,0 -63.12396,9.79865,0 -63.12399,9.79857,0 -63.12403,9.79848,0 -63.12407,9.79843,0 -63.12412,9.79837,0 -63.12415,9.79835,0 -63.12418,9.79832,0 -63.1242,9.7983,0 -63.1243,9.79821,0 -63.12436,9.79817,0 -63.12443,9.79811,0 -63.12455,9.79802,0 -63.1246,9.79796,0 -63.12473,9.79783,0 -63.12481,9.79775,0 -63.12487,9.79766,0 -63.12494,9.79756,0 -63.12499,9.7975,0 -63.12504,9.79744,0 -63.12512,9.79738,0 -63.12521,9.79733,0 -63.12528,9.79732,0 -63.12533,9.79731,0 -63.12539,9.79733,0 -63.12544,9.79736,0 -63.12547,9.79741,0 -63.12551,9.79747,0 -63.12553,9.79755,0 -63.12555,9.79765,0 -63.12555,9.79772,0 -63.12554,9.79787,0 -63.12553,9.79798,0 -63.12549,9.79811,0 -63.12547,9.79826,0 -63.12545,9.79843,0 -63.12545,9.79856,0 -63.12545,9.7987,0 -63.12546,9.79877,0 -63.12547,9.79884,0 -63.12548,9.79892,0 -63.12551,9.799,0 -63.12555,9.79908,0 -63.1256,9.79917,0 -63.12565,9.79923,0 -63.12574,9.79931,0 -63.12583,9.79938,0 -63.12596,9.79947,0 -63.12604,9.79952,0 -63.12615,9.79957,0 -63.12628,9.79965,0 -63.12641,9.79972,0 -63.12655,9.79982,0 -63.12664,9.79987,0 -63.12672,9.79992,0 -63.12681,9.79996,0 -63.12688,9.79998,0 -63.12693,9.79998,0 -63.12696,9.79998,0 -63.127,9.79997,0 -63.12704,9.79996,0 -63.12707,9.79994,0 -63.12711,9.7999,0 -63.12714,9.79986,0 -63.12717,9.79983,0 -63.12717,9.7998,0 -63.12717,9.79978,0 -63.12717,9.79974,0 -63.12716,9.7997,0 -63.12714,9.79967,0 -63.12712,9.79964,0 -63.12709,9.79962,0 -63.12707,9.79961,0 -63.12703,9.7996,0 -63.12698,9.7996,0 -63.12694,9.7996,0 -63.12688,9.7996,0 -63.12681,9.7996,0 -63.12675,9.79959,0 -63.12671,9.79959,0 -63.12665,9.79957,0 -63.12659,9.79954,0 -63.12652,9.79948,0 -63.12647,9.79944,0 -63.12642,9.79936,0 -63.1264,9.7993,0 -63.12638,9.79925,0 -63.12638,9.79917,0 -63.1264,9.79909,0 -63.12644,9.79902,0 -63.12651,9.79894,0 -63.12666,9.79882,0 -63.12679,9.79875,0 -63.12693,9.79866,0 -63.12702,9.79862,0 -63.12707,9.79859,0 -63.1271,9.79856,0 -63.12714,9.79852,0 -63.12718,9.79846,0 -63.1272,9.79842,0 -63.12721,9.79839,0 -63.12723,9.79834,0 -63.12724,9.79831,0 -63.12725,9.79826,0 -63.12727,9.7982,0 -63.12727,9.79814,0 -63.12728,9.79808,0 -63.12729,9.798,0 -63.12731,9.79791,0 -63.12734,9.79786,0 -63.12738,9.7978,0 -63.12746,9.79771,0 -63.12751,9.79767,0 -63.12756,9.79763,0 -63.1276,9.7976,0 -63.12764,9.79758,0 -63.1277,9.79755,0 -63.12775,9.79754,0 -63.12778,9.79753,0 -63.12782,9.79753,0 -63.12787,9.79754,0 -63.1279,9.79756,0 -63.12795,9.79759,0 -63.12799,9.79762,0 -63.12803,9.79766,0 -63.12806,9.79772,0 -63.12808,9.79781,0 -63.1281,9.79794,0 -63.12811,9.79807,0 -63.12812,9.79815,0 -63.12811,9.79828,0 -63.12811,9.79834,0 -63.12811,9.79844,0 -63.1281,9.7985,0 -63.1281,9.79857,0 -63.12811,9.79864,0 -63.12812,9.79868,0 -63.12814,9.79874,0 -63.12817,9.79879,0 -63.1282,9.79883,0 -63.12824,9.79885,0 -63.12828,9.79886,0 -63.12833,9.79887,0 -63.12839,9.79886,0 -63.12845,9.79884,0 -63.12851,9.7988,0 -63.12857,9.79876,0 -63.12862,9.79871,0 -63.12865,9.79866,0 -63.12866,9.79858,0 -63.12867,9.79853,0 -63.12867,9.79847,0 -63.12866,9.79841,0 -63.12863,9.7983,0 -63.1286,9.7982,0 -63.12857,9.79813,0 -63.12856,9.79808,0 -63.12857,9.79801,0 -63.12858,9.79793,0 -63.12861,9.79785,0 -63.12866,9.79777,0 -63.12871,9.79772,0 -63.12876,9.79768,0 -63.12883,9.79764,0 -63.12889,9.79761,0 -63.129,9.79757,0 -63.12906,9.79755,0 -63.12914,9.79752,0 -63.12922,9.79748,0 -63.12933,9.79742,0 -63.12943,9.79736,0 -63.1295,9.79733,0 -63.12956,9.79731,0 -63.12962,9.79729,0 -63.12964,9.79729,0 -63.12967,9.79729,0 -63.1297,9.79729,0 -63.12973,9.79729,0 -63.12976,9.7973,0 -63.12979,9.79733,0 -63.12982,9.79734,0 -63.12985,9.79739,0 -63.12988,9.79746,0 -63.1299,9.79753,0 -63.12993,9.7976,0 -63.12995,9.79767,0 -63.12996,9.79774,0 -63.12997,9.79783,0 -63.12999,9.79788,0 -63.13001,9.79795,0 -63.13004,9.79802,0 -63.13007,9.79807,0 -63.1301,9.7981,0 -63.13015,9.79815,0 -63.13019,9.79818,0 -63.13024,9.79821,0 -63.1303,9.79822,0 -63.13034,9.79822,0 -63.13038,9.7982,0 -63.13042,9.79817,0 -63.13045,9.79815,0 -63.13046,9.79813,0 -63.13048,9.7981,0 -63.13048,9.79808,0 -63.13048,9.79805,0 -63.13048,9.79802,0 -63.13047,9.79798,0 -63.13045,9.79793,0 -63.13043,9.7979,0 -63.13041,9.79785,0 -63.1304,9.7978,0 -63.1304,9.79778,0 -63.1304,9.79774,0 -63.1304,9.79768,0 -63.13041,9.79763,0 -63.13043,9.79757,0 -63.13045,9.79752,0 -63.13049,9.79746,0 -63.13053,9.79741,0 -63.13056,9.79735,0 -63.13058,9.7973,0 -63.1306,9.79723,0 -63.13061,9.79718,0 -63.13062,9.79715,0 -63.13062,9.7971,0 -63.13062,9.79706,0 -63.13061,9.79701,0 -63.13059,9.79696,0 -63.13056,9.79692,0 -63.13054,9.79689,0 -63.13049,9.79685,0 -63.13044,9.79683,0 -63.13039,9.79682,0 -63.13032,9.79681,0 -63.13025,9.7968,0 -63.13022,9.7968,0 -63.13016,9.79679,0 -63.13012,9.79678,0 -63.13007,9.79677,0 -63.13002,9.79675,0 -63.12995,9.79672,0 -63.12988,9.79666,0 -63.12982,9.7966,0 -63.12978,9.79652,0 -63.12974,9.79645,0 -63.12971,9.79637,0 -63.12971,9.79628,0 -63.12972,9.79622,0 -63.12973,9.79617,0 -63.12974,9.79611,0 -63.12974,9.79605,0 -63.12974,9.79602,0 -63.12974,9.79598,0 -63.12973,9.79594,0 -63.12972,9.79589,0 -63.12971,9.79584,0 -63.12971,9.79577,0 -63.12972,9.79573,0 -63.12975,9.79568,0 -63.12978,9.79562,0 -63.12982,9.79557,0 -63.12987,9.79553,0 -63.12991,9.7955,0 -63.12996,9.79547,0 -63.13001,9.79546,0 -63.13007,9.79545,0 -63.13014,9.79545,0 -63.1302,9.79547,0 -63.13026,9.79549,0 -63.13035,9.79554,0 -63.13044,9.79562,0 -63.13057,9.79576,0 -63.13065,9.79585,0 -63.13072,9.79592,0 -63.13075,9.79594,0 -63.13079,9.79596,0 -63.13082,9.79598,0 -63.13085,9.79598,0 -63.13089,9.79598,0 -63.13094,9.79597,0 -63.13098,9.79593,0 -63.13102,9.7959,0 -63.13104,9.79587,0 -63.13105,9.79582,0 -63.13105,9.79578,0 -63.13105,9.79571,0 -63.13105,9.79564,0 -63.13106,9.79558,0 -63.13107,9.79553,0 -63.1311,9.79546,0 -63.13113,9.79541,0 -63.13115,9.79537,0 -63.13117,9.79534,0 -63.1312,9.7953,0 -63.13126,9.79527,0 -63.13134,9.79523,0 -63.13144,9.7952,0 -63.13155,9.79517,0 -63.13165,9.79516,0 -63.13172,9.79516,0 -63.1318,9.79516,0 -63.13187,9.79516,0 -63.13197,9.79517,0 -63.13204,9.79518,0 -63.1321,9.79519,0 -63.13217,9.79521,0 -63.13224,9.79523,0 -63.13232,9.79524,0 -63.13239,9.79525,0 -63.13243,9.79524,0 -63.13249,9.79524,0 -63.13253,9.79524,0 -63.13258,9.79522,0 -63.13261,9.7952,0 -63.13265,9.79518,0 -63.13267,9.79515,0 -63.13268,9.79513,0 -63.13269,9.7951,0 -63.13268,9.79505,0 -63.13266,9.79501,0 -63.13263,9.79497,0 -63.13258,9.79492,0 -63.13252,9.79486,0 -63.13242,9.79479,0 -63.13231,9.79473,0 -63.13215,9.79466,0 -63.13197,9.79462,0 -63.1318,9.79457,0 -63.13166,9.79453,0 -63.1315,9.79448,0 -63.13138,9.79445,0 -63.13127,9.7944,0 -63.13121,9.79436,0 -63.13119,9.79435,0 -63.13117,9.79431,0 -63.13116,9.79428,0 -63.13117,9.79424,0 -63.13119,9.7942,0 -63.13121,9.79416,0 -63.13124,9.79413,0 -63.13127,9.7941,0 -63.13131,9.79406,0 -63.13135,9.79403,0 -63.1314,9.79401,0 -63.13146,9.79399,0 -63.13154,9.79394,0 -63.13165,9.7939,0 -63.13186,9.79385,0 -63.13202,9.79381,0 -63.13209,9.79378,0 -63.13221,9.79372,0 -63.13231,9.79362,0 -63.13237,9.79353,0 -63.13247,9.79333,0 -63.13258,9.79319,0 -63.13264,9.7931,0 -63.13273,9.79305,0 -63.13283,9.793,0 -63.13293,9.79301,0 -63.133,9.79305,0 -63.13307,9.79312,0 -63.13312,9.79323,0 -63.13315,9.79339,0 -63.13317,9.79359,0 -63.13317,9.79376,0 -63.13316,9.79398,0 -63.13318,9.79401,0 -63.13319,9.79405,0 -63.1332,9.79409,0 -63.13322,9.79414,0 -63.13324,9.79419,0 -63.13327,9.79424,0 -63.1333,9.79428,0 -63.13333,9.79432,0 -63.13336,9.79437,0 -63.13339,9.79443,0 -63.13343,9.79452,0 -63.13348,9.79461,0 -63.13352,9.79468,0 -63.13356,9.79476,0 -63.13361,9.79484,0 -63.13365,9.79489,0 -63.13369,9.79494,0 -63.13374,9.79498,0 -63.13377,9.79501,0 -63.13381,9.79504,0 -63.13387,9.79507,0 -63.1339,9.79508,0 -63.13394,9.79509,0 -63.13397,9.79509,0 -63.13399,9.79509,0 -63.13402,9.79508,0 -63.13405,9.79506,0 -63.13408,9.79503,0 -63.1341,9.795,0 -63.13411,9.79497,0 -63.13412,9.79493,0 -63.13412,9.79488,0 -63.13411,9.79481,0 -63.1341,9.79473,0 -63.13407,9.79466,0 -63.13404,9.79459,0 -63.13399,9.79449,0 -63.13394,9.79439,0 -63.13392,9.79436,0 -63.1339,9.79433,0 -63.1339,9.7943,0 -63.13389,9.79427,0 -63.13388,9.79424,0 -63.13388,9.79419,0 -63.13388,9.79416,0 -63.13389,9.79412,0 -63.1339,9.79409,0 -63.13392,9.79404,0 -63.13394,9.79401,0 -63.13398,9.79399,0 -63.134,9.79398,0 -63.13404,9.79396,0 -63.13411,9.79396,0 -63.13415,9.79397,0 -63.13417,9.79398,0 -63.13422,9.794,0 -63.13425,9.79403,0 -63.1343,9.79407,0 -63.13436,9.79412,0 -63.1344,9.79417,0 -63.13444,9.79423,0 -63.13448,9.79429,0 -63.13451,9.79437,0 -63.13454,9.79443,0 -63.13456,9.79451,0 -63.13459,9.79459,0 -63.13462,9.79465,0 -63.13465,9.79471,0 -63.13467,9.79477,0 -63.1347,9.79481,0 -63.13474,9.79486,0 -63.13479,9.79492,0 -63.13486,9.79497,0 -63.13494,9.79503,0 -63.13502,9.79508,0 -63.13511,9.79513,0 -63.13521,9.79517,0 -63.13532,9.7952,0 -63.13546,9.79524,0 -63.13554,9.79526,0 -63.13563,9.79527,0 -63.13569,9.79528,0 -63.13576,9.79529,0 -63.13584,9.79529,0 -63.13588,9.79529,0 -63.13592,9.79528,0 -63.13595,9.79527,0 -63.13599,9.79525,0 -63.13601,9.79524,0 -63.13604,9.79521,0 -63.13605,9.79518,0 -63.13606,9.79515,0 -63.13606,9.79512,0 -63.13605,9.79508,0 -63.13603,9.79503,0 -63.13601,9.795,0 -63.13599,9.79495,0 -63.13596,9.79492,0 -63.13592,9.79489,0 -63.13588,9.79486,0 -63.13588,9.79486,0 -63.13582,9.79483,0 -63.13575,9.79478,0 -63.13566,9.79473,0 -63.13558,9.79468,0 -63.13552,9.79464,0 -63.13545,9.79459,0 -63.13536,9.79453,0 -63.13528,9.79446,0 -63.1352,9.7944,0 -63.13516,9.79437,0 -63.13509,9.7943,0 -63.13501,9.79422,0 -63.13495,9.79414,0 -63.1349,9.79406,0 -63.13485,9.79399,0 -63.13484,9.79395,0 -63.13483,9.79387,0 -63.13486,9.7938,0 -63.13493,9.7937,0 -63.13502,9.79364,0 -63.13514,9.7936,0 -63.13523,9.79358,0 -63.13532,9.79359,0 -63.13542,9.79363,0 -63.13562,9.79374,0 -63.13568,9.79377,0 -63.13577,9.79379,0 -63.13584,9.79379,0 -63.13589,9.79376,0 -63.13593,9.79373,0 -63.13596,9.79364,0 -63.13602,9.79354,0 -63.13605,9.79347,0 -63.13605,9.79343,0 -63.13603,9.79335,0 -63.13597,9.79329,0 -63.13586,9.79324,0 -63.13556,9.79318,0 -63.13538,9.79313,0 -63.13525,9.79305,0 -63.13516,9.79297,0 -63.13513,9.79288,0 -63.13512,9.79283,0 -63.13514,9.79277,0 -63.13517,9.79271,0 -63.13523,9.79266,0 -63.13531,9.79264,0 -63.13547,9.79262,0 -63.13575,9.79261,0 -63.13598,9.79261,0 -63.13606,9.7926,0 -63.13612,9.79258,0 -63.13615,9.79254,0 -63.13616,9.79252,0 -63.13614,9.79246,0 -63.1361,9.79232,0 -63.13606,9.7922,0 -63.13603,9.792,0 -63.13603,9.79183,0 -63.13606,9.7916,0 -63.13607,9.79145,0 -63.13607,9.79125,0 -63.13607,9.79107,0 -63.1361,9.79094,0 -63.13616,9.79075,0 -63.13627,9.79064,0 -63.13637,9.79061,0 -63.13647,9.79059,0 -63.13665,9.79062,0 -63.13675,9.79067,0 -63.13684,9.79074,0 -63.13692,9.79084,0 -63.13702,9.79093,0 -63.13718,9.79109,0 -63.13727,9.79116,0 -63.13742,9.79128,0 -63.13755,9.79136,0 -63.13763,9.79142,0 -63.13777,9.79151,0 -63.13789,9.79161,0 -63.13802,9.79169,0 -63.13813,9.79173,0 -63.13823,9.79172,0 -63.13831,9.79171,0 -63.13836,9.79169,0 -63.13843,9.79163,0 -63.13847,9.79155,0 -63.13848,9.79148,0 -63.13846,9.7914,0 -63.13837,9.79132,0 -63.1383,9.7913,0 -63.13816,9.79128,0 -63.1379,9.79125,0 -63.13773,9.79119,0 -63.1376,9.79112,0 -63.13754,9.79107,0 -63.13749,9.79101,0 -63.13735,9.79076,0 -63.13729,9.79062,0 -63.13729,9.79056,0 -63.1373,9.79043,0 -63.13732,9.7903,0 -63.13738,9.79016,0 -63.1374,9.79011,0 -63.1375,9.79008,0 -63.13756,9.79008,0 -63.13768,9.79011,0 -63.13776,9.79016,0 -63.13791,9.79031,0 -63.13798,9.79036,0 -63.13806,9.7904,0 -63.1382,9.79042,0 -63.13833,9.79039,0 -63.13853,9.79038,0 -63.13872,9.79038,0 -63.13889,9.79041,0 -63.13908,9.79043,0 -63.13916,9.79041,0 -63.13926,9.79038,0 -63.13931,9.7903,0 -63.13935,9.79018,0 -63.13934,9.79004,0 -63.1393,9.78992,0 -63.13926,9.78987,0 -63.13917,9.78976,0 -63.13912,9.78973,0 -63.1391,9.78967,0 -63.13909,9.78958,0 -63.1391,9.7895,0 -63.13915,9.78942,0 -63.13925,9.78931,0 -63.1394,9.78915,0 -63.13947,9.78904,0 -63.13949,9.78894,0 -63.13951,9.78884,0 -63.1395,9.78874,0 -63.13944,9.78863,0 -63.13938,9.78855,0 -63.13919,9.78834,0 -63.1389,9.78803,0 -63.13887,9.78794,0 -63.13885,9.78786,0 -63.13886,9.78778,0 -63.13889,9.78766,0 -63.13898,9.78758,0 -63.13907,9.78752,0 -63.13914,9.78751,0 -63.13932,9.78749,0 -63.1396,9.78752,0 -63.13979,9.7875,0 -63.13988,9.78746,0 -63.13997,9.78739,0 -63.1401,9.78715,0 -63.14014,9.78707,0 -63.14019,9.78701,0 -63.1403,9.7869,0 -63.14051,9.78681,0 -63.14068,9.78677,0 -63.14084,9.78673,0 -63.1409,9.7867,0 -63.14095,9.78664,0 -63.14097,9.7866,0 -63.14094,9.78653,0 -63.14089,9.78648,0 -63.14082,9.78641,0 -63.14064,9.78623,0 -63.14054,9.78609,0 -63.14047,9.78597,0 -63.14037,9.78578,0 -63.14034,9.78558,0 -63.14033,9.78545,0 -63.14034,9.78533,0 -63.14042,9.78516,0 -63.14048,9.78506,0 -63.14057,9.78497,0 -63.14068,9.78492,0 -63.14087,9.78487,0 -63.14114,9.78483,0 -63.14138,9.78481,0 -63.14151,9.78478,0 -63.14166,9.78473,0 -63.14201,9.78454,0 -63.14212,9.78445,0 -63.14217,9.78439,0 -63.14226,9.78423,0 -63.14231,9.78404,0 -63.14233,9.78396,0 -63.14235,9.7838,0 -63.14236,9.78356,0 -63.14233,9.78338,0 -63.14231,9.7831,0 -63.14227,9.7828,0 -63.14223,9.78262,0 -63.14216,9.78241,0 -63.14211,9.78218,0 -63.1421,9.78205,0 -63.14211,9.7819,0 -63.14216,9.78176,0 -63.14222,9.78162,0 -63.14225,9.78156,0 -63.14235,9.78145,0 -63.14246,9.78135,0 -63.14257,9.78128,0 -63.14264,9.78125,0 -63.14273,9.78124,0 -63.14281,9.78126,0 -63.14297,9.78137,0 -63.14304,9.78146,0 -63.14308,9.78156,0 -63.1431,9.78163,0 -63.14311,9.78169,0 -63.14311,9.78174,0 -63.14314,9.7818,0 -63.14316,9.78189,0 -63.14319,9.78194,0 -63.14325,9.782,0 -63.14331,9.78203,0 -63.14339,9.78205,0 -63.14345,9.78205,0 -63.14359,9.78199,0 -63.14376,9.78195,0 -63.14387,9.78189,0 -63.14396,9.78182,0 -63.144,9.78173,0 -63.14403,9.78162,0 -63.14409,9.78147,0 -63.14418,9.7813,0 -63.14424,9.78119,0 -63.14433,9.78102,0 -63.14439,9.78085,0 -63.14444,9.78067,0 -63.14445,9.78051,0 -63.14444,9.78032,0 -63.14444,9.78009,0 -63.14444,9.77987,0 -63.14442,9.77975,0 -63.14437,9.77959,0 -63.14433,9.77942,0 -63.14432,9.77924,0 -63.14432,9.77896,0 -63.14434,9.77875,0 -63.14437,9.77861,0 -63.14442,9.77848,0 -63.14452,9.77834,0 -63.14467,9.77818,0 -63.14486,9.77806,0 -63.14501,9.77801,0 -63.14519,9.77797,0 -63.14543,9.77794,0 -63.14566,9.77793,0 -63.14586,9.77793,0 -63.14608,9.7779,0 -63.14628,9.77786,0 -63.1464,9.77781,0 -63.14648,9.77774,0 -63.14658,9.77765,0 -63.14662,9.77755,0 -63.14665,9.77746,0 -63.14662,9.77733,0 -63.14653,9.77721,0 -63.14646,9.77717,0 -63.14625,9.77701,0 -63.14612,9.77688,0 -63.14606,9.77678,0 -63.14603,9.77667,0 -63.14601,9.7765,0 -63.14603,9.77626,0 -63.14609,9.77605,0 -63.14614,9.77592,0 -63.14618,9.77578,0 -63.14622,9.77555,0 -63.14624,9.77536,0 -63.14627,9.77521,0 -63.14631,9.7751,0 -63.14636,9.77502,0 -63.14642,9.77497,0 -63.14651,9.77493,0 -63.1466,9.77492,0 -63.14671,9.77495,0 -63.14676,9.77499,0 -63.14683,9.77504,0 -63.14691,9.77513,0 -63.14701,9.77528,0 -63.14712,9.77541,0 -63.14721,9.77548,0 -63.14729,9.77552,0 -63.14738,9.77555,0 -63.1475,9.77556,0 -63.14807,9.77556,0 -63.14832,9.77549,0 -63.14847,9.77544,0 -63.14855,9.77536,0 -63.14859,9.77523,0 -63.1486,9.77518,0 -63.1486,9.77507,0 -63.14847,9.77489,0 -63.14834,9.77471,0 -63.14816,9.77458,0 -63.14782,9.77438,0 -63.14767,9.7743,0 -63.14757,9.7742,0 -63.14754,9.77412,0 -63.1475,9.774,0 -63.14749,9.77384,0 -63.14753,9.77369,0 -63.14762,9.77357,0 -63.14769,9.77348,0 -63.14785,9.77339,0 -63.148,9.7733,0 -63.1481,9.77325,0 -63.14817,9.7732,0 -63.14838,9.77305,0 -63.14852,9.77295,0 -63.14866,9.77292,0 -63.14883,9.77292,0 -63.14902,9.77298,0 -63.14919,9.77311,0 -63.14939,9.77327,0 -63.14962,9.77347,0 -63.14978,9.77353,0 -63.14983,9.77353,0 -63.14993,9.77351,0 -63.15003,9.77345,0 -63.15016,9.77336,0 -63.1503,9.7733,0 -63.15052,9.77323,0 -63.15065,9.77315,0 -63.1507,9.77307,0 -63.15074,9.77299,0 -63.15073,9.77291,0 -63.15067,9.77285,0 -63.15044,9.77272,0 -63.15019,9.77257,0 -63.15004,9.77247,0 -63.15002,9.77239,0 -63.15,9.77232,0 -63.15,9.77225,0 -63.15004,9.77217,0 -63.1501,9.77209,0 -63.15018,9.77204,0 -63.15031,9.77194,0 -63.15055,9.77181,0 -63.15078,9.7716,0 -63.15093,9.7714,0 -63.15113,9.77118,0 -63.15126,9.77109,0 -63.15137,9.77105,0 -63.15152,9.77102,0 -63.15169,9.77102,0 -63.15186,9.77106,0 -63.15203,9.77114,0 -63.15213,9.77124,0 -63.15221,9.77138,0 -63.15221,9.77152,0 -63.1522,9.77159,0 -63.15216,9.77169,0 -63.15207,9.77177,0 -63.15192,9.77185,0 -63.15173,9.77185,0 -63.1515,9.77185,0 -63.15127,9.77186,0 -63.15118,9.77189,0 -63.15107,9.77203,0 -63.15104,9.77223,0 -63.15106,9.77239,0 -63.15109,9.77251,0 -63.15113,9.7726,0 -63.15122,9.77264,0 -63.15139,9.77267,0 -63.15175,9.77275,0 -63.15219,9.77289,0 -63.15248,9.77297,0 -63.15267,9.77304,0 -63.15275,9.7731,0 -63.15279,9.77314,0 -63.15283,9.77314,0 -63.15286,9.77308,0 -63.15288,9.77294,0 -63.15282,9.7727,0 -63.15262,9.77234,0 -63.15251,9.77201,0 -63.1525,9.77187,0 -63.15249,9.77172,0 -63.15246,9.77151,0 -63.1524,9.77131,0 -63.15234,9.7712,0 -63.15223,9.77111,0 -63.15205,9.77099,0 -63.15181,9.77089,0 -63.15159,9.7708,0 -63.15147,9.77072,0 -63.15129,9.77054,0 -63.15115,9.7703,0 -63.151,9.77021,0 -63.15078,9.77016,0 -63.15057,9.77009,0 -63.15046,9.77001,0 -63.15039,9.76988,0 -63.15036,9.76973,0 -63.15034,9.76957,0 -63.15035,9.7694,0 -63.15035,9.76931,0 -63.15043,9.76899,0 -63.15055,9.76857,0 -63.15074,9.76818,0 -63.15099,9.76753,0 -63.15111,9.7672,0 -63.15119,9.76684,0 -63.15125,9.76669,0 -63.15132,9.7664,0 -63.15135,9.76621,0 -63.15141,9.76603,0 -63.15144,9.76588,0 -63.15157,9.76571,0 -63.15168,9.76561,0 -63.15175,9.76558,0 -63.1518,9.76556,0 -63.15192,9.76554,0 -63.15206,9.76553,0 -63.15225,9.76556,0 -63.15236,9.76557,0 -63.15248,9.76556,0 -63.15263,9.76554,0 -63.15282,9.76549,0 -63.15304,9.76543,0 -63.15324,9.76534,0 -63.15356,9.76513,0 -63.15389,9.76494,0 -63.15414,9.76479,0 -63.15439,9.76466,0 -63.15468,9.76454,0 -63.15495,9.76446,0 -63.15526,9.76437,0 -63.15556,9.76428,0 -63.1558,9.76419,0 -63.15609,9.7641,0 -63.15627,9.76406,0 -63.15639,9.76405,0 -63.1565,9.76407,0 -63.1566,9.76411,0 -63.15669,9.7642,0 -63.15682,9.76436,0 -63.15703,9.7646,0 -63.15731,9.76489,0 -63.1575,9.7651,0 -63.15761,9.7652,0 -63.15768,9.76524,0 -63.15776,9.76528,0 -63.15782,9.76528,0 -63.15788,9.76526,0 -63.15794,9.76521,0 -63.15799,9.76514,0 -63.15801,9.76505,0 -63.15801,9.76495,0 -63.15799,9.76464,0 -63.15796,9.76436,0 -63.15793,9.7641,0 -63.15794,9.76391,0 -63.158,9.76367,0 -63.15808,9.7635,0 -63.1582,9.76332,0 -63.15831,9.76318,0 -63.15846,9.76306,0 -63.15864,9.76292,0 -63.15882,9.76278,0 -63.15896,9.76272,0 -63.15909,9.76269,0 -63.15919,9.76268,0 -63.1593,9.76269,0 -63.15948,9.76275,0 -63.15962,9.76278,0 -63.15973,9.76279,0 -63.15991,9.76278,0 -63.16006,9.76273,0 -63.16023,9.76264,0 -63.16035,9.76259,0 -63.16051,9.76255,0 -63.16076,9.76255,0 -63.16091,9.76257,0 -63.16106,9.76262,0 -63.16119,9.7627,0 -63.16128,9.76279,0 -63.16135,9.76292,0 -63.16137,9.76305,0 -63.16137,9.76315,0 -63.16133,9.76331,0 -63.16128,9.76345,0 -63.16123,9.7637,0 -63.16118,9.76392,0 -63.16112,9.76407,0 -63.16111,9.76417,0 -63.16112,9.76427,0 -63.16115,9.76437,0 -63.16123,9.76455,0 -63.16133,9.76468,0 -63.16145,9.76476,0 -63.16155,9.7648,0 -63.16167,9.76482,0 -63.16176,9.76482,0 -63.16188,9.7648,0 -63.16198,9.76476,0 -63.16204,9.76471,0 -63.16211,9.76458,0 -63.16219,9.76439,0 -63.16227,9.76421,0 -63.16235,9.76403,0 -63.16246,9.76388,0 -63.16252,9.76381,0 -63.16266,9.76373,0 -63.16284,9.76361,0 -63.16296,9.76357,0 -63.16315,9.76352,0 -63.1633,9.76352,0 -63.16341,9.76354,0 -63.16355,9.76357,0 -63.1637,9.76362,0 -63.16386,9.7637,0 -63.16397,9.76374,0 -63.16404,9.76375,0 -63.1641,9.76373,0 -63.16416,9.76367,0 -63.16419,9.76359,0 -63.1642,9.76348,0 -63.16419,9.7633,0 -63.1642,9.76309,0 -63.16421,9.76296,0 -63.16427,9.76282,0 -63.16434,9.76272,0 -63.16444,9.76266,0 -63.16464,9.76259,0 -63.16481,9.76253,0 -63.16492,9.76247,0 -63.16504,9.76239,0 -63.1651,9.76232,0 -63.16515,9.76225,0 -63.16517,9.76214,0 -63.16518,9.76199,0 -63.16518,9.76186,0 -63.16522,9.76178,0 -63.1653,9.76168,0 -63.16538,9.76158,0 -63.16541,9.76152,0 -63.16544,9.7614,0 -63.16549,9.76122,0 -63.16554,9.76107,0 -63.1656,9.76099,0 -63.16571,9.76086,0 -63.16581,9.76073,0 -63.16591,9.76063,0 -63.16602,9.76058,0 -63.16611,9.76057,0 -63.16621,9.76056,0 -63.16643,9.76058,0 -63.16661,9.76057,0 -63.16667,9.76057,0 -63.16676,9.76053,0 -63.16686,9.76047,0 -63.16695,9.76038,0 -63.16701,9.76024,0 -63.16703,9.76009,0 -63.16705,9.75987,0 -63.16707,9.7597,0 -63.16714,9.75953,0 -63.16722,9.75943,0 -63.16731,9.75937,0 -63.16741,9.75934,0 -63.16746,9.75934,0 -63.16755,9.75936,0 -63.16766,9.75941,0 -63.16774,9.75947,0 -63.16782,9.75955,0 -63.1679,9.75968,0 -63.16797,9.75984,0 -63.16803,9.75994,0 -63.16807,9.75999,0 -63.16815,9.76003,0 -63.16823,9.76006,0 -63.16832,9.76006,0 -63.16842,9.76004,0 -63.16853,9.76002,0 -63.16861,9.75997,0 -63.16884,9.7598,0 -63.16901,9.75969,0 -63.16909,9.75966,0 -63.16919,9.75963,0 -63.16934,9.75959,0 -63.16974,9.75956,0 -63.17007,9.75952,0 -63.17029,9.75947,0 -63.17044,9.75943,0 -63.17053,9.75937,0 -63.17065,9.75931,0 -63.17075,9.75923,0 -63.17084,9.75912,0 -63.17098,9.75892,0 -63.17106,9.75881,0 -63.17113,9.75874,0 -63.17125,9.75864,0 -63.17139,9.75859,0 -63.17149,9.75854,0 -63.1716,9.75843,0 -63.17177,9.75829,0 -63.17196,9.75818,0 -63.1721,9.7581,0 -63.17221,9.75807,0 -63.17234,9.75807,0 -63.17239,9.75808,0 -63.17247,9.75811,0 -63.17256,9.75817,0 -63.17266,9.75826,0 -63.17277,9.75838,0 -63.17284,9.75845,0 -63.17292,9.75851,0 -63.17298,9.75854,0 -63.17308,9.75857,0 -63.17316,9.75856,0 -63.17325,9.75853,0 -63.17334,9.75848,0 -63.17341,9.75841,0 -63.17348,9.75832,0 -63.17353,9.75823,0 -63.17358,9.75811,0 -63.17361,9.75799,0 -63.17366,9.75777,0 -63.17373,9.75756,0 -63.17381,9.75739,0 -63.1739,9.75724,0 -63.17404,9.75708,0 -63.17416,9.75697,0 -63.17421,9.75695,0 -63.17426,9.75695,0 -63.17431,9.75697,0 -63.17438,9.757,0 -63.17444,9.75705,0 -63.17449,9.75714,0 -63.17455,9.75734,0 -63.17459,9.75747,0 -63.17465,9.75757,0 -63.17473,9.75768,0 -63.17486,9.7578,0 -63.17495,9.75783,0 -63.17509,9.75787,0 -63.17518,9.75789,0 -63.17527,9.75788,0 -63.17536,9.75786,0 -63.17546,9.75781,0 -63.17556,9.75775,0 -63.17564,9.75768,0 -63.17581,9.75753,0 -63.17605,9.75739,0 -63.17618,9.75735,0 -63.17635,9.75733,0 -63.17654,9.75734,0 -63.17678,9.75734,0 -63.17707,9.75733,0 -63.17727,9.75731,0 -63.17755,9.75725,0 -63.17779,9.7572,0 -63.17799,9.75716,0 -63.17817,9.75711,0 -63.1783,9.75704,0 -63.17838,9.75697,0 -63.17845,9.75687,0 -63.17851,9.75672,0 -63.17858,9.75653,0 -63.17866,9.75634,0 -63.1787,9.75626,0 -63.17879,9.75613,0 -63.17894,9.75594,0 -63.17903,9.75583,0 -63.17917,9.75573,0 -63.17925,9.7557,0 -63.17929,9.75567,0 -63.17945,9.75564,0 -63.17957,9.75564,0 -63.17981,9.75567,0 -63.17993,9.75572,0 -63.18015,9.75579,0 -63.18037,9.75585,0 -63.18052,9.7559,0 -63.18062,9.75598,0 -63.1807,9.75611,0 -63.18076,9.75625,0 -63.18075,9.75633,0 -63.18074,9.75643,0 -63.18068,9.75655,0 -63.18059,9.75665,0 -63.18045,9.75677,0 -63.18027,9.7569,0 -63.18015,9.75701,0 -63.18008,9.75706,0 -63.18004,9.75714,0 -63.18001,9.75724,0 -63.18001,9.75731,0 -63.18003,9.75741,0 -63.18008,9.75751,0 -63.18017,9.75761,0 -63.18029,9.75772,0 -63.18046,9.75781,0 -63.18057,9.75783,0 -63.18066,9.75784,0 -63.18076,9.75782,0 -63.18081,9.75781,0 -63.18087,9.75778,0 -63.1809,9.75772,0 -63.1809,9.75763,0 -63.18086,9.75753,0 -63.18083,9.75739,0 -63.18082,9.75728,0 -63.18082,9.75718,0 -63.18087,9.757,0 -63.18091,9.75694,0 -63.18103,9.75684,0 -63.18113,9.75673,0 -63.18122,9.75663,0 -63.18136,9.75647,0 -63.1815,9.75632,0 -63.18165,9.75619,0 -63.18173,9.75613,0 -63.18181,9.75612,0 -63.18187,9.75611,0 -63.18197,9.75613,0 -63.18203,9.75616,0 -63.1821,9.75623,0 -63.18214,9.75636,0 -63.18221,9.75662,0 -63.18229,9.75692,0 -63.18233,9.75716,0 -63.18231,9.75739,0 -63.18228,9.75758,0 -63.1822,9.75783,0 -63.18219,9.75788,0 -63.18219,9.75793,0 -63.18223,9.75797,0 -63.18229,9.758,0 -63.18235,9.75799,0 -63.18246,9.75796,0 -63.18253,9.75792,0 -63.18262,9.75784,0 -63.1827,9.7577,0 -63.18279,9.75748,0 -63.1829,9.75722,0 -63.18302,9.75699,0 -63.18308,9.75691,0 -63.18322,9.75682,0 -63.18341,9.75673,0 -63.1837,9.75658,0 -63.18392,9.75645,0 -63.18412,9.75636,0 -63.18424,9.7563,0 -63.18444,9.75618,0 -63.18454,9.75614,0 -63.18445,9.75593,0 -63.18438,9.75577,0 -63.18414,9.75533,0 -63.18395,9.75513,0 -63.18385,9.75506,0 -63.18362,9.7549,0 -63.18342,9.75478,0 -63.18323,9.75469,0 -63.18303,9.75461,0 -63.18289,9.75456,0 -63.18274,9.75452,0 -63.18242,9.75443,0 -63.18208,9.75433,0 -63.18175,9.75426,0 -63.18136,9.75419,0 -63.18091,9.75413,0 -63.18056,9.75411,0 -63.18018,9.7541,0 -63.17992,9.7541,0 -63.17958,9.75411,0 -63.17913,9.75413,0 -63.17818,9.75419,0 -63.17716,9.75426,0 -63.17602,9.75432,0 -63.17473,9.75441,0 -63.17425,9.75445,0 -63.17359,9.75448,0 -63.17261,9.75454,0 -63.17152,9.75461,0 -63.17088,9.75465,0 -63.17046,9.75467,0 -63.1702,9.75467,0 -63.16999,9.75465,0 -63.16972,9.75459,0 -63.16944,9.75451,0 -63.16919,9.75441,0 -63.16899,9.75429,0 -63.16882,9.75419,0 -63.16866,9.75407,0 -63.16853,9.75395,0 -63.16841,9.75382,0 -63.16829,9.75369,0 -63.1682,9.7536,0 -63.16809,9.75343,0 -63.16799,9.75325,0 -63.16789,9.75307,0 -63.1678,9.75287,0 -63.16774,9.75272,0 -63.16767,9.75254,0 -63.16761,9.75236,0 -63.16754,9.75215,0 -63.16746,9.75185,0 -63.16732,9.75133,0 -63.16725,9.75107,0 -63.16721,9.75089,0 -63.16705,9.75044,0 -63.16694,9.74994,0 -63.16687,9.74968,0 -63.16666,9.74885,0 -63.16649,9.74814,0 -63.16628,9.74731,0 -63.1661,9.74661,0 -63.16593,9.74597,0 -63.16571,9.74504,0 -63.16556,9.74441,0 -63.16548,9.74396,0 -63.16534,9.74343,0 -63.16515,9.74267,0 -63.16494,9.74183,0 -63.16474,9.74103,0 -63.16457,9.74037,0 -63.1644,9.73964,0 -63.16434,9.73936,0 -63.16424,9.73882,0 -63.16421,9.73864,0 -63.16419,9.73855,0 -63.16429,9.73844,0 -63.16417,9.738,0 -63.16411,9.7378,0 -63.16391,9.73698,0 -63.16374,9.7363,0 -63.16349,9.73533,0 -63.16333,9.73467,0 -63.16322,9.73428,0 -63.16316,9.73407,0 -63.16307,9.73381,0 -63.16297,9.73355,0 -63.1629,9.73335,0 -63.16281,9.73316,0 -63.16271,9.73295,0 -63.16262,9.7328,0 -63.16251,9.73266,0 -63.16229,9.7324,0 -63.16208,9.73216,0 -63.16183,9.73192,0 -63.16156,9.73168,0 -63.1613,9.73149,0 -63.16111,9.73137,0 -63.16078,9.73118,0 -63.16034,9.73097,0 -63.16014,9.73088,0 -63.16001,9.73081,0 -63.1598,9.73068,0 -63.15944,9.73044,0 -63.15921,9.7303,0 -63.15891,9.7301,0 -63.15858,9.72992,0 -63.15823,9.72974,0 -63.15805,9.72966,0 -63.15771,9.7295,0 -63.15738,9.72937,0 -63.15707,9.72926,0 -63.15691,9.72921,0 -63.1566,9.72914,0 -63.15623,9.72894,0 -63.15517,9.72838,0 -63.15416,9.72784,0 -63.15323,9.72733,0 -63.15257,9.72697,0 -63.15217,9.72672,0 -63.15187,9.72648,0 -63.15165,9.72625,0 -63.15144,9.72597,0 -63.15128,9.72567,0 -63.15117,9.7254,0 -63.15107,9.72515,0 -63.15098,9.72475,0 -63.15091,9.72436,0 -63.15086,9.724,0 -63.15087,9.72308,0 -63.1509,9.72147,0 -63.15092,9.71918,0 -63.15094,9.71726,0 -63.15097,9.7145,0 -63.15098,9.71252,0 -63.1395,9.64503,0 -63.13857,9.64517,0 -63.13792,9.6452,0 -63.13656,9.64487,0 -63.13508,9.64674,0 -63.13401,9.64795,0 -63.13293,9.64758,0 -63.13226,9.64635,0 -63.13191,9.64554,0 -63.13086,9.64579,0 -63.12959,9.64553,0 -63.12834,9.64642,0 -63.12675,9.64721,0 -63.12612,9.64756,0 -63.12533,9.64772,0 -63.12442,9.64697,0 -63.12365,9.64615,0 -63.12267,9.64633,0 -63.12312,9.64786,0 -63.12066,9.64816,0 -63.11868,9.64759,0
          </coordinates></LinearRing></outerBoundaryIs>
        </Polygon>
      </Placemark>
      <Placemark>
        <name>San Simón (Maturín)</name>
        <description>Parroquia San Simón, Municipio Maturín. PCODE: VE160805</description>
        <styleUrl>#style-parroquia-san-simon</styleUrl>
        <Polygon>
          <outerBoundaryIs><LinearRing><coordinates>
            -63.16429,9.73844,0 -63.16419,9.73855,0 -63.16421,9.73864,0 -63.16424,9.73882,0 -63.16434,9.73936,0 -63.1644,9.73964,0 -63.16457,9.74037,0 -63.16474,9.74103,0 -63.16494,9.74183,0 -63.16515,9.74267,0 -63.16534,9.74343,0 -63.16548,9.74396,0 -63.16556,9.74441,0 -63.16571,9.74504,0 -63.16593,9.74597,0 -63.1661,9.74661,0 -63.16628,9.74731,0 -63.16649,9.74814,0 -63.16666,9.74885,0 -63.16687,9.74968,0 -63.16694,9.74994,0 -63.16705,9.75044,0 -63.16721,9.75089,0 -63.16725,9.75107,0 -63.16732,9.75133,0 -63.16746,9.75185,0 -63.16754,9.75215,0 -63.16761,9.75236,0 -63.16767,9.75254,0 -63.16774,9.75272,0 -63.1678,9.75287,0 -63.16789,9.75307,0 -63.16799,9.75325,0 -63.16809,9.75343,0 -63.1682,9.7536,0 -63.16829,9.75369,0 -63.16841,9.75382,0 -63.16853,9.75395,0 -63.16866,9.75407,0 -63.16882,9.75419,0 -63.16899,9.75429,0 -63.16919,9.75441,0 -63.16944,9.75451,0 -63.16972,9.75459,0 -63.16999,9.75465,0 -63.1702,9.75467,0 -63.17046,9.75467,0 -63.17088,9.75465,0 -63.17152,9.75461,0 -63.17261,9.75454,0 -63.17359,9.75448,0 -63.17425,9.75445,0 -63.17473,9.75441,0 -63.17602,9.75432,0 -63.17716,9.75426,0 -63.17818,9.75419,0 -63.17913,9.75413,0 -63.17958,9.75411,0 -63.17992,9.7541,0 -63.18018,9.7541,0 -63.18056,9.75411,0 -63.18091,9.75413,0 -63.18136,9.75419,0 -63.18175,9.75426,0 -63.18208,9.75433,0 -63.18242,9.75443,0 -63.18274,9.75452,0 -63.18289,9.75456,0 -63.18303,9.75461,0 -63.18323,9.75469,0 -63.18342,9.75478,0 -63.18362,9.7549,0 -63.18385,9.75506,0 -63.18395,9.75513,0 -63.18414,9.75533,0 -63.18438,9.75577,0 -63.18445,9.75593,0 -63.18454,9.75614,0 -63.18463,9.75612,0 -63.18474,9.75611,0 -63.18488,9.75608,0 -63.18499,9.75604,0 -63.18504,9.75603,0 -63.18512,9.75603,0 -63.1852,9.75606,0 -63.18524,9.75607,0 -63.18527,9.75608,0 -63.18531,9.75611,0 -63.18536,9.75618,0 -63.18538,9.75629,0 -63.18539,9.75636,0 -63.18539,9.75644,0 -63.18539,9.75651,0 -63.1854,9.75662,0 -63.18543,9.75672,0 -63.18547,9.75682,0 -63.18554,9.75689,0 -63.18562,9.75694,0 -63.1857,9.75697,0 -63.18582,9.757,0 -63.18591,9.757,0 -63.18603,9.757,0 -63.18613,9.75698,0 -63.18624,9.75693,0 -63.18636,9.75683,0 -63.18645,9.75677,0 -63.18653,9.75673,0 -63.18661,9.75669,0 -63.18674,9.75668,0 -63.18687,9.75673,0 -63.18698,9.75679,0 -63.18706,9.75688,0 -63.18712,9.75696,0 -63.18719,9.75708,0 -63.18727,9.7573,0 -63.18734,9.75747,0 -63.18741,9.75761,0 -63.18747,9.75766,0 -63.18751,9.75769,0 -63.18759,9.75769,0 -63.18765,9.75768,0 -63.18769,9.75763,0 -63.18773,9.75749,0 -63.18774,9.75733,0 -63.18773,9.75717,0 -63.18769,9.75699,0 -63.18767,9.75689,0 -63.18769,9.7568,0 -63.18774,9.75668,0 -63.18784,9.75659,0 -63.18792,9.7565,0 -63.18803,9.75636,0 -63.18811,9.7563,0 -63.18819,9.75628,0 -63.18828,9.7563,0 -63.18836,9.75633,0 -63.18845,9.75641,0 -63.18848,9.75646,0 -63.18849,9.75655,0 -63.18849,9.75675,0 -63.18849,9.75684,0 -63.18851,9.75691,0 -63.18857,9.75697,0 -63.18862,9.75702,0 -63.18865,9.75702,0 -63.18874,9.75701,0 -63.1888,9.75696,0 -63.18892,9.7568,0 -63.18904,9.75664,0 -63.1891,9.75657,0 -63.18917,9.75652,0 -63.18928,9.75648,0 -63.18942,9.75646,0 -63.18955,9.75646,0 -63.18966,9.75649,0 -63.1898,9.75655,0 -63.18996,9.75666,0 -63.19015,9.75681,0 -63.19037,9.75696,0 -63.1906,9.75709,0 -63.19082,9.7572,0 -63.19105,9.7573,0 -63.19129,9.75739,0 -63.19152,9.75748,0 -63.19166,9.75754,0 -63.19178,9.75764,0 -63.1918,9.75768,0 -63.19182,9.75773,0 -63.19182,9.7578,0 -63.19183,9.75783,0 -63.19181,9.75789,0 -63.19177,9.75797,0 -63.19166,9.75807,0 -63.19145,9.75818,0 -63.19122,9.75829,0 -63.19107,9.75835,0 -63.19074,9.75846,0 -63.19036,9.75861,0 -63.19018,9.75871,0 -63.19008,9.75879,0 -63.19003,9.75887,0 -63.19002,9.75895,0 -63.19002,9.75907,0 -63.19008,9.75923,0 -63.19015,9.75943,0 -63.19017,9.75957,0 -63.1902,9.75968,0 -63.19019,9.75979,0 -63.19018,9.75993,0 -63.19019,9.76008,0 -63.1902,9.76014,0 -63.19025,9.76022,0 -63.19029,9.76025,0 -63.19033,9.76026,0 -63.19039,9.76023,0 -63.19044,9.76014,0 -63.19048,9.76002,0 -63.1905,9.75997,0 -63.19056,9.75994,0 -63.19062,9.75994,0 -63.19073,9.75997,0 -63.19085,9.76006,0 -63.19094,9.76016,0 -63.19104,9.76029,0 -63.19115,9.76046,0 -63.19122,9.76061,0 -63.19125,9.76071,0 -63.1913,9.76089,0 -63.19136,9.76105,0 -63.19141,9.76121,0 -63.19142,9.76129,0 -63.19142,9.76142,0 -63.1914,9.7615,0 -63.19133,9.7616,0 -63.19119,9.76173,0 -63.19109,9.76178,0 -63.19084,9.76187,0 -63.19064,9.76194,0 -63.19059,9.76198,0 -63.19057,9.76204,0 -63.19057,9.7621,0 -63.19059,9.76214,0 -63.19065,9.7622,0 -63.19078,9.76231,0 -63.19092,9.76238,0 -63.19113,9.76245,0 -63.1913,9.76248,0 -63.19139,9.76247,0 -63.19145,9.76243,0 -63.19148,9.7624,0 -63.19152,9.76227,0 -63.19157,9.76206,0 -63.1916,9.76187,0 -63.19166,9.76172,0 -63.19175,9.76157,0 -63.19182,9.76145,0 -63.1919,9.76137,0 -63.19204,9.76129,0 -63.19216,9.76126,0 -63.19234,9.76124,0 -63.1926,9.76123,0 -63.19284,9.76125,0 -63.19299,9.76128,0 -63.19316,9.76133,0 -63.1933,9.76137,0 -63.19348,9.76147,0 -63.19362,9.76153,0 -63.19374,9.76155,0 -63.19383,9.76155,0 -63.19395,9.76153,0 -63.19406,9.76153,0 -63.19414,9.76154,0 -63.19417,9.76158,0 -63.1942,9.76163,0 -63.1942,9.76167,0 -63.19419,9.76174,0 -63.19415,9.76181,0 -63.19406,9.7619,0 -63.1939,9.76203,0 -63.19361,9.76225,0 -63.19336,9.76243,0 -63.19314,9.76259,0 -63.19292,9.76269,0 -63.19279,9.76274,0 -63.19274,9.76277,0 -63.19271,9.76279,0 -63.19271,9.76282,0 -63.19271,9.76286,0 -63.19274,9.7629,0 -63.19281,9.76299,0 -63.19293,9.76309,0 -63.19307,9.76316,0 -63.19316,9.76318,0 -63.19327,9.76315,0 -63.19345,9.76307,0 -63.19374,9.76294,0 -63.19398,9.76283,0 -63.19406,9.76282,0 -63.19414,9.76283,0 -63.1942,9.76286,0 -63.19424,9.76291,0 -63.19425,9.76297,0 -63.19425,9.76304,0 -63.19424,9.76314,0 -63.19421,9.76323,0 -63.19407,9.76343,0 -63.19393,9.76361,0 -63.19379,9.76378,0 -63.19371,9.76388,0 -63.19357,9.76402,0 -63.19341,9.76416,0 -63.19308,9.76444,0 -63.19291,9.7646,0 -63.19288,9.76465,0 -63.19288,9.76471,0 -63.19291,9.76475,0 -63.19294,9.76477,0 -63.19301,9.76478,0 -63.19313,9.76475,0 -63.19335,9.76466,0 -63.19358,9.76456,0 -63.19376,9.76451,0 -63.19391,9.76451,0 -63.19402,9.76453,0 -63.19407,9.76456,0 -63.19412,9.76459,0 -63.19416,9.76463,0 -63.19418,9.76469,0 -63.19421,9.7648,0 -63.19423,9.76497,0 -63.19427,9.76521,0 -63.19432,9.76539,0 -63.19435,9.7656,0 -63.19441,9.76584,0 -63.19443,9.76599,0 -63.19447,9.76619,0 -63.19451,9.76628,0 -63.19458,9.76639,0 -63.19467,9.76646,0 -63.19475,9.7665,0 -63.19485,9.76652,0 -63.19496,9.76652,0 -63.1951,9.7665,0 -63.19524,9.76648,0 -63.19537,9.76642,0 -63.19554,9.76632,0 -63.19575,9.76617,0 -63.19593,9.76604,0 -63.1962,9.7658,0 -63.19628,9.76574,0 -63.19635,9.76572,0 -63.19645,9.76571,0 -63.19655,9.76572,0 -63.19663,9.76576,0 -63.19669,9.76582,0 -63.19673,9.7659,0 -63.19673,9.766,0 -63.19675,9.76624,0 -63.19677,9.76636,0 -63.19681,9.76648,0 -63.19689,9.76656,0 -63.19703,9.76666,0 -63.19716,9.76674,0 -63.19724,9.76682,0 -63.19735,9.76686,0 -63.19741,9.76688,0 -63.1975,9.76689,0 -63.19762,9.76689,0 -63.19768,9.76685,0 -63.19769,9.76682,0 -63.1977,9.7666,0 -63.1977,9.76648,0 -63.19774,9.76632,0 -63.1978,9.76621,0 -63.19786,9.76614,0 -63.19798,9.76603,0 -63.19808,9.76595,0 -63.19818,9.76585,0 -63.19826,9.76575,0 -63.19833,9.76566,0 -63.1984,9.76559,0 -63.19854,9.7655,0 -63.19864,9.76544,0 -63.19868,9.76539,0 -63.19872,9.76531,0 -63.19873,9.76525,0 -63.19873,9.76519,0 -63.19873,9.76509,0 -63.19869,9.7649,0 -63.19864,9.76456,0 -63.19862,9.76433,0 -63.1986,9.76413,0 -63.19863,9.76399,0 -63.19868,9.76386,0 -63.19873,9.76377,0 -63.19883,9.76368,0 -63.19897,9.76362,0 -63.19913,9.76359,0 -63.19926,9.76357,0 -63.19942,9.76358,0 -63.19961,9.76361,0 -63.19994,9.76369,0 -63.20016,9.76377,0 -63.20028,9.76382,0 -63.20053,9.76395,0 -63.20079,9.76413,0 -63.20097,9.76427,0 -63.20111,9.76441,0 -63.2012,9.7645,0 -63.20131,9.76462,0 -63.20143,9.7648,0 -63.20155,9.76497,0 -63.20169,9.76517,0 -63.20181,9.76535,0 -63.20193,9.76552,0 -63.20202,9.76564,0 -63.20211,9.76571,0 -63.20221,9.76575,0 -63.2023,9.76576,0 -63.2024,9.76576,0 -63.20251,9.76573,0 -63.20256,9.7657,0 -63.20261,9.76567,0 -63.20264,9.76562,0 -63.20268,9.76553,0 -63.20272,9.76537,0 -63.20275,9.76512,0 -63.20278,9.765,0 -63.20281,9.76492,0 -63.20287,9.76484,0 -63.20297,9.76477,0 -63.20304,9.76475,0 -63.2031,9.76474,0 -63.2032,9.76476,0 -63.20328,9.76479,0 -63.20334,9.76485,0 -63.20342,9.76494,0 -63.2035,9.76508,0 -63.20355,9.7652,0 -63.2036,9.76531,0 -63.20363,9.76543,0 -63.20367,9.76558,0 -63.20373,9.76571,0 -63.20377,9.76578,0 -63.20383,9.76585,0 -63.20392,9.76591,0 -63.20398,9.76592,0 -63.20405,9.76592,0 -63.20414,9.76591,0 -63.20423,9.76586,0 -63.20435,9.76578,0 -63.20446,9.76566,0 -63.20459,9.76551,0 -63.20472,9.7653,0 -63.20476,9.76521,0 -63.2049,9.76494,0 -63.20504,9.76468,0 -63.2051,9.76452,0 -63.20512,9.76442,0 -63.20513,9.76431,0 -63.20512,9.76402,0 -63.20513,9.76392,0 -63.20515,9.76379,0 -63.20518,9.76369,0 -63.20524,9.76359,0 -63.20536,9.76346,0 -63.20547,9.76339,0 -63.20564,9.7633,0 -63.20581,9.76322,0 -63.20597,9.76315,0 -63.20617,9.76306,0 -63.20634,9.763,0 -63.20656,9.76292,0 -63.20669,9.76286,0 -63.20681,9.7628,0 -63.20693,9.76276,0 -63.20695,9.76275,0 -63.20709,9.76271,0 -63.20718,9.76271,0 -63.20728,9.76273,0 -63.20735,9.76277,0 -63.20741,9.76285,0 -63.20745,9.76297,0 -63.20751,9.7632,0 -63.20754,9.7633,0 -63.20757,9.76345,0 -63.20761,9.76363,0 -63.20769,9.76386,0 -63.20773,9.76394,0 -63.20779,9.76401,0 -63.20785,9.76403,0 -63.20791,9.76404,0 -63.208,9.76402,0 -63.20808,9.76398,0 -63.20817,9.76388,0 -63.20824,9.76378,0 -63.2083,9.76362,0 -63.20833,9.76349,0 -63.20833,9.76325,0 -63.20832,9.76314,0 -63.2083,9.76286,0 -63.2083,9.76246,0 -63.20832,9.76236,0 -63.20835,9.7623,0 -63.20839,9.76224,0 -63.20848,9.76217,0 -63.2086,9.7621,0 -63.20877,9.76202,0 -63.20896,9.76194,0 -63.20912,9.76189,0 -63.20925,9.76187,0 -63.20945,9.76186,0 -63.20967,9.76188,0 -63.20988,9.76193,0 -63.21,9.76198,0 -63.21015,9.76211,0 -63.21029,9.76224,0 -63.21041,9.76241,0 -63.2105,9.76259,0 -63.21058,9.76274,0 -63.21067,9.76283,0 -63.21077,9.76288,0 -63.21086,9.7629,0 -63.21091,9.76291,0 -63.21099,9.7629,0 -63.21105,9.76286,0 -63.21115,9.76279,0 -63.21127,9.76268,0 -63.21147,9.76244,0 -63.21166,9.76219,0 -63.21175,9.76207,0 -63.2118,9.76197,0 -63.21183,9.76189,0 -63.21184,9.76178,0 -63.21183,9.76156,0 -63.21178,9.76131,0 -63.21171,9.76104,0 -63.21168,9.76085,0 -63.21167,9.7607,0 -63.21169,9.76062,0 -63.21173,9.76052,0 -63.21179,9.76043,0 -63.2119,9.76032,0 -63.2121,9.76017,0 -63.21229,9.76003,0 -63.21245,9.75993,0 -63.21259,9.75987,0 -63.21269,9.75985,0 -63.21277,9.75984,0 -63.21288,9.75986,0 -63.213,9.7599,0 -63.21314,9.75998,0 -63.21335,9.76012,0 -63.21348,9.76018,0 -63.21352,9.76019,0 -63.21354,9.7602,0 -63.21358,9.7602,0 -63.21363,9.76018,0 -63.21368,9.76011,0 -63.21374,9.75998,0 -63.21383,9.75968,0 -63.21387,9.7595,0 -63.21388,9.75935,0 -63.21388,9.75923,0 -63.21386,9.75913,0 -63.21379,9.75901,0 -63.21366,9.7589,0 -63.21337,9.75868,0 -63.21324,9.75858,0 -63.21309,9.75841,0 -63.21304,9.75832,0 -63.213,9.75826,0 -63.21293,9.75816,0 -63.21286,9.75803,0 -63.21285,9.75796,0 -63.21285,9.75787,0 -63.21288,9.7578,0 -63.21295,9.75772,0 -63.21304,9.75766,0 -63.2131,9.75763,0 -63.21321,9.75762,0 -63.2134,9.7576,0 -63.21357,9.75761,0 -63.21374,9.75763,0 -63.21382,9.75763,0 -63.21386,9.75761,0 -63.21391,9.75759,0 -63.21396,9.75756,0 -63.21403,9.75747,0 -63.21412,9.75732,0 -63.2142,9.75723,0 -63.21432,9.75708,0 -63.21438,9.75697,0 -63.21442,9.75686,0 -63.21442,9.75679,0 -63.21441,9.75672,0 -63.21437,9.75667,0 -63.21429,9.75662,0 -63.21414,9.75657,0 -63.21402,9.75654,0 -63.21399,9.75652,0 -63.21395,9.75646,0 -63.21389,9.75634,0 -63.21384,9.75616,0 -63.21381,9.75596,0 -63.21382,9.75584,0 -63.21384,9.75575,0 -63.21386,9.75566,0 -63.2139,9.75558,0 -63.21395,9.75549,0 -63.21401,9.7554,0 -63.21407,9.75534,0 -63.21419,9.75525,0 -63.21427,9.75522,0 -63.21436,9.75523,0 -63.21445,9.75526,0 -63.21465,9.75535,0 -63.21483,9.75542,0 -63.21499,9.75549,0 -63.21508,9.75552,0 -63.21515,9.75554,0 -63.21523,9.75553,0 -63.21527,9.7555,0 -63.2153,9.75548,0 -63.21532,9.75543,0 -63.21533,9.75537,0 -63.21533,9.75529,0 -63.2153,9.75513,0 -63.21527,9.755,0 -63.21524,9.75485,0 -63.21522,9.75465,0 -63.21521,9.75444,0 -63.21519,9.75428,0 -63.21515,9.75412,0 -63.21508,9.75389,0 -63.21504,9.75377,0 -63.21502,9.75364,0 -63.215,9.75355,0 -63.21502,9.75345,0 -63.21504,9.75334,0 -63.21507,9.75326,0 -63.21509,9.75319,0 -63.2151,9.75318,0 -63.21519,9.75301,0 -63.21522,9.75289,0 -63.21523,9.75281,0 -63.21523,9.75271,0 -63.2152,9.75259,0 -63.21516,9.75249,0 -63.21509,9.75234,0 -63.21501,9.75219,0 -63.21495,9.75206,0 -63.21491,9.75195,0 -63.2149,9.7519,0 -63.21489,9.75186,0 -63.21489,9.75177,0 -63.21491,9.75169,0 -63.21499,9.75155,0 -63.21505,9.75146,0 -63.21514,9.75139,0 -63.21524,9.75133,0 -63.21539,9.75126,0 -63.21547,9.7512,0 -63.21552,9.75115,0 -63.21557,9.75107,0 -63.21565,9.75093,0 -63.2157,9.75084,0 -63.21578,9.75076,0 -63.21588,9.75069,0 -63.21599,9.75065,0 -63.21609,9.75064,0 -63.21618,9.75065,0 -63.21631,9.75067,0 -63.21643,9.7507,0 -63.21651,9.75074,0 -63.21657,9.75078,0 -63.21662,9.75087,0 -63.21664,9.75095,0 -63.21663,9.75106,0 -63.21659,9.75118,0 -63.21648,9.75132,0 -63.21629,9.75152,0 -63.21611,9.75173,0 -63.21591,9.75198,0 -63.21584,9.7521,0 -63.2158,9.7522,0 -63.21577,9.75231,0 -63.21575,9.75242,0 -63.21574,9.7525,0 -63.21575,9.7526,0 -63.21578,9.75271,0 -63.21582,9.7528,0 -63.21591,9.7529,0 -63.21609,9.75304,0 -63.21628,9.75315,0 -63.21639,9.75322,0 -63.21649,9.75328,0 -63.21662,9.75334,0 -63.21679,9.75339,0 -63.2169,9.75342,0 -63.21701,9.75344,0 -63.2171,9.75347,0 -63.21719,9.75352,0 -63.21729,9.75359,0 -63.2174,9.75368,0 -63.21748,9.75378,0 -63.2175,9.75385,0 -63.2175,9.7539,0 -63.21749,9.75399,0 -63.21745,9.75413,0 -63.21736,9.75433,0 -63.21727,9.75449,0 -63.21722,9.75461,0 -63.21722,9.75466,0 -63.21722,9.75467,0 -63.21723,9.75471,0 -63.21727,9.75474,0 -63.21733,9.75476,0 -63.21742,9.75479,0 -63.21755,9.7548,0 -63.21771,9.7548,0 -63.21787,9.75482,0 -63.21817,9.75486,0 -63.21834,9.75488,0 -63.21855,9.7549,0 -63.21885,9.7549,0 -63.21899,9.75489,0 -63.21918,9.75487,0 -63.21929,9.75484,0 -63.21939,9.75479,0 -63.21947,9.75472,0 -63.21953,9.75464,0 -63.21956,9.75457,0 -63.21957,9.75451,0 -63.21956,9.75444,0 -63.21954,9.7544,0 -63.21949,9.75439,0 -63.2194,9.75437,0 -63.2192,9.75438,0 -63.21896,9.7544,0 -63.21883,9.7544,0 -63.21866,9.75437,0 -63.21853,9.75431,0 -63.21848,9.75427,0 -63.21846,9.75424,0 -63.21846,9.75416,0 -63.21848,9.7541,0 -63.21851,9.75404,0 -63.21858,9.75398,0 -63.21874,9.75389,0 -63.21894,9.75379,0 -63.21914,9.75368,0 -63.21939,9.75356,0 -63.21959,9.75346,0 -63.21968,9.75339,0 -63.21972,9.75333,0 -63.21976,9.75328,0 -63.21978,9.75319,0 -63.21978,9.75311,0 -63.21977,9.75304,0 -63.21974,9.75298,0 -63.21967,9.75289,0 -63.21958,9.75283,0 -63.21947,9.75275,0 -63.21936,9.75269,0 -63.21926,9.75262,0 -63.21918,9.75253,0 -63.21909,9.7524,0 -63.21903,9.75225,0 -63.219,9.75209,0 -63.21899,9.75197,0 -63.219,9.75184,0 -63.21904,9.75169,0 -63.21908,9.75152,0 -63.21914,9.75141,0 -63.21919,9.75132,0 -63.21929,9.75122,0 -63.21937,9.75116,0 -63.21946,9.7511,0 -63.21955,9.75108,0 -63.21966,9.75105,0 -63.21978,9.75105,0 -63.21986,9.75106,0 -63.21992,9.75109,0 -63.21997,9.75114,0 -63.22001,9.75118,0 -63.22003,9.75124,0 -63.22003,9.7513,0 -63.22003,9.75135,0 -63.22001,9.75142,0 -63.21993,9.75159,0 -63.21984,9.7518,0 -63.21981,9.75197,0 -63.21979,9.7521,0 -63.2198,9.7522,0 -63.21981,9.75227,0 -63.21986,9.75237,0 -63.21995,9.7525,0 -63.22005,9.7526,0 -63.22009,9.75262,0 -63.22016,9.75263,0 -63.22023,9.75264,0 -63.22031,9.75263,0 -63.22038,9.75261,0 -63.22047,9.75254,0 -63.2205,9.75252,0 -63.22055,9.75246,0 -63.22063,9.75233,0 -63.22075,9.75214,0 -63.22085,9.75199,0 -63.22096,9.75187,0 -63.22105,9.75181,0 -63.22112,9.75179,0 -63.22122,9.75178,0 -63.22133,9.7518,0 -63.22145,9.75185,0 -63.22156,9.75194,0 -63.2217,9.75206,0 -63.22187,9.75222,0 -63.22202,9.75233,0 -63.22212,9.7524,0 -63.22224,9.75243,0 -63.22233,9.75241,0 -63.22241,9.75236,0 -63.22244,9.75229,0 -63.22247,9.75222,0 -63.2225,9.75202,0 -63.22255,9.75185,0 -63.22263,9.75164,0 -63.22264,9.75153,0 -63.22263,9.75147,0 -63.22259,9.75142,0 -63.22248,9.75137,0 -63.22232,9.75135,0 -63.22218,9.75135,0 -63.22193,9.75139,0 -63.22168,9.75146,0 -63.22147,9.75149,0 -63.22131,9.75149,0 -63.22115,9.75145,0 -63.22099,9.75139,0 -63.2209,9.75133,0 -63.22083,9.75127,0 -63.22076,9.75116,0 -63.22075,9.75105,0 -63.22077,9.75083,0 -63.22076,9.75071,0 -63.22074,9.75062,0 -63.22068,9.75054,0 -63.22047,9.7504,0 -63.22038,9.75035,0 -63.22032,9.7503,0 -63.22028,9.75026,0 -63.22023,9.75019,0 -63.22019,9.75013,0 -63.22017,9.75001,0 -63.22017,9.74994,0 -63.22018,9.74981,0 -63.2202,9.7497,0 -63.22024,9.74952,0 -63.2203,9.74938,0 -63.22036,9.74928,0 -63.22042,9.74919,0 -63.22054,9.74904,0 -63.22066,9.7489,0 -63.22074,9.74884,0 -63.22079,9.74882,0 -63.22085,9.74881,0 -63.22092,9.74883,0 -63.22096,9.74889,0 -63.22099,9.749,0 -63.22099,9.74914,0 -63.22096,9.7493,0 -63.22094,9.74944,0 -63.22094,9.74956,0 -63.22097,9.7497,0 -63.22105,9.74987,0 -63.22111,9.75001,0 -63.22114,9.75009,0 -63.22115,9.75025,0 -63.22116,9.75036,0 -63.22119,9.75046,0 -63.22123,9.75054,0 -63.22124,9.75062,0 -63.2213,9.75073,0 -63.22135,9.75081,0 -63.22142,9.75088,0 -63.2215,9.75092,0 -63.22156,9.75093,0 -63.22161,9.7509,0 -63.22163,9.75084,0 -63.22163,9.75078,0 -63.22161,9.75072,0 -63.22155,9.75062,0 -63.22149,9.75055,0 -63.22146,9.75046,0 -63.22147,9.75036,0 -63.2215,9.7503,0 -63.22157,9.75018,0 -63.22164,9.75012,0 -63.22172,9.75007,0 -63.22189,9.75002,0 -63.22207,9.74998,0 -63.22216,9.74995,0 -63.22228,9.74991,0 -63.22236,9.74983,0 -63.22239,9.74977,0 -63.2224,9.7497,0 -63.22237,9.74964,0 -63.22234,9.74959,0 -63.22219,9.74944,0 -63.22209,9.74931,0 -63.22199,9.74921,0 -63.22188,9.74912,0 -63.22173,9.74898,0 -63.22161,9.74884,0 -63.22147,9.7487,0 -63.22138,9.74864,0 -63.22121,9.74857,0 -63.22104,9.74845,0 -63.22093,9.74835,0 -63.22086,9.74827,0 -63.22079,9.74814,0 -63.22073,9.74804,0 -63.22066,9.74797,0 -63.22054,9.74788,0 -63.2204,9.7478,0 -63.22031,9.74773,0 -63.22021,9.74765,0 -63.22014,9.74755,0 -63.22003,9.74745,0 -63.21996,9.74731,0 -63.21987,9.74716,0 -63.21981,9.747,0 -63.21978,9.74687,0 -63.21977,9.74677,0 -63.21979,9.7467,0 -63.21981,9.74661,0 -63.21987,9.74652,0 -63.21995,9.74643,0 -63.22001,9.74638,0 -63.22008,9.74635,0 -63.22013,9.74634,0 -63.22018,9.74632,0 -63.22028,9.74633,0 -63.22037,9.74635,0 -63.2204,9.74636,0 -63.22056,9.74641,0 -63.22074,9.74651,0 -63.22092,9.74659,0 -63.22104,9.74662,0 -63.22115,9.74661,0 -63.22122,9.74659,0 -63.22137,9.74652,0 -63.22143,9.74646,0 -63.22155,9.74634,0 -63.22167,9.74621,0 -63.22173,9.74615,0 -63.2218,9.74612,0 -63.22187,9.74611,0 -63.22193,9.74612,0 -63.22201,9.74617,0 -63.22204,9.74622,0 -63.22204,9.74627,0 -63.22202,9.74636,0 -63.22198,9.74655,0 -63.22198,9.74664,0 -63.22198,9.74671,0 -63.22202,9.74677,0 -63.22209,9.74683,0 -63.22218,9.74691,0 -63.22231,9.74698,0 -63.22242,9.74702,0 -63.22255,9.74703,0 -63.22261,9.74705,0 -63.2227,9.74709,0 -63.22279,9.74716,0 -63.2229,9.74721,0 -63.22296,9.74724,0 -63.22306,9.74723,0 -63.22312,9.7472,0 -63.22318,9.74716,0 -63.22319,9.74712,0 -63.2232,9.74707,0 -63.22317,9.74698,0 -63.22304,9.7467,0 -63.22302,9.74656,0 -63.22303,9.74642,0 -63.22308,9.74636,0 -63.22313,9.74631,0 -63.22321,9.74629,0 -63.22332,9.74627,0 -63.22343,9.74624,0 -63.2235,9.74618,0 -63.22356,9.74609,0 -63.22359,9.74594,0 -63.22366,9.74576,0 -63.22372,9.74568,0 -63.22376,9.74562,0 -63.2238,9.74558,0 -63.22388,9.74554,0 -63.22393,9.74551,0 -63.22399,9.7455,0 -63.22403,9.74551,0 -63.22411,9.74554,0 -63.22419,9.74561,0 -63.22428,9.74571,0 -63.22445,9.74588,0 -63.22457,9.746,0 -63.22471,9.74608,0 -63.22479,9.74609,0 -63.22488,9.74609,0 -63.225,9.74607,0 -63.22512,9.746,0 -63.22523,9.74591,0 -63.22534,9.74576,0 -63.22538,9.74565,0 -63.22545,9.74546,0 -63.22552,9.74536,0 -63.22563,9.74526,0 -63.22574,9.74513,0 -63.22578,9.74504,0 -63.22579,9.74498,0 -63.2258,9.74498,0 -63.22579,9.74491,0 -63.22573,9.7448,0 -63.22554,9.74465,0 -63.22534,9.74455,0 -63.22514,9.74442,0 -63.22503,9.7443,0 -63.22481,9.74409,0 -63.22467,9.74395,0 -63.2246,9.74384,0 -63.22458,9.74374,0 -63.22457,9.74367,0 -63.22458,9.7436,0 -63.22462,9.74349,0 -63.22468,9.74343,0 -63.22472,9.74342,0 -63.22475,9.74342,0 -63.22482,9.74346,0 -63.22491,9.74354,0 -63.22502,9.74362,0 -63.22512,9.74368,0 -63.22524,9.74372,0 -63.2253,9.74373,0 -63.22539,9.74374,0 -63.22548,9.74372,0 -63.22558,9.74367,0 -63.22568,9.74358,0 -63.22577,9.74346,0 -63.22588,9.74322,0 -63.22593,9.74309,0 -63.22599,9.74299,0 -63.22603,9.7429,0 -63.2261,9.74281,0 -63.22622,9.74267,0 -63.22637,9.74258,0 -63.22648,9.7425,0 -63.22659,9.74245,0 -63.22672,9.74241,0 -63.22683,9.74241,0 -63.22697,9.74244,0 -63.22714,9.74251,0 -63.22736,9.74255,0 -63.22751,9.74256,0 -63.22763,9.74257,0 -63.22775,9.74261,0 -63.22786,9.74268,0 -63.22795,9.74276,0 -63.22801,9.74285,0 -63.22805,9.74294,0 -63.22807,9.74302,0 -63.22807,9.7432,0 -63.22808,9.74342,0 -63.22809,9.74357,0 -63.2281,9.74372,0 -63.22813,9.74384,0 -63.22815,9.74396,0 -63.22819,9.74413,0 -63.22821,9.74424,0 -63.22822,9.74437,0 -63.22825,9.74443,0 -63.22829,9.74452,0 -63.22837,9.7446,0 -63.22844,9.74466,0 -63.22851,9.74474,0 -63.22861,9.74481,0 -63.22872,9.74486,0 -63.22882,9.74489,0 -63.22893,9.74489,0 -63.22901,9.74488,0 -63.2292,9.7448,0 -63.22939,9.74468,0 -63.2295,9.74461,0 -63.22954,9.74456,0 -63.22956,9.74451,0 -63.22955,9.74446,0 -63.2295,9.7444,0 -63.22944,9.74438,0 -63.22932,9.74435,0 -63.22924,9.74432,0 -63.22915,9.74428,0 -63.2291,9.74423,0 -63.22904,9.74417,0 -63.229,9.74406,0 -63.22897,9.74395,0 -63.22897,9.74386,0 -63.22897,9.74376,0 -63.229,9.74364,0 -63.22904,9.74348,0 -63.22905,9.74338,0 -63.22907,9.74324,0 -63.22911,9.74315,0 -63.22916,9.74305,0 -63.22926,9.74293,0 -63.22938,9.74278,0 -63.22954,9.74251,0 -63.22966,9.7423,0 -63.22976,9.74213,0 -63.22982,9.74198,0 -63.2299,9.74186,0 -63.22998,9.74176,0 -63.23007,9.74167,0 -63.23021,9.74156,0 -63.23037,9.74149,0 -63.23052,9.74142,0 -63.23071,9.74132,0 -63.23088,9.74123,0 -63.231,9.74114,0 -63.23105,9.74109,0 -63.2311,9.74102,0 -63.23116,9.74091,0 -63.23119,9.74079,0 -63.23125,9.7406,0 -63.23127,9.74044,0 -63.23128,9.74027,0 -63.23129,9.7401,0 -63.23131,9.74,0 -63.23135,9.7399,0 -63.23141,9.73978,0 -63.2315,9.73966,0 -63.23157,9.73961,0 -63.23172,9.7396,0 -63.23184,9.73961,0 -63.23195,9.73966,0 -63.23203,9.73971,0 -63.23212,9.73978,0 -63.2322,9.73983,0 -63.23229,9.73987,0 -63.23239,9.73989,0 -63.23248,9.7399,0 -63.23261,9.73994,0 -63.23271,9.73997,0 -63.23281,9.74001,0 -63.23293,9.74006,0 -63.23308,9.74009,0 -63.23319,9.7401,0 -63.2333,9.7401,0 -63.23339,9.74007,0 -63.23352,9.74003,0 -63.23359,9.73999,0 -63.23364,9.73993,0 -63.23369,9.73983,0 -63.23376,9.73972,0 -63.23382,9.73966,0 -63.2339,9.73957,0 -63.23381,9.73678,0 -63.23527,9.73333,0 -63.23497,9.73337,0 -63.23325,9.73356,0 -63.23256,9.73362,0 -63.23177,9.73368,0 -63.23039,9.73384,0 -63.22962,9.73393,0 -63.22878,9.73406,0 -63.22723,9.73435,0 -63.22623,9.73453,0 -63.22448,9.73487,0 -63.22349,9.73504,0 -63.2234,9.73506,0 -63.22251,9.73523,0 -63.222,9.73532,0 -63.22192,9.73534,0 -63.22119,9.73548,0 -63.21999,9.73569,0 -63.21875,9.7359,0 -63.21836,9.73596,0 -63.21736,9.73613,0 -63.21683,9.73623,0 -63.21606,9.7364,0 -63.21567,9.7365,0 -63.21529,9.7366,0 -63.21514,9.73665,0 -63.21456,9.73682,0 -63.21332,9.7372,0 -63.20957,9.73836,0 -63.2077,9.73896,0 -63.20731,9.7391,0 -63.20603,9.73947,0 -63.20544,9.73963,0 -63.20501,9.73971,0 -63.20464,9.73973,0 -63.20433,9.73972,0 -63.20406,9.7397,0 -63.2039,9.73967,0 -63.20372,9.73962,0 -63.20343,9.73952,0 -63.20313,9.73943,0 -63.20295,9.73938,0 -63.2027,9.73936,0 -63.20261,9.73928,0 -63.20245,9.7392,0 -63.20218,9.73906,0 -63.20207,9.739,0 -63.20187,9.73887,0 -63.20172,9.73877,0 -63.20143,9.73855,0 -63.20115,9.73832,0 -63.20083,9.73805,0 -63.20048,9.73771,0 -63.20034,9.73758,0 -63.20017,9.73739,0 -63.20003,9.73722,0 -63.19978,9.7369,0 -63.19953,9.73653,0 -63.19925,9.73614,0 -63.19883,9.73558,0 -63.19845,9.73507,0 -63.19807,9.73461,0 -63.19769,9.73414,0 -63.19742,9.73383,0 -63.19704,9.7334,0 -63.19681,9.73317,0 -63.19641,9.73285,0 -63.19602,9.73256,0 -63.19587,9.73247,0 -63.19552,9.73224,0 -63.1951,9.73198,0 -63.19467,9.73173,0 -63.19432,9.73153,0 -63.19391,9.73132,0 -63.19322,9.73102,0 -63.1928,9.73085,0 -63.19241,9.73069,0 -63.1919,9.73049,0 -63.19168,9.73041,0 -63.19146,9.73033,0 -63.191,9.73016,0 -63.19027,9.72987,0 -63.18986,9.72972,0 -63.18925,9.72949,0 -63.18872,9.72929,0 -63.18841,9.72919,0 -63.18814,9.72914,0 -63.1877,9.72908,0 -63.18733,9.72905,0 -63.1869,9.72903,0 -63.18644,9.72904,0 -63.18611,9.72905,0 -63.18593,9.72906,0 -63.1858,9.72908,0 -63.18543,9.72917,0 -63.18504,9.72928,0 -63.18459,9.72942,0 -63.18428,9.72951,0 -63.18403,9.7296,0 -63.18372,9.72972,0 -63.18313,9.73,0 -63.18258,9.73028,0 -63.1822,9.73044,0 -63.1818,9.7306,0 -63.1815,9.73069,0 -63.1811,9.73081,0 -63.18074,9.73088,0 -63.18024,9.73097,0 -63.17987,9.73104,0 -63.17945,9.73114,0 -63.1785,9.73136,0 -63.17786,9.73151,0 -63.17722,9.73168,0 -63.17672,9.73181,0 -63.17654,9.73187,0 -63.1762,9.73197,0 -63.17603,9.73203,0 -63.17588,9.73208,0 -63.17558,9.73216,0 -63.17539,9.73221,0 -63.17529,9.73223,0 -63.17493,9.7323,0 -63.17458,9.73237,0 -63.17429,9.73245,0 -63.17408,9.73253,0 -63.17384,9.73264,0 -63.17356,9.73279,0 -63.17328,9.73296,0 -63.17304,9.73311,0 -63.17279,9.73332,0 -63.17257,9.73352,0 -63.17223,9.73385,0 -63.17193,9.73417,0 -63.17177,9.73436,0 -63.17145,9.73477,0 -63.17125,9.73503,0 -63.17094,9.73543,0 -63.17075,9.73564,0 -63.17064,9.73577,0 -63.17056,9.73586,0 -63.17014,9.7362,0 -63.16971,9.73658,0 -63.16936,9.73683,0 -63.16901,9.73705,0 -63.16859,9.73731,0 -63.16811,9.73752,0 -63.1678,9.73765,0 -63.16761,9.73774,0 -63.16743,9.73782,0 -63.16429,9.73844,0
          </coordinates></LinearRing></outerBoundaryIs>
        </Polygon>
      </Placemark>
      <Placemark>
        <name>Santa Cruz (Maturín)</name>
        <description>Parroquia Santa Cruz, Municipio Maturín. PCODE: VE160806</description>
        <styleUrl>#style-parroquia-santa-cruz</styleUrl>
        <Polygon>
          <outerBoundaryIs><LinearRing><coordinates>
            -63.2339,9.73957,0 -63.23391,9.73955,0 -63.234,9.73951,0 -63.23413,9.73947,0 -63.23431,9.73946,0 -63.2345,9.73943,0 -63.23473,9.73939,0 -63.23485,9.73936,0 -63.23495,9.73935,0 -63.23522,9.73931,0 -63.23537,9.73929,0 -63.23557,9.73927,0 -63.23572,9.73927,0 -63.23581,9.73929,0 -63.23589,9.73934,0 -63.23609,9.7395,0 -63.23628,9.73965,0 -63.23627,9.73965,0 -63.23633,9.73969,0 -63.2364,9.73975,0 -63.23647,9.73984,0 -63.23652,9.73991,0 -63.23654,9.73997,0 -63.23656,9.74005,0 -63.23656,9.74013,0 -63.23654,9.74018,0 -63.23649,9.74022,0 -63.23643,9.74028,0 -63.23634,9.74034,0 -63.23629,9.74039,0 -63.23625,9.74043,0 -63.23623,9.74048,0 -63.23622,9.74054,0 -63.23622,9.74061,0 -63.23624,9.74068,0 -63.23628,9.74076,0 -63.23636,9.74085,0 -63.23646,9.74094,0 -63.2366,9.74103,0 -63.23667,9.74105,0 -63.2367,9.74106,0 -63.23674,9.74105,0 -63.23682,9.74102,0 -63.23687,9.74096,0 -63.23691,9.7409,0 -63.23695,9.74079,0 -63.23702,9.74055,0 -63.23711,9.74033,0 -63.23719,9.74012,0 -63.23727,9.73998,0 -63.23739,9.73977,0 -63.23746,9.73966,0 -63.23761,9.73947,0 -63.23788,9.73923,0 -63.23808,9.73907,0 -63.23827,9.73899,0 -63.23846,9.73893,0 -63.23865,9.73891,0 -63.23883,9.73894,0 -63.23901,9.73902,0 -63.23912,9.7391,0 -63.23921,9.73921,0 -63.23925,9.73933,0 -63.23924,9.73946,0 -63.23918,9.73965,0 -63.2391,9.73981,0 -63.23909,9.73986,0 -63.23908,9.73992,0 -63.23909,9.73998,0 -63.23913,9.74003,0 -63.23919,9.74008,0 -63.23927,9.74011,0 -63.23935,9.74012,0 -63.23945,9.74012,0 -63.23956,9.74012,0 -63.23966,9.7401,0 -63.23978,9.74005,0 -63.23985,9.74001,0 -63.23991,9.73995,0 -63.23999,9.73988,0 -63.24006,9.73979,0 -63.24013,9.73966,0 -63.24014,9.73954,0 -63.24018,9.73935,0 -63.24024,9.73912,0 -63.2403,9.73898,0 -63.24035,9.73892,0 -63.24041,9.73888,0 -63.2405,9.73888,0 -63.24063,9.73892,0 -63.24076,9.73896,0 -63.24087,9.739,0 -63.24098,9.73908,0 -63.24116,9.73924,0 -63.2413,9.73935,0 -63.24137,9.73938,0 -63.24147,9.7394,0 -63.24163,9.73937,0 -63.24179,9.73928,0 -63.24189,9.73921,0 -63.24197,9.7391,0 -63.24204,9.7389,0 -63.24212,9.73871,0 -63.24223,9.73859,0 -63.24238,9.73851,0 -63.24249,9.73849,0 -63.24254,9.73851,0 -63.2426,9.73854,0 -63.24266,9.73864,0 -63.24269,9.73871,0 -63.24277,9.73876,0 -63.24284,9.7388,0 -63.24295,9.73883,0 -63.2432,9.73886,0 -63.24343,9.73887,0 -63.24362,9.73885,0 -63.24397,9.73874,0 -63.24438,9.73857,0 -63.24472,9.73846,0 -63.24482,9.73846,0 -63.24488,9.73848,0 -63.24493,9.73852,0 -63.24503,9.73868,0 -63.24506,9.73887,0 -63.2451,9.73902,0 -63.24515,9.73915,0 -63.24529,9.73925,0 -63.24542,9.73931,0 -63.24559,9.73933,0 -63.24583,9.73934,0 -63.24609,9.73932,0 -63.24628,9.73928,0 -63.24639,9.73923,0 -63.24648,9.73914,0 -63.2466,9.73897,0 -63.2467,9.73878,0 -63.24679,9.73857,0 -63.24687,9.73842,0 -63.24702,9.7383,0 -63.24725,9.7382,0 -63.24746,9.73814,0 -63.24754,9.73814,0 -63.24762,9.73816,0 -63.24768,9.73819,0 -63.24771,9.73824,0 -63.2477,9.73832,0 -63.24768,9.73843,0 -63.24762,9.73856,0 -63.24754,9.73868,0 -63.24748,9.73881,0 -63.24742,9.73893,0 -63.24726,9.73921,0 -63.24721,9.73935,0 -63.24717,9.7395,0 -63.24716,9.73965,0 -63.24717,9.7398,0 -63.24719,9.7399,0 -63.24723,9.74,0 -63.2473,9.74008,0 -63.24739,9.74014,0 -63.24748,9.74016,0 -63.24764,9.74021,0 -63.24774,9.74027,0 -63.24789,9.74036,0 -63.24798,9.7404,0 -63.24811,9.74043,0 -63.24821,9.74042,0 -63.24828,9.7404,0 -63.24837,9.74033,0 -63.24844,9.74026,0 -63.24851,9.74023,0 -63.24857,9.74022,0 -63.24862,9.74022,0 -63.24867,9.74024,0 -63.24872,9.74027,0 -63.24878,9.74032,0 -63.24884,9.74042,0 -63.2489,9.74052,0 -63.24892,9.74065,0 -63.24895,9.74074,0 -63.24899,9.74082,0 -63.24906,9.7409,0 -63.24915,9.74095,0 -63.24926,9.74096,0 -63.24938,9.74098,0 -63.24951,9.74101,0 -63.24961,9.74105,0 -63.24965,9.74111,0 -63.2497,9.74117,0 -63.24972,9.74123,0 -63.24971,9.74134,0 -63.24967,9.7414,0 -63.24962,9.74145,0 -63.24953,9.74149,0 -63.24935,9.74155,0 -63.24911,9.74165,0 -63.249,9.7417,0 -63.24894,9.74174,0 -63.24885,9.74187,0 -63.24878,9.74203,0 -63.24872,9.74224,0 -63.24868,9.74236,0 -63.24861,9.74247,0 -63.2485,9.74265,0 -63.24845,9.74273,0 -63.24844,9.7428,0 -63.24846,9.74285,0 -63.24849,9.74288,0 -63.24855,9.74289,0 -63.24858,9.74288,0 -63.24869,9.74283,0 -63.24885,9.74268,0 -63.24897,9.74254,0 -63.2491,9.74238,0 -63.24921,9.74229,0 -63.2493,9.74223,0 -63.24939,9.74221,0 -63.24944,9.74219,0 -63.24953,9.74222,0 -63.24956,9.74226,0 -63.24961,9.74236,0 -63.24968,9.74246,0 -63.24974,9.74259,0 -63.24976,9.74276,0 -63.24975,9.74294,0 -63.24971,9.74308,0 -63.24963,9.74325,0 -63.24954,9.74346,0 -63.2495,9.74361,0 -63.24949,9.7437,0 -63.2495,9.74377,0 -63.24954,9.74389,0 -63.24961,9.74401,0 -63.24968,9.74409,0 -63.24976,9.74412,0 -63.2498,9.74413,0 -63.24985,9.74413,0 -63.2499,9.74411,0 -63.24998,9.74402,0 -63.25004,9.7439,0 -63.25009,9.7438,0 -63.25015,9.74365,0 -63.2502,9.74351,0 -63.25025,9.74344,0 -63.25032,9.74336,0 -63.25038,9.74331,0 -63.2505,9.74327,0 -63.25061,9.74328,0 -63.2507,9.74332,0 -63.25084,9.74345,0 -63.25097,9.74363,0 -63.25104,9.74378,0 -63.25109,9.74394,0 -63.2511,9.74405,0 -63.2511,9.74417,0 -63.25108,9.74424,0 -63.25103,9.74433,0 -63.25097,9.74439,0 -63.25085,9.74446,0 -63.25066,9.74454,0 -63.25051,9.74459,0 -63.25043,9.74465,0 -63.25037,9.74472,0 -63.25031,9.74479,0 -63.25023,9.7449,0 -63.25015,9.74499,0 -63.25001,9.74512,0 -63.24992,9.74521,0 -63.24988,9.74529,0 -63.24987,9.74532,0 -63.24986,9.74536,0 -63.24988,9.74545,0 -63.24992,9.74551,0 -63.24999,9.74559,0 -63.25009,9.74564,0 -63.25021,9.74567,0 -63.25038,9.74567,0 -63.25074,9.74564,0 -63.25095,9.74563,0 -63.25109,9.7456,0 -63.2512,9.74557,0 -63.2513,9.7455,0 -63.25137,9.74542,0 -63.25141,9.74535,0 -63.25142,9.74525,0 -63.2514,9.74511,0 -63.2514,9.74483,0 -63.25142,9.74471,0 -63.25148,9.74459,0 -63.25154,9.74453,0 -63.2516,9.74451,0 -63.2517,9.74452,0 -63.25187,9.74456,0 -63.25201,9.74458,0 -63.25215,9.74462,0 -63.25227,9.74468,0 -63.25236,9.74476,0 -63.25247,9.74486,0 -63.25253,9.74496,0 -63.25256,9.74504,0 -63.25256,9.74511,0 -63.25255,9.74516,0 -63.25251,9.74523,0 -63.25244,9.74528,0 -63.25237,9.7453,0 -63.2523,9.7453,0 -63.25212,9.74529,0 -63.25202,9.7453,0 -63.25194,9.74534,0 -63.25189,9.74538,0 -63.25186,9.74545,0 -63.25185,9.74555,0 -63.25186,9.74567,0 -63.25188,9.74581,0 -63.25193,9.74596,0 -63.25199,9.74603,0 -63.25203,9.74606,0 -63.25211,9.7461,0 -63.25223,9.74608,0 -63.25233,9.74606,0 -63.2524,9.74607,0 -63.2525,9.74611,0 -63.25255,9.74618,0 -63.25261,9.74634,0 -63.25265,9.74643,0 -63.25269,9.7465,0 -63.25274,9.74652,0 -63.25282,9.74655,0 -63.25289,9.74652,0 -63.25294,9.74648,0 -63.25297,9.74643,0 -63.25297,9.74636,0 -63.25298,9.74628,0 -63.25297,9.74618,0 -63.25298,9.74611,0 -63.25302,9.74602,0 -63.2531,9.74594,0 -63.25318,9.7459,0 -63.2533,9.74589,0 -63.25346,9.74588,0 -63.25357,9.74587,0 -63.25376,9.74583,0 -63.25396,9.74575,0 -63.25421,9.74565,0 -63.25437,9.74558,0 -63.25447,9.74557,0 -63.25458,9.74559,0 -63.25465,9.74563,0 -63.25475,9.74573,0 -63.25481,9.74583,0 -63.25483,9.74596,0 -63.25483,9.7461,0 -63.25481,9.74621,0 -63.25477,9.74629,0 -63.25468,9.74644,0 -63.25457,9.74658,0 -63.25454,9.7467,0 -63.25456,9.74681,0 -63.25461,9.74695,0 -63.25472,9.74713,0 -63.25486,9.74733,0 -63.25492,9.74745,0 -63.25497,9.74759,0 -63.25501,9.74774,0 -63.25503,9.74787,0 -63.25505,9.74802,0 -63.25509,9.74817,0 -63.25515,9.74834,0 -63.2552,9.74844,0 -63.25528,9.74852,0 -63.25541,9.74862,0 -63.25555,9.7487,0 -63.25573,9.74878,0 -63.25599,9.74889,0 -63.25623,9.74896,0 -63.2564,9.74903,0 -63.25677,9.74915,0 -63.25691,9.74919,0 -63.25708,9.74923,0 -63.25718,9.74929,0 -63.25739,9.74947,0 -63.2575,9.74954,0 -63.25766,9.7496,0 -63.25779,9.74958,0 -63.25787,9.74954,0 -63.25804,9.74946,0 -63.25811,9.74942,0 -63.25832,9.74941,0 -63.25849,9.74938,0 -63.2586,9.7493,0 -63.25866,9.74918,0 -63.25866,9.74907,0 -63.25867,9.74894,0 -63.25875,9.74877,0 -63.25885,9.74863,0 -63.25896,9.7485,0 -63.25906,9.74841,0 -63.25913,9.74832,0 -63.25919,9.74821,0 -63.25919,9.74807,0 -63.25913,9.74788,0 -63.25888,9.74755,0 -63.25868,9.74733,0 -63.25856,9.74715,0 -63.25854,9.74707,0 -63.25856,9.74697,0 -63.25862,9.74687,0 -63.25871,9.74677,0 -63.2589,9.74669,0 -63.25904,9.74667,0 -63.25916,9.74669,0 -63.25925,9.74675,0 -63.2594,9.74691,0 -63.25954,9.74709,0 -63.25963,9.74721,0 -63.2597,9.74725,0 -63.25976,9.74727,0 -63.25982,9.74727,0 -63.25992,9.74725,0 -63.26005,9.74717,0 -63.26019,9.74704,0 -63.26045,9.74674,0 -63.26076,9.74644,0 -63.26094,9.74628,0 -63.26115,9.74608,0 -63.26125,9.74604,0 -63.26128,9.74604,0 -63.26135,9.74371,0 -63.25911,9.72837,0 -63.25911,9.72769,0 -63.25913,9.72695,0 -63.25908,9.72589,0 -63.25916,9.7244,0 -63.25921,9.72353,0 -63.26509,9.71251,0 -63.25326,9.63373,0 -63.25143,9.63362,0 -63.25035,9.63334,0 -63.24934,9.63295,0 -63.24762,9.63314,0 -63.24558,9.63339,0 -63.24482,9.63415,0 -63.24519,9.6351,0 -63.244,9.63567,0 -63.2432,9.63595,0 -63.24202,9.63613,0 -63.24113,9.63528,0 -63.23961,9.63578,0 -63.23931,9.63698,0 -63.23834,9.63703,0 -63.23815,9.63799,0 -63.23902,9.63872,0 -63.23738,9.6382,0 -63.23632,9.63824,0 -63.23542,9.63875,0 -63.23462,9.63937,0 -63.23438,9.64003,0 -63.23465,9.64036,0 -63.2343,9.64122,0 -63.23448,9.64276,0 -63.23403,9.64298,0 -63.23292,9.64304,0 -63.23141,9.64314,0 -63.24046,9.7023,0 -63.24072,9.70919,0 -63.24111,9.71949,0 -63.23527,9.73333,0 -63.23381,9.73678,0 -63.2339,9.73957,0
          </coordinates></LinearRing></outerBoundaryIs>
        </Polygon>
      </Placemark>
      <Placemark>
        <name>Capital Acosta (Acosta)</name>
        <description>Parroquia Capital Acosta, Municipio Acosta. PCODE: VE160101</description>
        <styleUrl>#style-parroquia-capital-acosta</styleUrl>
        <Polygon>
          <outerBoundaryIs><LinearRing><coordinates>
            -63.62386,10.13661,0 -63.62563,10.13546,0 -63.63808,10.12743,0 -63.65146,10.1284,0 -63.65292,10.12943,0 -63.65511,10.13416,0 -63.66172,10.13297,0 -63.68213,10.12636,0 -63.69847,10.12037,0 -63.70897,10.12423,0 -63.71263,10.12999,0 -63.72292,10.1312,0 -63.73707,10.13499,0 -63.7512,10.13346,0 -63.75618,10.13354,0 -63.76435,10.13811,0 -63.76655,10.13934,0 -63.77082,10.13873,0 -63.77287,10.13966,0 -63.77492,10.14059,0 -63.77854,10.14105,0 -63.78251,10.14203,0 -63.79106,10.13761,0 -63.79281,10.13832,0 -63.79337,10.13854,0 -63.79397,10.13885,0 -63.79397,10.13879,0 -63.80555,10.1218,0 -63.81423,10.10426,0 -63.82586,10.11095,0 -63.83308,10.10746,0 -63.83647,10.10582,0 -63.87032,10.10644,0 -63.87782,10.10224,0 -63.87789,10.1022,0 -63.87797,10.10218,0 -63.88918,10.09912,0 -63.91518,10.09202,0 -63.93242,10.08413,0 -63.93255,10.08407,0 -63.93237,10.08386,0 -63.93149,10.08363,0 -63.92744,10.0826,0 -63.92344,10.07992,0 -63.91962,10.07775,0 -63.91896,10.07737,0 -63.91803,10.07375,0 -63.91348,10.07185,0 -63.90997,10.0687,0 -63.90996,10.06867,0 -63.90957,10.06535,0 -63.91081,10.05918,0 -63.91127,10.0539,0 -63.90628,10.05087,0 -63.89732,10.05102,0 -63.8928,10.05357,0 -63.89017,10.04859,0 -63.89321,10.04377,0 -63.89666,10.03851,0 -63.90108,10.03364,0 -63.89755,10.02907,0 -63.89091,10.02669,0 -63.88135,10.02578,0 -63.87298,10.02787,0 -63.86697,10.03038,0 -63.86166,10.03086,0 -63.85428,10.0319,0 -63.84386,10.03422,0 -63.83695,10.03647,0 -63.82897,10.03565,0 -63.81867,10.02016,0 -63.79451,10.02368,0 -63.79344,10.02505,0 -63.79263,10.02574,0 -63.79187,10.02682,0 -63.79073,10.02745,0 -63.78954,10.02871,0 -63.78879,10.02995,0 -63.78722,10.0307,0 -63.78556,10.03107,0 -63.78416,10.0316,0 -63.78266,10.03273,0 -63.78096,10.03396,0 -63.77928,10.03571,0 -63.77739,10.03617,0 -63.77408,10.03595,0 -63.77217,10.03641,0 -63.77045,10.03734,0 -63.76729,10.03795,0 -63.76571,10.03917,0 -63.76444,10.03937,0 -63.76338,10.03968,0 -63.76214,10.03936,0 -63.76091,10.03809,0 -63.75955,10.03834,0 -63.75763,10.03873,0 -63.75587,10.03973,0 -63.75447,10.04002,0 -63.75229,10.0403,0 -63.75105,10.04064,0 -63.74865,10.04125,0 -63.74723,10.04166,0 -63.74531,10.042,0 -63.74359,10.04261,0 -63.74168,10.04339,0 -63.73965,10.04451,0 -63.73763,10.04579,0 -63.73659,10.04661,0 -63.73448,10.04748,0 -63.73262,10.04754,0 -63.7302,10.04808,0 -63.72824,10.04656,0 -63.72614,10.04468,0 -63.72441,10.04439,0 -63.72379,10.04611,0 -63.72311,10.04581,0 -63.72224,10.04476,0 -63.72076,10.04373,0 -63.72172,10.04184,0 -63.72236,10.04083,0 -63.72294,10.04005,0 -63.72351,10.03907,0 -63.72344,10.0385,0 -63.72231,10.0386,0 -63.72127,10.0394,0 -63.72,10.03914,0 -63.71875,10.03782,0 -63.71729,10.0373,0 -63.7166,10.03665,0 -63.71587,10.03578,0 -63.7153,10.03456,0 -63.71465,10.03327,0 -63.71427,10.03241,0 -63.71435,10.0306,0 -63.71196,10.03012,0 -63.70957,10.03006,0 -63.70898,10.02898,0 -63.70904,10.02797,0 -63.70883,10.02577,0 -63.69295,10.03192,0 -63.6897,10.0308,0 -63.68592,10.02861,0 -63.68314,10.02731,0 -63.68091,10.02908,0 -63.67795,10.03252,0 -63.6731,10.03423,0 -63.66876,10.03547,0 -63.6676,10.0353,0 -63.66313,10.03808,0 -63.65835,10.04045,0 -63.65056,10.04548,0 -63.64691,10.04793,0 -63.64518,10.04924,0 -63.64357,10.05042,0 -63.63612,10.0579,0 -63.63411,10.06238,0 -63.6316,10.06488,0 -63.62856,10.06678,0 -63.6244,10.07774,0 -63.62037,10.08834,0 -63.61821,10.09131,0 -63.61711,10.09812,0 -63.61751,10.10284,0 -63.61795,10.10679,0 -63.61974,10.1106,0 -63.62099,10.11434,0 -63.62052,10.11728,0 -63.61819,10.12032,0 -63.61738,10.12281,0 -63.61716,10.12618,0 -63.6174,10.12657,0 -63.61923,10.12904,0 -63.62215,10.13169,0 -63.62329,10.13425,0 -63.62386,10.13661,0
          </coordinates></LinearRing></outerBoundaryIs>
        </Polygon>
      </Placemark>
      <Placemark>
        <name>San Francisco (Acosta)</name>
        <description>Parroquia San Francisco, Municipio Acosta. PCODE: VE160102</description>
        <styleUrl>#style-parroquia-san-francisco</styleUrl>
        <Polygon>
          <outerBoundaryIs><LinearRing><coordinates>
            -63.58145,10.19982,0 -63.58396,10.19778,0 -63.58652,10.19702,0 -63.58812,10.19741,0 -63.59108,10.19924,0 -63.5926,10.20044,0 -63.59679,10.20703,0 -63.59867,10.21102,0 -63.59984,10.21461,0 -63.60162,10.21625,0 -63.60334,10.21704,0 -63.60517,10.21702,0 -63.60738,10.21684,0 -63.60937,10.21649,0 -63.61153,10.21595,0 -63.61399,10.21645,0 -63.61592,10.21768,0 -63.6175,10.21702,0 -63.61876,10.21616,0 -63.62108,10.21541,0 -63.62732,10.21458,0 -63.62999,10.21609,0 -63.63147,10.21757,0 -63.63388,10.21759,0 -63.63536,10.21842,0 -63.63702,10.2214,0 -63.64197,10.22252,0 -63.6445,10.22217,0 -63.64633,10.22135,0 -63.64844,10.22019,0 -63.65093,10.22001,0 -63.65199,10.22,0 -63.6539,10.21933,0 -63.65813,10.2182,0 -63.66021,10.21733,0 -63.66863,10.21425,0 -63.67012,10.21294,0 -63.67186,10.21151,0 -63.67389,10.21024,0 -63.67828,10.20809,0 -63.68283,10.2063,0 -63.686,10.2049,0 -63.68913,10.20353,0 -63.69133,10.20274,0 -63.69462,10.20154,0 -63.69616,10.20023,0 -63.69741,10.19872,0 -63.69903,10.19708,0 -63.70192,10.19661,0 -63.70384,10.19647,0 -63.70742,10.19576,0 -63.70913,10.19506,0 -63.72398,10.18895,0 -63.75555,10.17753,0 -63.76869,10.18276,0 -63.77415,10.15697,0 -63.78438,10.15725,0 -63.79384,10.14991,0 -63.79392,10.14368,0 -63.79397,10.13885,0 -63.79337,10.13854,0 -63.79281,10.13832,0 -63.79106,10.13761,0 -63.78251,10.14203,0 -63.77854,10.14105,0 -63.77492,10.14059,0 -63.77287,10.13966,0 -63.77082,10.13873,0 -63.76655,10.13934,0 -63.76435,10.13811,0 -63.75618,10.13354,0 -63.7512,10.13346,0 -63.73707,10.13499,0 -63.72292,10.1312,0 -63.71263,10.12999,0 -63.70897,10.12423,0 -63.69847,10.12037,0 -63.68213,10.12636,0 -63.66172,10.13297,0 -63.65511,10.13416,0 -63.65292,10.12943,0 -63.65146,10.1284,0 -63.63808,10.12743,0 -63.62563,10.13546,0 -63.62386,10.13661,0 -63.6219,10.13822,0 -63.62033,10.13883,0 -63.61778,10.13975,0 -63.61138,10.14156,0 -63.60686,10.14355,0 -63.60259,10.14738,0 -63.60002,10.14936,0 -63.59609,10.15165,0 -63.59202,10.15563,0 -63.58951,10.15825,0 -63.58566,10.16211,0 -63.58156,10.16345,0 -63.56802,10.1636,0 -63.56926,10.17284,0 -63.57198,10.17483,0 -63.57252,10.17605,0 -63.57183,10.17913,0 -63.57524,10.18246,0 -63.5775,10.18924,0 -63.57869,10.1928,0 -63.58068,10.19878,0 -63.58088,10.19908,0 -63.58112,10.19942,0 -63.58145,10.19982,0
          </coordinates></LinearRing></outerBoundaryIs>
        </Polygon>
      </Placemark>
      <Placemark>
        <name>Aguasay (Aguasay)</name>
        <description>Parroquia Aguasay, Municipio Aguasay. PCODE: VE160201</description>
        <styleUrl>#style-parroquia-aguasay</styleUrl>
        <Polygon>
          <outerBoundaryIs><LinearRing><coordinates>
            -63.64103,9.49837,0 -63.64503,9.49646,0 -63.64736,9.49509,0 -63.64961,9.494,0 -63.65326,9.49455,0 -63.65617,9.49555,0 -63.65838,9.4976,0 -63.65927,9.49826,0 -63.66098,9.49955,0 -63.66253,9.49917,0 -63.66372,9.49755,0 -63.66507,9.49642,0 -63.66709,9.49689,0 -63.66813,9.49793,0 -63.66956,9.49887,0 -63.67127,9.50044,0 -63.67266,9.50287,0 -63.6743,9.5044,0 -63.67615,9.50553,0 -63.67977,9.50712,0 -63.68341,9.50891,0 -63.68552,9.51043,0 -63.68821,9.51061,0 -63.69224,9.51081,0 -63.69488,9.51081,0 -63.69746,9.51299,0 -63.69962,9.5146,0 -63.70098,9.51579,0 -63.70393,9.51766,0 -63.70732,9.51808,0 -63.70947,9.51814,0 -63.71236,9.5182,0 -63.71443,9.51745,0 -63.71543,9.51624,0 -63.71596,9.51467,0 -63.71691,9.51344,0 -63.71865,9.51252,0 -63.72093,9.51303,0 -63.72269,9.51467,0 -63.72353,9.51639,0 -63.72403,9.51941,0 -63.72457,9.52128,0 -63.72688,9.52344,0 -63.73068,9.52376,0 -63.73146,9.52249,0 -63.73211,9.52087,0 -63.73201,9.51906,0 -63.73296,9.51648,0 -63.73267,9.51458,0 -63.73465,9.51402,0 -63.73659,9.51398,0 -63.73858,9.51399,0 -63.74007,9.51293,0 -63.74296,9.51263,0 -63.74628,9.51351,0 -63.74818,9.51469,0 -63.74944,9.51641,0 -63.75132,9.51722,0 -63.75527,9.51813,0 -63.75793,9.51898,0 -63.76071,9.51895,0 -63.76269,9.51977,0 -63.76475,9.52122,0 -63.76542,9.52251,0 -63.76517,9.52417,0 -63.76616,9.5253,0 -63.76768,9.52722,0 -63.76924,9.52898,0 -63.77113,9.53114,0 -63.77218,9.53287,0 -63.77308,9.53285,0 -63.77501,9.53222,0 -63.77731,9.53128,0 -63.77911,9.53084,0 -63.77986,9.52993,0 -63.78013,9.52853,0 -63.78199,9.52739,0 -63.78483,9.52697,0 -63.78724,9.52739,0 -63.78953,9.52856,0 -63.79189,9.5296,0 -63.79279,9.53109,0 -63.79308,9.53191,0 -63.7936,9.53339,0 -63.79497,9.53502,0 -63.7968,9.53547,0 -63.79854,9.53555,0 -63.80103,9.53651,0 -63.80246,9.53612,0 -63.80419,9.5354,0 -63.80633,9.53508,0 -63.8067,9.53514,0 -63.80868,9.53545,0 -63.81045,9.53638,0 -63.81192,9.53691,0 -63.81361,9.53823,0 -63.81389,9.53844,0 -63.81568,9.53977,0 -63.81725,9.54105,0 -63.81921,9.54173,0 -63.82148,9.54233,0 -63.82354,9.54321,0 -63.82447,9.5433,0 -63.82509,9.54337,0 -63.82532,9.54341,0 -63.97263,9.41462,0 -63.97247,9.35674,0 -63.97174,9.339,0 -63.97063,9.33813,0 -63.97059,9.33775,0 -63.96979,9.3368,0 -63.96886,9.33577,0 -63.96793,9.33497,0 -63.96696,9.33481,0 -63.96607,9.33318,0 -63.96571,9.33291,0 -63.96434,9.33004,0 -63.96337,9.31198,0 -63.96082,9.30533,0 -63.95685,9.29903,0 -63.95185,9.29317,0 -63.94688,9.29227,0 -63.94542,9.29149,0 -63.94389,9.29117,0 -63.94351,9.29112,0 -63.9391,9.28674,0 -63.93909,9.28674,0 -63.93832,9.28593,0 -63.93473,9.27873,0 -63.93469,9.2786,0 -63.93312,9.27276,0 -63.92866,9.27294,0 -63.92738,9.26493,0 -63.92337,9.26023,0 -63.91848,9.2583,0 -63.91843,9.25762,0 -63.91837,9.25745,0 -63.91778,9.25304,0 -63.91828,9.25231,0 -63.91125,9.19428,0 -63.91124,9.19244,0 -63.91031,9.18964,0 -63.9092,9.18869,0 -63.9088,9.19555,0 -63.90706,9.19623,0 -63.9057,9.19578,0 -63.90422,9.19661,0 -63.90358,9.19743,0 -63.9027,9.19764,0 -63.90259,9.19798,0 -63.89458,9.20112,0 -63.89366,9.20112,0 -63.8902,9.20238,0 -63.88921,9.20342,0 -63.88879,9.20526,0 -63.88807,9.20639,0 -63.88763,9.2069,0 -63.88642,9.20769,0 -63.8851,9.20774,0 -63.88383,9.20726,0 -63.88278,9.20721,0 -63.88207,9.20809,0 -63.88152,9.2085,0 -63.88015,9.2085,0 -63.87865,9.20862,0 -63.87543,9.2083,0 -63.8737,9.20961,0 -63.87246,9.21106,0 -63.87029,9.21386,0 -63.86934,9.2146,0 -63.86836,9.21472,0 -63.86253,9.21271,0 -63.86198,9.21325,0 -63.86175,9.21302,0 -63.86104,9.21304,0 -63.86025,9.21422,0 -63.85901,9.21516,0 -63.85842,9.21676,0 -63.85567,9.21947,0 -63.8549,9.2198,0 -63.85298,9.21898,0 -63.85067,9.22001,0 -63.8497,9.2213,0 -63.84864,9.22211,0 -63.84658,9.22289,0 -63.84515,9.22383,0 -63.84418,9.22486,0 -63.842,9.22622,0 -63.83988,9.2262,0 -63.83907,9.22673,0 -63.83847,9.22781,0 -63.83736,9.22843,0 -63.83567,9.22804,0 -63.83512,9.22857,0 -63.83362,9.22919,0 -63.83172,9.22949,0 -63.8295,9.22949,0 -63.82721,9.22883,0 -63.82349,9.22321,0 -63.81704,9.2195,0 -63.81331,9.21701,0 -63.80707,9.21652,0 -63.79131,9.21721,0 -63.78133,9.22636,0 -63.77091,9.22545,0 -63.76702,9.22176,0 -63.76147,9.22301,0 -63.75389,9.21914,0 -63.75036,9.21446,0 -63.74849,9.21398,0 -63.74819,9.21225,0 -63.74703,9.21101,0 -63.74675,9.20993,0 -63.74587,9.20885,0 -63.74494,9.20619,0 -63.7439,9.20382,0 -63.74392,9.20164,0 -63.74401,9.20003,0 -63.74267,9.19975,0 -63.74123,9.20005,0 -63.7388,9.19886,0 -63.73698,9.19813,0 -63.73351,9.19803,0 -63.73247,9.19808,0 -63.73274,9.19661,0 -63.73161,9.19567,0 -63.73055,9.19684,0 -63.72932,9.1973,0 -63.72789,9.19739,0 -63.72703,9.19969,0 -63.72579,9.20061,0 -63.72507,9.20096,0 -63.72428,9.19955,0 -63.72375,9.19772,0 -63.72248,9.19735,0 -63.72111,9.19774,0 -63.71922,9.19753,0 -63.71716,9.19809,0 -63.71591,9.19664,0 -63.71591,9.19508,0 -63.71516,9.19448,0 -63.71197,9.19354,0 -63.70991,9.19181,0 -63.70991,9.18878,0 -63.70974,9.18738,0 -63.70822,9.1874,0 -63.70736,9.18676,0 -63.70669,9.18543,0 -63.70511,9.18467,0 -63.70361,9.18474,0 -63.70181,9.18416,0 -63.69954,9.18414,0 -63.6973,9.18306,0 -63.69605,9.18265,0 -63.69521,9.18129,0 -63.69593,9.17943,0 -63.69653,9.17762,0 -63.6956,9.17608,0 -63.69294,9.1747,0 -63.69113,9.17311,0 -63.69004,9.17091,0 -63.68916,9.17008,0 -63.68868,9.16877,0 -63.68872,9.16732,0 -63.68819,9.16604,0 -63.6874,9.16399,0 -63.68742,9.16243,0 -63.68587,9.16252,0 -63.68379,9.16521,0 -63.68321,9.16625,0 -63.68236,9.16696,0 -63.68056,9.16664,0 -63.67931,9.16643,0 -63.67868,9.16457,0 -63.67833,9.16376,0 -63.67755,9.16397,0 -63.67667,9.16436,0 -63.67664,9.16252,0 -63.67796,9.16069,0 -63.67987,9.15901,0 -63.6804,9.15784,0 -63.67948,9.15763,0 -63.67805,9.15836,0 -63.67662,9.15944,0 -63.67544,9.15988,0 -63.67467,9.15908,0 -63.67342,9.15901,0 -63.67199,9.16013,0 -63.67044,9.16025,0 -63.6707,9.15834,0 -63.67065,9.15586,0 -63.66928,9.15533,0 -63.66813,9.15692,0 -63.66579,9.15846,0 -63.66376,9.15873,0 -63.66233,9.15903,0 -63.66066,9.15954,0 -63.65844,9.15901,0 -63.65606,9.15901,0 -63.6549,9.1577,0 -63.65335,9.15743,0 -63.65257,9.15784,0 -63.65148,9.15906,0 -63.64945,9.15798,0 -63.64769,9.15694,0 -63.64602,9.15667,0 -63.64639,9.15566,0 -63.64595,9.15453,0 -63.64523,9.15529,0 -63.64466,9.15662,0 -63.64281,9.15676,0 -63.64084,9.15607,0 -63.63915,9.15382,0 -63.6376,9.15203,0 -63.6364,9.15141,0 -63.63602,9.14971,0 -63.63466,9.14897,0 -63.63374,9.15053,0 -63.6336,9.15161,0 -63.63293,9.1521,0 -63.63228,9.15235,0 -63.6314,9.15154,0 -63.63177,9.14968,0 -63.63138,9.14879,0 -63.62974,9.1504,0 -63.62955,9.15154,0 -63.63006,9.15249,0 -63.62928,9.15276,0 -63.62817,9.15315,0 -63.62683,9.15304,0 -63.62614,9.15423,0 -63.62493,9.15423,0 -63.62308,9.15276,0 -63.62144,9.15095,0 -63.62033,9.15095,0 -63.61885,9.1503,0 -63.61732,9.14964,0 -63.61434,9.14842,0 -63.6129,9.14743,0 -63.6105,9.14665,0 -63.6076,9.14648,0 -63.60603,9.14591,0 -63.60562,9.14453,0 -63.6064,9.14153,0 -63.60697,9.13953,0 -63.60773,9.13824,0 -63.60829,9.13679,0 -63.60847,9.13555,0 -63.60755,9.13484,0 -63.60706,9.13408,0 -63.60586,9.13337,0 -63.60329,9.13249,0 -63.60239,9.13123,0 -63.60218,9.12909,0 -63.60227,9.12716,0 -63.60256,9.12512,0 -63.60191,9.12319,0 -63.60203,9.12105,0 -63.603,9.11976,0 -63.60448,9.11981,0 -63.60545,9.12126,0 -63.60684,9.12211,0 -63.60778,9.11976,0 -63.60859,9.11776,0 -63.60815,9.11687,0 -63.60713,9.11645,0 -63.60676,9.11427,0 -63.60743,9.11294,0 -63.60592,9.11227,0 -63.60537,9.11135,0 -63.60597,9.10973,0 -63.60546,9.10949,0 -63.60456,9.10749,0 -63.6037,9.10639,0 -63.60247,9.1063,0 -63.60122,9.10462,0 -63.60166,9.10255,0 -63.60126,9.1009,0 -63.59874,9.10046,0 -63.59874,9.09945,0 -63.60001,9.09881,0 -63.59934,9.09754,0 -63.59721,9.0974,0 -63.59627,9.09878,0 -63.59567,9.1003,0 -63.59387,9.10085,0 -63.59322,9.10292,0 -63.59264,9.10384,0 -63.59042,9.10154,0 -63.58885,9.09929,0 -63.58714,9.09938,0 -63.58772,9.10308,0 -63.58703,9.1057,0 -63.58439,9.10476,0 -63.58264,9.10434,0 -63.5813,9.10545,0 -63.58014,9.10639,0 -63.57908,9.10643,0 -63.57716,9.10522,0 -63.57457,9.10379,0 -63.57133,9.10418,0 -63.56879,9.10374,0 -63.56654,9.10388,0 -63.56532,9.10213,0 -63.56735,9.10046,0 -63.56943,9.09899,0 -63.56977,9.09584,0 -63.5675,9.09331,0 -63.56551,9.09205,0 -63.56332,9.09154,0 -63.56175,9.09368,0 -63.56041,9.09421,0 -63.55888,9.09388,0 -63.55765,9.0925,0 -63.55772,9.08982,0 -63.55513,9.08793,0 -63.55321,9.08853,0 -63.55085,9.08885,0 -63.54866,9.0883,0 -63.54704,9.08634,0 -63.54614,9.08604,0 -63.5441,9.08809,0 -63.54464,9.08986,0 -63.54499,9.09151,0 -63.54446,9.09264,0 -63.54254,9.09204,0 -63.54108,9.08894,0 -63.54024,9.08678,0 -63.53922,9.08471,0 -63.53682,9.08243,0 -63.53564,9.08027,0 -63.5351,9.07873,0 -63.53431,9.07724,0 -63.53334,9.07685,0 -63.53193,9.07784,0 -63.53129,9.0783,0 -63.52793,9.07586,0 -63.52597,9.07439,0 -63.52409,9.07432,0 -63.52278,9.07533,0 -63.52338,9.0725,0 -63.52541,9.0706,0 -63.52668,9.06915,0 -63.52723,9.06736,0 -63.5264,9.06582,0 -63.52497,9.06591,0 -63.52309,9.06669,0 -63.52108,9.06625,0 -63.52023,9.068,0 -63.52037,9.06922,0 -63.51944,9.07018,0 -63.51785,9.06977,0 -63.51672,9.06889,0 -63.51581,9.06965,0 -63.51605,9.07069,0 -63.51783,9.07218,0 -63.51794,9.07409,0 -63.51728,9.07524,0 -63.51612,9.07436,0 -63.516,9.07195,0 -63.51447,9.06997,0 -63.5132,9.06931,0 -63.51172,9.07041,0 -63.51115,9.0714,0 -63.50911,9.07149,0 -63.5093,9.06981,0 -63.51084,9.06857,0 -63.51262,9.0657,0 -63.51213,9.06409,0 -63.50998,9.06223,0 -63.50987,9.06005,0 -63.50945,9.05809,0 -63.5081,9.05591,0 -63.5078,9.05398,0 -63.50635,9.0537,0 -63.50494,9.05237,0 -63.50348,9.0512,0 -63.50278,9.04989,0 -63.50218,9.04869,0 -63.50137,9.04823,0 -63.50137,9.04825,0 -63.49839,9.05025,0 -63.49612,9.05148,0 -63.49473,9.05244,0 -63.49407,9.054,0 -63.49326,9.0556,0 -63.492,9.05619,0 -63.49029,9.05621,0 -63.48975,9.05745,0 -63.49035,9.05862,0 -63.49218,9.05888,0 -63.49364,9.05909,0 -63.49324,9.0601,0 -63.49114,9.06021,0 -63.48887,9.05986,0 -63.48633,9.05833,0 -63.48401,9.0572,0 -63.48325,9.05559,0 -63.48231,9.05365,0 -63.48211,9.05212,0 -63.48306,9.05067,0 -63.48202,9.04917,0 -63.48159,9.04812,0 -63.48279,9.04764,0 -63.48418,9.04755,0 -63.4843,9.04684,0 -63.48303,9.04518,0 -63.4828,9.04412,0 -63.48496,9.04406,0 -63.48618,9.04457,0 -63.48741,9.04364,0 -63.48763,9.04249,0 -63.48814,9.03971,0 -63.48926,9.03776,0 -63.48989,9.03613,0 -63.49003,9.03492,0 -63.4889,9.03432,0 -63.4864,9.03502,0 -63.48408,9.03616,0 -63.48225,9.03484,0 -63.48008,9.03481,0 -63.47927,9.03462,0 -63.47744,9.03379,0 -63.47553,9.03195,0 -63.47489,9.02866,0 -63.47569,9.02519,0 -63.47595,9.02251,0 -63.47607,9.02046,0 -63.47439,9.01795,0 -63.47199,9.01673,0 -63.47078,9.01808,0 -63.4701,9.02104,0 -63.46919,9.02379,0 -63.46761,9.02459,0 -63.4669,9.02195,0 -63.46605,9.01836,0 -63.46495,9.01688,0 -63.46317,9.01644,0 -63.46217,9.01515,0 -63.46089,9.01301,0 -63.45915,9.01225,0 -63.45808,9.01339,0 -63.45893,9.01523,0 -63.45981,9.01659,0 -63.45867,9.0181,0 -63.45649,9.01871,0 -63.4557,9.02069,0 -63.45578,9.02291,0 -63.45506,9.02413,0 -63.45413,9.02461,0 -63.45367,9.02564,0 -63.45249,9.02556,0 -63.45177,9.02476,0 -63.45029,9.02317,0 -63.44956,9.02114,0 -63.44932,9.01811,0 -63.45007,9.01483,0 -63.44855,9.01191,0 -63.44719,9.01022,0 -63.44571,9.00767,0 -63.44461,9.00544,0 -63.44218,9.00398,0 -63.4405,9.00372,0 -63.43927,9.00399,0 -63.43699,9.00626,0 -63.43541,9.00832,0 -63.43438,9.01057,0 -63.43368,9.01258,0 -63.43303,9.01414,0 -63.43134,9.01416,0 -63.4303,9.0142,0 -63.42931,9.01312,0 -63.42769,9.01254,0 -63.42663,9.01058,0 -63.42684,9.00891,0 -63.42768,9.00709,0 -63.42799,9.00572,0 -63.42778,9.0045,0 -63.42614,9.00399,0 -63.42459,9.0049,0 -63.42333,9.00584,0 -63.42134,9.00613,0 -63.42011,9.00755,0 -63.41874,9.00809,0 -63.41777,9.00837,0 -63.41833,9.00724,0 -63.41852,9.00593,0 -63.41868,9.00497,0 -63.4172,9.00425,0 -63.41593,9.00404,0 -63.41505,9.00323,0 -63.41533,9.0025,0 -63.4152,9.00172,0 -63.41455,9.00171,0 -63.41401,9.00249,0 -63.41334,9.00284,0 -63.41205,9.00276,0 -63.41124,9.00248,0 -63.41024,9.00287,0 -63.40925,9.00222,0 -63.40881,9.0008,0 -63.40789,9.00036,0 -63.4084,8.99859,0 -63.40734,8.99739,0 -63.40602,8.99775,0 -63.40502,8.99844,0 -63.40544,8.99938,0 -63.40509,9.00032,0 -63.40435,9.00004,0 -63.40328,8.99946,0 -63.40263,9.0005,0 -63.40258,9.00158,0 -63.4033,9.00243,0 -63.40352,9.00314,0 -63.40322,9.00404,0 -63.40216,9.00392,0 -63.40144,9.00215,0 -63.40052,9.00173,0 -63.40032,8.99959,0 -63.3996,8.99966,0 -63.39893,8.99903,0 -63.39766,8.99836,0 -63.39641,8.99834,0 -63.3944,8.99658,0 -63.39402,8.9952,0 -63.39518,8.99402,0 -63.39572,8.99277,0 -63.39793,8.99163,0 -63.39819,8.9908,0 -63.39777,8.98997,0 -63.39655,8.99033,0 -63.39547,8.99018,0 -63.39427,8.99006,0 -63.39447,8.989,0 -63.39458,8.98835,0 -63.39436,8.98762,0 -63.39421,8.98654,0 -63.39293,8.98699,0 -63.39275,8.98798,0 -63.39265,8.98906,0 -63.39139,8.98981,0 -63.39,8.98948,0 -63.38867,8.98991,0 -63.38729,8.98849,0 -63.38776,8.98686,0 -63.38621,8.98637,0 -63.38558,8.98479,0 -63.38558,8.98231,0 -63.38571,8.98139,0 -63.38641,8.97969,0 -63.38744,8.97906,0 -63.38725,8.97819,0 -63.38724,8.97741,0 -63.38795,8.97717,0 -63.38751,8.97635,0 -63.38612,8.97604,0 -63.38497,8.9764,0 -63.38436,8.97521,0 -63.38382,8.97428,0 -63.38311,8.97497,0 -63.38259,8.97589,0 -63.38083,8.9774,0 -63.38058,8.97729,0 -63.38082,8.97564,0 -63.38149,8.97402,0 -63.38029,8.97403,0 -63.37983,8.97326,0 -63.37975,8.97225,0 -63.38155,8.96984,0 -63.38156,8.96918,0 -63.38248,8.96862,0 -63.38194,8.96732,0 -63.38114,8.96572,0 -63.38105,8.96567,0 -63.38058,8.96638,0 -63.37988,8.96735,0 -63.37837,8.96944,0 -63.37794,8.97476,0 -63.37639,8.99413,0 -63.3761,8.99784,0 -63.37517,9.00947,0 -63.36507,9.13573,0 -63.31521,9.18422,0 -63.49749,9.50136,0 -63.49921,9.50103,0 -63.50052,9.50056,0 -63.50189,9.50034,0 -63.50665,9.49979,0 -63.50868,9.50072,0 -63.51216,9.5013,0 -63.51572,9.50353,0 -63.51946,9.50592,0 -63.5219,9.50886,0 -63.52331,9.51023,0 -63.52531,9.51226,0 -63.52675,9.51373,0 -63.52949,9.51565,0 -63.53161,9.51784,0 -63.53501,9.52027,0 -63.53667,9.52174,0 -63.53882,9.52303,0 -63.54087,9.52324,0 -63.54239,9.52283,0 -63.54404,9.52074,0 -63.54708,9.51974,0 -63.5504,9.52035,0 -63.55383,9.52079,0 -63.55572,9.51993,0 -63.55851,9.51846,0 -63.56094,9.51698,0 -63.56292,9.51628,0 -63.56688,9.51481,0 -63.56691,9.51238,0 -63.56991,9.50951,0 -63.5699,9.50753,0 -63.57144,9.50526,0 -63.5732,9.50381,0 -63.57636,9.50325,0 -63.57929,9.5018,0 -63.58084,9.50024,0 -63.58407,9.49821,0 -63.5889,9.49785,0 -63.59246,9.49767,0 -63.59684,9.49933,0 -63.60016,9.50138,0 -63.60267,9.5015,0 -63.60456,9.5014,0 -63.60684,9.50083,0 -63.61176,9.49987,0 -63.6155,9.49976,0 -63.61854,9.49966,0 -63.6217,9.50057,0 -63.62492,9.50101,0 -63.62838,9.50132,0 -63.63046,9.50011,0 -63.6316,9.49915,0 -63.63337,9.49827,0 -63.63619,9.49815,0 -63.6397,9.49876,0 -63.64103,9.49837,0
          </coordinates></LinearRing></outerBoundaryIs>
        </Polygon>
      </Placemark>
      <Placemark>
        <name>Bolívar (Bolívar)</name>
        <description>Parroquia Bolívar, Municipio Bolívar. PCODE: VE160301</description>
        <styleUrl>#style-parroquia-bolivar</styleUrl>
        <Polygon>
          <outerBoundaryIs><LinearRing><coordinates>
            -63.11816,10.21884,0 -63.11816,10.21884,0 -63.11829,10.22141,0 -63.11965,10.22185,0 -63.12106,10.22178,0 -63.12313,10.22169,0 -63.12426,10.22286,0 -63.12596,10.22325,0 -63.12697,10.22352,0 -63.128,10.22421,0 -63.1293,10.22454,0 -63.13106,10.22394,0 -63.13046,10.22255,0 -63.13139,10.22125,0 -63.1315,10.21946,0 -63.13183,10.21856,0 -63.13221,10.21736,0 -63.13346,10.21599,0 -63.13507,10.21484,0 -63.13762,10.21313,0 -63.13828,10.21138,0 -63.13886,10.20855,0 -63.13883,10.20655,0 -63.13905,10.2043,0 -63.1393,10.20269,0 -63.13923,10.20093,0 -63.13991,10.20025,0 -63.14099,10.19925,0 -63.14166,10.19764,0 -63.14288,10.19686,0 -63.14404,10.19588,0 -63.14531,10.19352,0 -63.14687,10.19256,0 -63.14742,10.19092,0 -63.14797,10.18922,0 -63.14766,10.187,0 -63.14708,10.184,0 -63.14637,10.18174,0 -63.14646,10.18015,0 -63.14879,10.17927,0 -63.14871,10.17739,0 -63.14913,10.17594,0 -63.15047,10.17409,0 -63.15124,10.1718,0 -63.15244,10.16961,0 -63.15291,10.1674,0 -63.15356,10.16569,0 -63.15606,10.16274,0 -63.15741,10.16135,0 -63.15908,10.1613,0 -63.16051,10.16048,0 -63.16257,10.16022,0 -63.16493,10.15968,0 -63.16715,10.15917,0 -63.16991,10.15782,0 -63.17224,10.15724,0 -63.17451,10.15555,0 -63.17646,10.15383,0 -63.17787,10.15186,0 -63.17869,10.15139,0 -63.18015,10.15089,0 -63.18255,10.1489,0 -63.18397,10.14776,0 -63.18527,10.14629,0 -63.18838,10.14404,0 -63.19578,10.16164,0 -63.20151,10.15478,0 -63.20237,10.15367,0 -63.21218,10.14111,0 -63.2216,10.12904,0 -63.22673,10.12246,0 -63.22365,10.12117,0 -63.22273,10.12048,0 -63.22111,10.11942,0 -63.21963,10.11811,0 -63.21869,10.1159,0 -63.21729,10.11397,0 -63.21583,10.11151,0 -63.21539,10.11012,0 -63.21444,10.10882,0 -63.21355,10.10727,0 -63.212,10.10615,0 -63.21036,10.10491,0 -63.20849,10.10384,0 -63.20731,10.10309,0 -63.20556,10.10124,0 -63.20431,10.09967,0 -63.20299,10.09836,0 -63.20121,10.09742,0 -63.19959,10.09639,0 -63.1976,10.09538,0 -63.19581,10.09401,0 -63.19375,10.09248,0 -63.19219,10.08963,0 -63.19015,10.08971,0 -63.18815,10.08939,0 -63.18656,10.08838,0 -63.18557,10.08658,0 -63.18507,10.08556,0 -63.18384,10.08404,0 -63.18316,10.08235,0 -63.18258,10.08082,0 -63.18177,10.07961,0 -63.18142,10.07792,0 -63.18044,10.07649,0 -63.17936,10.07435,0 -63.17837,10.07347,0 -63.17727,10.07282,0 -63.17649,10.07214,0 -63.17534,10.0711,0 -63.17467,10.06957,0 -63.17393,10.06885,0 -63.17275,10.06847,0 -63.17174,10.06803,0 -63.17074,10.06765,0 -63.16973,10.06741,0 -63.16927,10.06614,0 -63.16925,10.06465,0 -63.16841,10.06429,0 -63.16693,10.06346,0 -63.16597,10.06159,0 -63.1654,10.06043,0 -63.16504,10.05851,0 -63.16525,10.05713,0 -63.16396,10.05641,0 -63.16281,10.05547,0 -63.16222,10.05345,0 -63.16084,10.05267,0 -63.16017,10.05149,0 -63.15955,10.05044,0 -63.15888,10.04928,0 -63.15783,10.0475,0 -63.15735,10.04515,0 -63.15673,10.04428,0 -63.1558,10.04251,0 -63.15645,10.04144,0 -63.15651,10.04041,0 -63.15642,10.03906,0 -63.15541,10.03703,0 -63.15508,10.03536,0 -63.15484,10.03373,0 -63.15461,10.0325,0 -63.1538,10.03083,0 -63.15381,10.03001,0 -63.15399,10.02863,0 -63.15409,10.0273,0 -63.1536,10.02705,0 -63.15329,10.02552,0 -63.1534,10.02458,0 -63.15331,10.0237,0 -63.15325,10.0226,0 -63.15274,10.02156,0 -63.15151,10.0216,0 -63.14967,10.01946,0 -63.14887,10.01909,0 -63.1485,10.02022,0 -63.14845,10.02152,0 -63.14763,10.02227,0 -63.14684,10.0223,0 -63.14532,10.02184,0 -63.14524,10.02081,0 -63.14473,10.01988,0 -63.14525,10.01891,0 -63.14649,10.01783,0 -63.14611,10.01623,0 -63.14492,10.01405,0 -63.14313,10.01237,0 -63.14131,10.01325,0 -63.13919,10.01403,0 -63.13717,10.01393,0 -63.13615,10.01272,0 -63.13569,10.01177,0 -63.1354,10.01065,0 -63.13474,10.00999,0 -63.13433,10.0094,0 -63.13365,10.00909,0 -63.13284,10.00885,0 -63.13189,10.00927,0 -63.13042,10.01016,0 -63.13017,10.01019,0 -63.12964,10.01024,0 -63.12905,10.01112,0 -63.12971,10.01203,0 -63.12921,10.01293,0 -63.1289,10.01383,0 -63.12803,10.01417,0 -63.12785,10.01458,0 -63.12738,10.01434,0 -63.12664,10.01432,0 -63.12691,10.01547,0 -63.12719,10.01666,0 -63.12639,10.01754,0 -63.12519,10.01783,0 -63.12446,10.01864,0 -63.12354,10.01774,0 -63.12264,10.01679,0 -63.12189,10.01627,0 -63.12113,10.01669,0 -63.1198,10.0177,0 -63.11859,10.01912,0 -63.11833,10.01839,0 -63.1169,10.01916,0 -63.11623,10.02062,0 -63.11527,10.02141,0 -63.11409,10.02179,0 -63.11288,10.02284,0 -63.11191,10.02309,0 -63.11072,10.02267,0 -63.11133,10.02188,0 -63.11034,10.02217,0 -63.10925,10.02259,0 -63.10819,10.02277,0 -63.10735,10.02384,0 -63.10696,10.02568,0 -63.10665,10.02683,0 -63.10658,10.02768,0 -63.10678,10.02892,0 -63.10555,10.02864,0 -63.10444,10.02918,0 -63.10311,10.03025,0 -63.10158,10.03167,0 -63.1006,10.03107,0 -63.10029,10.03215,0 -63.10063,10.0329,0 -63.10034,10.03394,0 -63.09953,10.03377,0 -63.09877,10.03417,0 -63.0977,10.03437,0 -63.09822,10.03493,0 -63.0986,10.03522,0 -63.09858,10.03534,0 -63.09768,10.03593,0 -63.09795,10.03652,0 -63.09872,10.03665,0 -63.09882,10.0374,0 -63.09857,10.038,0 -63.09925,10.03811,0 -63.09835,10.03867,0 -63.09768,10.03859,0 -63.09737,10.03928,0 -63.09611,10.03921,0 -63.09471,10.03984,0 -63.09334,10.04007,0 -63.0922,10.03958,0 -63.09192,10.03846,0 -63.09161,10.03759,0 -63.09099,10.03792,0 -63.09024,10.03775,0 -63.08903,10.03742,0 -63.08821,10.03718,0 -63.08781,10.03794,0 -63.0874,10.03742,0 -63.08668,10.0386,0 -63.0858,10.03861,0 -63.08462,10.03865,0 -63.083,10.03932,0 -63.08235,10.03933,0 -63.0818,10.03933,0 -63.08125,10.0401,0 -63.08056,10.04011,0 -63.07983,10.03984,0 -63.07914,10.03983,0 -63.07875,10.04032,0 -63.07798,10.04005,0 -63.07802,10.03943,0 -63.07761,10.03866,0 -63.07699,10.03887,0 -63.07573,10.03896,0 -63.07507,10.03805,0 -63.07384,10.03797,0 -63.07329,10.03826,0 -63.07316,10.03899,0 -63.07159,10.03957,0 -63.07013,10.03972,0 -63.07022,10.03919,0 -63.07064,10.03836,0 -63.07093,10.03762,0 -63.07044,10.03744,0 -63.07035,10.0374,0 -63.06942,10.03854,0 -63.06771,10.03932,0 -63.06674,10.03968,0 -63.06692,10.04078,0 -63.06603,10.04143,0 -63.06523,10.04257,0 -63.06453,10.04331,0 -63.06355,10.04484,0 -63.06297,10.04604,0 -63.06185,10.04738,0 -63.06135,10.04898,0 -63.06118,10.05026,0 -63.06044,10.05211,0 -63.05951,10.05331,0 -63.05901,10.05516,0 -63.05922,10.05653,0 -63.05868,10.05812,0 -63.05843,10.0595,0 -63.05754,10.06061,0 -63.05656,10.0618,0 -63.05579,10.063,0 -63.05444,10.06401,0 -63.05245,10.06422,0 -63.05026,10.06413,0 -63.04944,10.06637,0 -63.04963,10.06823,0 -63.05013,10.06847,0 -63.05004,10.07012,0 -63.04983,10.0716,0 -63.04832,10.07322,0 -63.04735,10.07337,0 -63.04541,10.07533,0 -63.04321,10.07699,0 -63.04276,10.07667,0 -63.04069,10.07645,0 -63.03922,10.07599,0 -63.0382,10.07722,0 -63.03891,10.07796,0 -63.03686,10.07797,0 -63.03531,10.07785,0 -63.03464,10.07825,0 -63.03426,10.07838,0 -63.03346,10.07863,0 -63.03158,10.07983,0 -63.02959,10.08041,0 -63.02778,10.08199,0 -63.02684,10.08361,0 -63.02572,10.08434,0 -63.02548,10.0845,0 -63.0249,10.08609,0 -63.024,10.08663,0 -63.02296,10.08807,0 -63.02252,10.08957,0 -63.02262,10.09124,0 -63.02282,10.09266,0 -63.02039,10.09306,0 -63.02003,10.09504,0 -63.01975,10.09651,0 -63.02115,10.09817,0 -63.02095,10.09884,0 -63.02092,10.09892,0 -63.02059,10.09963,0 -63.02075,10.09974,0 -63.02167,10.10055,0 -63.02305,10.10244,0 -63.02605,10.10483,0 -63.02845,10.10642,0 -63.02968,10.1082,0 -63.0308,10.1102,0 -63.03243,10.11291,0 -63.03466,10.11451,0 -63.03734,10.11566,0 -63.04072,10.1175,0 -63.04263,10.11963,0 -63.04379,10.12081,0 -63.04505,10.12281,0 -63.04541,10.12528,0 -63.04548,10.12824,0 -63.0447,10.13133,0 -63.04401,10.1351,0 -63.04387,10.13783,0 -63.04448,10.14081,0 -63.0465,10.14383,0 -63.04839,10.14585,0 -63.05008,10.14741,0 -63.05287,10.15035,0 -63.05467,10.15386,0 -63.05562,10.15662,0 -63.05666,10.15964,0 -63.0559,10.16291,0 -63.05475,10.16655,0 -63.05384,10.16865,0 -63.05326,10.17063,0 -63.05411,10.17278,0 -63.05483,10.17407,0 -63.05629,10.17438,0 -63.05982,10.17419,0 -63.06274,10.17557,0 -63.06534,10.17818,0 -63.06603,10.18071,0 -63.06571,10.1842,0 -63.06524,10.18625,0 -63.06415,10.18932,0 -63.0635,10.1924,0 -63.06301,10.19498,0 -63.064,10.19733,0 -63.06578,10.19969,0 -63.06709,10.20064,0 -63.07033,10.20103,0 -63.07337,10.20101,0 -63.07345,10.20101,0 -63.07345,10.20101,0 -63.07374,10.201,0 -63.07673,10.2008,0 -63.0802,10.20007,0 -63.08236,10.19889,0 -63.08425,10.19623,0 -63.08514,10.1927,0 -63.0859,10.18934,0 -63.08736,10.18639,0 -63.08975,10.18495,0 -63.09485,10.18415,0 -63.09885,10.18451,0 -63.10196,10.18589,0 -63.10336,10.18635,0 -63.10548,10.18827,0 -63.10797,10.1906,0 -63.11009,10.19385,0 -63.11142,10.1956,0 -63.11299,10.19767,0 -63.11462,10.20097,0 -63.11543,10.20378,0 -63.11762,10.20692,0 -63.11867,10.20881,0 -63.11956,10.21192,0 -63.11858,10.21455,0 -63.11816,10.21884,0
          </coordinates></LinearRing></outerBoundaryIs>
        </Polygon>
      </Placemark>
      <Placemark>
        <name>Capital Caripe (Caripe)</name>
        <description>Parroquia Capital Caripe, Municipio Caripe. PCODE: VE160401</description>
        <styleUrl>#style-parroquia-capital-caripe</styleUrl>
        <Polygon>
          <outerBoundaryIs><LinearRing><coordinates>
            -63.48144,10.18956,0 -63.54228,10.16672,0 -63.5229,10.16922,0 -63.5229,10.16613,0 -63.52255,10.16295,0 -63.52288,10.15991,0 -63.5233,10.13028,0 -63.519,10.12866,0 -63.51702,10.12765,0 -63.51111,10.12784,0 -63.50736,10.12919,0 -63.50435,10.13083,0 -63.50187,10.13267,0 -63.49046,10.13691,0 -63.46441,10.1395,0 -63.46451,10.13979,0 -63.48144,10.18956,0
          </coordinates></LinearRing></outerBoundaryIs>
        </Polygon>
      </Placemark>
      <Placemark>
        <name>El Guácharo (Caripe)</name>
        <description>Parroquia El Guácharo, Municipio Caripe. PCODE: VE160402</description>
        <styleUrl>#style-parroquia-el-guacharo</styleUrl>
        <Polygon>
          <outerBoundaryIs><LinearRing><coordinates>
            -63.56239,10.20729,0 -63.56242,10.20735,0 -63.56244,10.20731,0 -63.56247,10.20728,0 -63.56427,10.20492,0 -63.56841,10.20169,0 -63.57167,10.20194,0 -63.57343,10.20192,0 -63.57788,10.2016,0 -63.57922,10.20122,0 -63.58049,10.20099,0 -63.58145,10.19982,0 -63.58112,10.19942,0 -63.58088,10.19908,0 -63.58068,10.19878,0 -63.57869,10.1928,0 -63.5775,10.18924,0 -63.57524,10.18246,0 -63.57183,10.17913,0 -63.57252,10.17605,0 -63.57198,10.17483,0 -63.56926,10.17284,0 -63.56802,10.1636,0 -63.58156,10.16345,0 -63.58566,10.16211,0 -63.58951,10.15825,0 -63.59202,10.15563,0 -63.59609,10.15165,0 -63.60002,10.14936,0 -63.60259,10.14738,0 -63.60686,10.14355,0 -63.61138,10.14156,0 -63.61778,10.13975,0 -63.62033,10.13883,0 -63.6219,10.13822,0 -63.62386,10.13661,0 -63.62329,10.13425,0 -63.62215,10.13169,0 -63.61923,10.12904,0 -63.6174,10.12657,0 -63.61716,10.12618,0 -63.61738,10.12281,0 -63.61819,10.12032,0 -63.62052,10.11728,0 -63.62099,10.11434,0 -63.61974,10.1106,0 -63.61795,10.10679,0 -63.61751,10.10284,0 -63.61719,10.10039,0 -63.61378,10.10376,0 -63.60869,10.10515,0 -63.60351,10.10552,0 -63.59757,10.10725,0 -63.59388,10.10836,0 -63.58891,10.10801,0 -63.58286,10.11192,0 -63.57914,10.11378,0 -63.57571,10.11962,0 -63.57378,10.12391,0 -63.57147,10.12654,0 -63.56802,10.13025,0 -63.56631,10.12751,0 -63.5647,10.12554,0 -63.56426,10.12285,0 -63.5627,10.12041,0 -63.56089,10.11867,0 -63.55911,10.11437,0 -63.55765,10.11371,0 -63.55397,10.1153,0 -63.5499,10.11755,0 -63.54503,10.11813,0 -63.5412,10.12051,0 -63.53875,10.12414,0 -63.54004,10.12632,0 -63.53977,10.12782,0 -63.53606,10.12784,0 -63.53101,10.1281,0 -63.52857,10.12849,0 -63.52656,10.12946,0 -63.5233,10.13028,0 -63.52288,10.15991,0 -63.52255,10.16295,0 -63.5229,10.16613,0 -63.5229,10.16922,0 -63.54228,10.16672,0 -63.55699,10.19388,0 -63.55764,10.19368,0 -63.55916,10.19805,0 -63.5601,10.20075,0 -63.56024,10.20115,0 -63.56194,10.20605,0 -63.56227,10.20699,0 -63.56239,10.20729,0
          </coordinates></LinearRing></outerBoundaryIs>
        </Polygon>
      </Placemark>
      <Placemark>
        <name>La Guanota (Caripe)</name>
        <description>Parroquia La Guanota, Municipio Caripe. PCODE: VE160403</description>
        <styleUrl>#style-parroquia-la-guanota</styleUrl>
        <Polygon>
          <outerBoundaryIs><LinearRing><coordinates>
            -63.42739,10.25547,0 -63.42743,10.25546,0 -63.4282,10.25536,0 -63.42776,10.25621,0 -63.4194,10.2725,0 -63.41283,10.28528,0 -63.41145,10.28797,0 -63.42726,10.2876,0 -63.42727,10.2885,0 -63.44604,10.28876,0 -63.44708,10.29021,0 -63.4471,10.29211,0 -63.4473,10.29494,0 -63.44791,10.29817,0 -63.44872,10.30026,0 -63.4517,10.30338,0 -63.45471,10.30545,0 -63.45718,10.30752,0 -63.4571,10.30724,0 -63.45698,10.30686,0 -63.45799,10.30629,0 -63.4586,10.30345,0 -63.45863,10.30211,0 -63.45864,10.30177,0 -63.46096,10.29924,0 -63.46122,10.29745,0 -63.46102,10.29621,0 -63.46175,10.29475,0 -63.46203,10.29384,0 -63.46298,10.29297,0 -63.46377,10.29225,0 -63.46501,10.29034,0 -63.4663,10.28864,0 -63.46698,10.28777,0 -63.46719,10.28705,0 -63.46728,10.28676,0 -63.46914,10.28559,0 -63.47134,10.28477,0 -63.47348,10.28367,0 -63.47428,10.28209,0 -63.47362,10.2793,0 -63.47388,10.27643,0 -63.47391,10.27472,0 -63.47486,10.27312,0 -63.47357,10.27093,0 -63.47143,10.26898,0 -63.4701,10.26511,0 -63.46959,10.26205,0 -63.47105,10.25887,0 -63.4749,10.25777,0 -63.48157,10.25312,0 -63.48742,10.24843,0 -63.49256,10.24642,0 -63.49475,10.24339,0 -63.49935,10.24265,0 -63.50215,10.2416,0 -63.50599,10.24136,0 -63.50902,10.23848,0 -63.50959,10.23385,0 -63.50972,10.23038,0 -63.51034,10.22879,0 -63.51564,10.22711,0 -63.51847,10.22825,0 -63.52085,10.22651,0 -63.52382,10.2259,0 -63.52912,10.22422,0 -63.53282,10.22392,0 -63.53528,10.22107,0 -63.53776,10.21935,0 -63.54276,10.21809,0 -63.54663,10.21623,0 -63.54816,10.21536,0 -63.55361,10.21227,0 -63.56191,10.20755,0 -63.56202,10.20749,0 -63.56209,10.20745,0 -63.56239,10.20729,0 -63.56237,10.20729,0 -63.56218,10.20735,0 -63.56132,10.20764,0 -63.55749,10.20893,0 -63.5541,10.21007,0 -63.54904,10.21177,0 -63.54798,10.21213,0 -63.54528,10.21317,0 -63.54171,10.21443,0 -63.53805,10.21639,0 -63.53631,10.21662,0 -63.52937,10.21325,0 -63.52635,10.2106,0 -63.52161,10.2086,0 -63.51649,10.20842,0 -63.51191,10.20837,0 -63.50853,10.20803,0 -63.5044,10.20935,0 -63.50008,10.2137,0 -63.49821,10.21444,0 -63.49281,10.21483,0 -63.48681,10.21379,0 -63.48364,10.21416,0 -63.47021,10.21679,0 -63.46778,10.22042,0 -63.46232,10.22171,0 -63.45549,10.22517,0 -63.45349,10.22775,0 -63.45148,10.23192,0 -63.44623,10.23428,0 -63.44002,10.24233,0 -63.43495,10.24758,0 -63.43157,10.25108,0 -63.42829,10.25448,0 -63.42793,10.25485,0 -63.42739,10.25547,0
          </coordinates></LinearRing></outerBoundaryIs>
        </Polygon>
      </Placemark>
      <Placemark>
        <name>Sabana de Piedra (Caripe)</name>
        <description>Parroquia Sabana de Piedra, Municipio Caripe. PCODE: VE160404</description>
        <styleUrl>#style-parroquia-sabana-de-piedra</styleUrl>
        <Polygon>
          <outerBoundaryIs><LinearRing><coordinates>
            -63.45907,10.32052,0 -63.45907,10.32066,0 -63.46053,10.31924,0 -63.46305,10.3186,0 -63.46585,10.31771,0 -63.46767,10.31597,0 -63.46981,10.31575,0 -63.47297,10.31568,0 -63.47502,10.31514,0 -63.47728,10.31431,0 -63.47795,10.31242,0 -63.4778,10.31086,0 -63.48062,10.30958,0 -63.48296,10.308,0 -63.4865,10.3049,0 -63.48751,10.30257,0 -63.489,10.30009,0 -63.48994,10.29932,0 -63.49218,10.29759,0 -63.49395,10.29662,0 -63.4955,10.29634,0 -63.49719,10.29559,0 -63.49902,10.29544,0 -63.50034,10.29563,0 -63.50123,10.29573,0 -63.50125,10.29573,0 -63.5048,10.29546,0 -63.50781,10.29605,0 -63.50933,10.29637,0 -63.51107,10.2963,0 -63.51379,10.29611,0 -63.51533,10.29499,0 -63.51561,10.29365,0 -63.51573,10.29348,0 -63.5168,10.29202,0 -63.51684,10.292,0 -63.51869,10.29139,0 -63.51931,10.29112,0 -63.52262,10.28965,0 -63.52447,10.28879,0 -63.52688,10.28829,0 -63.52868,10.28752,0 -63.5297,10.28567,0 -63.53002,10.28528,0 -63.53122,10.28382,0 -63.53327,10.28248,0 -63.53449,10.28136,0 -63.53581,10.27956,0 -63.53703,10.27786,0 -63.53855,10.27662,0 -63.5403,10.27542,0 -63.54111,10.27541,0 -63.54376,10.27237,0 -63.54472,10.27132,0 -63.54653,10.27122,0 -63.54713,10.27025,0 -63.54728,10.27001,0 -63.54827,10.26958,0 -63.54981,10.26829,0 -63.54926,10.26594,0 -63.54768,10.25888,0 -63.54713,10.25866,0 -63.54522,10.25789,0 -63.54383,10.25531,0 -63.54268,10.25204,0 -63.54238,10.24949,0 -63.5433,10.24706,0 -63.54349,10.24483,0 -63.54548,10.24268,0 -63.54665,10.24011,0 -63.54713,10.23912,0 -63.54791,10.23756,0 -63.54833,10.23521,0 -63.54888,10.23338,0 -63.54891,10.23336,0 -63.55457,10.23082,0 -63.55557,10.22931,0 -63.55743,10.22731,0 -63.55823,10.22536,0 -63.55788,10.22326,0 -63.55778,10.22096,0 -63.55783,10.21841,0 -63.55865,10.21514,0 -63.55873,10.21471,0 -63.55881,10.21428,0 -63.56142,10.20903,0 -63.5617,10.20856,0 -63.56242,10.20735,0 -63.56239,10.20729,0 -63.56209,10.20745,0 -63.56202,10.20749,0 -63.56191,10.20755,0 -63.55361,10.21227,0 -63.54816,10.21536,0 -63.54663,10.21623,0 -63.54276,10.21809,0 -63.53776,10.21935,0 -63.53528,10.22107,0 -63.53282,10.22392,0 -63.52912,10.22422,0 -63.52382,10.2259,0 -63.52085,10.22651,0 -63.51847,10.22825,0 -63.51564,10.22711,0 -63.51034,10.22879,0 -63.50972,10.23038,0 -63.50959,10.23385,0 -63.50902,10.23848,0 -63.50599,10.24136,0 -63.50215,10.2416,0 -63.49935,10.24265,0 -63.49475,10.24339,0 -63.49256,10.24642,0 -63.48742,10.24843,0 -63.48157,10.25312,0 -63.4749,10.25777,0 -63.47105,10.25887,0 -63.46959,10.26205,0 -63.4701,10.26511,0 -63.47143,10.26898,0 -63.47357,10.27093,0 -63.47486,10.27312,0 -63.47391,10.27472,0 -63.47388,10.27643,0 -63.47362,10.2793,0 -63.47428,10.28209,0 -63.47348,10.28367,0 -63.47134,10.28477,0 -63.46914,10.28559,0 -63.46728,10.28676,0 -63.46719,10.28705,0 -63.46698,10.28777,0 -63.4663,10.28864,0 -63.46501,10.29034,0 -63.46377,10.29225,0 -63.46298,10.29297,0 -63.46203,10.29384,0 -63.46175,10.29475,0 -63.46102,10.29621,0 -63.46122,10.29745,0 -63.46096,10.29924,0 -63.45864,10.30177,0 -63.45863,10.30211,0 -63.4586,10.30345,0 -63.45799,10.30629,0 -63.45698,10.30686,0 -63.4571,10.30724,0 -63.45718,10.30752,0 -63.45726,10.30758,0 -63.4575,10.30835,0 -63.4576,10.30998,0 -63.45794,10.31188,0 -63.45742,10.31469,0 -63.45823,10.31541,0 -63.45856,10.31669,0 -63.45899,10.31843,0 -63.45907,10.32052,0
          </coordinates></LinearRing></outerBoundaryIs>
        </Polygon>
      </Placemark>
      <Placemark>
        <name>San Agustín (Caripe)</name>
        <description>Parroquia San Agustín, Municipio Caripe. PCODE: VE160405</description>
        <styleUrl>#style-parroquia-san-agustin</styleUrl>
        <Polygon>
          <outerBoundaryIs><LinearRing><coordinates>
            -63.48364,10.21416,0 -63.48681,10.21379,0 -63.49281,10.21483,0 -63.49821,10.21444,0 -63.50008,10.2137,0 -63.5044,10.20935,0 -63.50853,10.20803,0 -63.51191,10.20837,0 -63.51649,10.20842,0 -63.52161,10.2086,0 -63.52635,10.2106,0 -63.52937,10.21325,0 -63.53631,10.21662,0 -63.53805,10.21639,0 -63.54171,10.21443,0 -63.54528,10.21317,0 -63.54798,10.21213,0 -63.54904,10.21177,0 -63.5541,10.21007,0 -63.55749,10.20893,0 -63.56132,10.20764,0 -63.56218,10.20735,0 -63.56237,10.20729,0 -63.56239,10.20729,0 -63.56227,10.20699,0 -63.56194,10.20605,0 -63.56024,10.20115,0 -63.5601,10.20075,0 -63.55916,10.19805,0 -63.55764,10.19368,0 -63.55699,10.19388,0 -63.54228,10.16672,0 -63.48144,10.18956,0 -63.47491,10.19487,0 -63.47662,10.19904,0 -63.48001,10.20485,0 -63.48122,10.20652,0 -63.48104,10.20938,0 -63.48224,10.21219,0 -63.48364,10.21416,0
          </coordinates></LinearRing></outerBoundaryIs>
        </Polygon>
      </Placemark>
      <Placemark>
        <name>El Corozo (Maturín)</name>
        <description>Parroquia El Corozo, Municipio Maturín. PCODE: VE160807</description>
        <styleUrl>#style-parroquia-el-corozo</styleUrl>
        <Polygon>
          <outerBoundaryIs><LinearRing><coordinates>
            -63.39894,9.7053,0 -63.39885,9.70407,0 -63.39898,9.70354,0 -63.39826,9.7028,0 -63.39899,9.70255,0 -63.40063,9.6926,0 -63.4007,9.69259,0 -63.40851,9.64487,0 -63.40757,9.64443,0 -63.40611,9.6444,0 -63.40419,9.64436,0 -63.40421,9.64427,0 -63.40154,9.64441,0 -63.39963,9.64412,0 -63.39808,9.64374,0 -63.39675,9.6432,0 -63.39536,9.64329,0 -63.39382,9.64272,0 -63.39246,9.64233,0 -63.39073,9.64197,0 -63.38978,9.64119,0 -63.38905,9.64051,0 -63.38727,9.64047,0 -63.38588,9.63929,0 -63.38455,9.6388,0 -63.38332,9.63884,0 -63.3823,9.64022,0 -63.38144,9.64098,0 -63.38056,9.64002,0 -63.38001,9.63884,0 -63.37941,9.63788,0 -63.37824,9.63722,0 -63.37745,9.63713,0 -63.37758,9.63853,0 -63.37644,9.6377,0 -63.37566,9.63752,0 -63.37394,9.63776,0 -63.37191,9.63726,0 -63.37014,9.63797,0 -63.36947,9.63672,0 -63.36853,9.63619,0 -63.36759,9.63583,0 -63.36708,9.63504,0 -63.36612,9.63424,0 -63.36523,9.63376,0 -63.36522,9.63319,0 -63.36363,9.63372,0 -63.36221,9.63399,0 -63.36195,9.63332,0 -63.36216,9.63225,0 -63.36139,9.63147,0 -63.36031,9.63094,0 -63.35981,9.63052,0 -63.35861,9.63058,0 -63.35771,9.63013,0 -63.35671,9.62951,0 -63.35539,9.6293,0 -63.35421,9.62916,0 -63.35316,9.62982,0 -63.35205,9.62966,0 -63.35125,9.62927,0 -63.35101,9.62862,0 -63.35003,9.62787,0 -63.34886,9.62713,0 -63.34762,9.62674,0 -63.34636,9.62604,0 -63.34467,9.62497,0 -63.3428,9.62479,0 -63.34251,9.62541,0 -63.34157,9.62495,0 -63.34018,9.62616,0 -63.33948,9.62639,0 -63.33827,9.62646,0 -63.33654,9.62628,0 -63.3353,9.62653,0 -63.33412,9.6265,0 -63.33332,9.62724,0 -63.33216,9.62742,0 -63.33114,9.62847,0 -63.33031,9.62804,0 -63.32938,9.62843,0 -63.32953,9.62971,0 -63.34034,9.69705,0 -63.34408,9.72041,0 -63.34428,9.71916,0 -63.34503,9.71868,0 -63.34565,9.71853,0 -63.34654,9.71814,0 -63.34811,9.71731,0 -63.3492,9.71584,0 -63.3492,9.71342,0 -63.35051,9.71321,0 -63.35185,9.71278,0 -63.35266,9.71363,0 -63.3535,9.71388,0 -63.35334,9.71297,0 -63.35379,9.71254,0 -63.35523,9.71275,0 -63.3557,9.71063,0 -63.35721,9.71077,0 -63.35842,9.71003,0 -63.36092,9.71081,0 -63.36236,9.71159,0 -63.36365,9.71266,0 -63.36438,9.71165,0 -63.36512,9.71019,0 -63.36632,9.70983,0 -63.36776,9.71011,0 -63.36938,9.70991,0 -63.3705,9.70949,0 -63.37079,9.70842,0 -63.37162,9.70741,0 -63.37103,9.7069,0 -63.37021,9.70527,0 -63.37028,9.70465,0 -63.37124,9.70412,0 -63.3726,9.7038,0 -63.37382,9.70361,0 -63.37495,9.70321,0 -63.37486,9.70188,0 -63.37583,9.70119,0 -63.37679,9.70047,0 -63.37774,9.70072,0 -63.37855,9.69976,0 -63.3788,9.69824,0 -63.37993,9.69798,0 -63.37965,9.69925,0 -63.3804,9.69964,0 -63.38116,9.69943,0 -63.3819,9.69951,0 -63.38241,9.69929,0 -63.38348,9.69884,0 -63.38481,9.69887,0 -63.38478,9.69819,0 -63.38582,9.69802,0 -63.38674,9.69783,0 -63.38864,9.69774,0 -63.38907,9.69876,0 -63.38999,9.6994,0 -63.39105,9.69909,0 -63.3917,9.69995,0 -63.39228,9.70069,0 -63.39281,9.70042,0 -63.39356,9.70093,0 -63.3942,9.70132,0 -63.39429,9.70254,0 -63.39346,9.70346,0 -63.39416,9.70436,0 -63.39636,9.70508,0 -63.39808,9.70537,0 -63.39894,9.7053,0
          </coordinates></LinearRing></outerBoundaryIs>
        </Polygon>
      </Placemark>
      <Placemark>
        <name>El Furrial (Maturín)</name>
        <description>Parroquia El Furrial, Municipio Maturín. PCODE: VE160808</description>
        <styleUrl>#style-parroquia-el-furrial</styleUrl>
        <Polygon>
          <outerBoundaryIs><LinearRing><coordinates>
            -63.39894,9.7053,0 -63.402,9.70339,0 -63.40203,9.7034,0 -63.4035,9.70362,0 -63.4044,9.70423,0 -63.40454,9.70432,0 -63.40609,9.70552,0 -63.40669,9.70642,0 -63.40775,9.70616,0 -63.40872,9.70586,0 -63.40865,9.7068,0 -63.40947,9.7071,0 -63.41099,9.70672,0 -63.41264,9.70612,0 -63.4147,9.70592,0 -63.41534,9.70561,0 -63.41593,9.70502,0 -63.4164,9.70381,0 -63.41713,9.70342,0 -63.41788,9.70299,0 -63.41867,9.70368,0 -63.41926,9.70426,0 -63.42045,9.7051,0 -63.42144,9.70576,0 -63.42243,9.70601,0 -63.42458,9.70593,0 -63.4261,9.7063,0 -63.4264,9.70709,0 -63.4277,9.7072,0 -63.42931,9.70756,0 -63.42963,9.70795,0 -63.43086,9.70872,0 -63.43161,9.70775,0 -63.43284,9.70836,0 -63.43282,9.70923,0 -63.43408,9.70883,0 -63.43484,9.70925,0 -63.43546,9.70999,0 -63.43619,9.70937,0 -63.43738,9.7098,0 -63.4382,9.70918,0 -63.43872,9.70974,0 -63.43985,9.71019,0 -63.44147,9.70998,0 -63.44262,9.71036,0 -63.44265,9.71135,0 -63.44247,9.71234,0 -63.44398,9.71248,0 -63.44469,9.71281,0 -63.44512,9.7125,0 -63.44583,9.71227,0 -63.44644,9.71239,0 -63.44677,9.71204,0 -63.44816,9.71122,0 -63.44904,9.71175,0 -63.44916,9.71273,0 -63.4496,9.71336,0 -63.45006,9.7133,0 -63.45163,9.71314,0 -63.45276,9.71288,0 -63.45362,9.71311,0 -63.45329,9.71418,0 -63.45369,9.7144,0 -63.45406,9.71379,0 -63.4547,9.7134,0 -63.45551,9.7135,0 -63.45589,9.71303,0 -63.45589,9.71211,0 -63.45654,9.71156,0 -63.45778,9.71196,0 -63.45884,9.71159,0 -63.46005,9.71181,0 -63.4618,9.71222,0 -63.46307,9.71276,0 -63.46413,9.71326,0 -63.465,9.71298,0 -63.46688,9.71279,0 -63.46687,9.71421,0 -63.46726,9.71544,0 -63.46724,9.71643,0 -63.46868,9.71708,0 -63.46828,9.71854,0 -63.46862,9.71954,0 -63.46932,9.72057,0 -63.46984,9.72297,0 -63.4701,9.72329,0 -63.47135,9.72401,0 -63.47212,9.72491,0 -63.47354,9.72427,0 -63.47394,9.72506,0 -63.47339,9.7262,0 -63.47416,9.72696,0 -63.47528,9.72663,0 -63.47579,9.72717,0 -63.47668,9.72751,0 -63.4765,9.72853,0 -63.47636,9.73067,0 -63.47711,9.73225,0 -63.47769,9.73093,0 -63.47847,9.73001,0 -63.48022,9.73031,0 -63.48114,9.7315,0 -63.48291,9.73305,0 -63.48343,9.73428,0 -63.48409,9.73543,0 -63.48472,9.73461,0 -63.48594,9.73449,0 -63.487,9.73432,0 -63.48808,9.73385,0 -63.48949,9.73468,0 -63.49041,9.73434,0 -63.50259,9.6913,0 -63.54484,9.6758,0 -63.54137,9.66938,0 -63.54067,9.66812,0 -63.5402,9.66676,0 -63.53932,9.66562,0 -63.53728,9.66505,0 -63.5356,9.66479,0 -63.5344,9.66435,0 -63.53141,9.65969,0 -63.53164,9.65813,0 -63.53069,9.6565,0 -63.5289,9.65607,0 -63.52792,9.65464,0 -63.52748,9.65433,0 -63.52631,9.6538,0 -63.52487,9.65346,0 -63.52414,9.65283,0 -63.52298,9.6514,0 -63.52284,9.64962,0 -63.52229,9.64759,0 -63.52206,9.64441,0 -63.5224,9.64261,0 -63.52288,9.64086,0 -63.52218,9.63808,0 -63.5218,9.63602,0 -63.52091,9.63539,0 -63.51961,9.63537,0 -63.51913,9.63449,0 -63.51815,9.63393,0 -63.51737,9.63552,0 -63.51647,9.63588,0 -63.5157,9.63535,0 -63.51441,9.63613,0 -63.51338,9.63692,0 -63.51227,9.63658,0 -63.51012,9.63684,0 -63.50904,9.63739,0 -63.50834,9.63703,0 -63.50712,9.63625,0 -63.50505,9.63563,0 -63.50395,9.63645,0 -63.50255,9.63704,0 -63.50148,9.63665,0 -63.50073,9.63696,0 -63.50008,9.63694,0 -63.49916,9.63672,0 -63.49791,9.63671,0 -63.49714,9.63692,0 -63.49598,9.63701,0 -63.49551,9.63723,0 -63.49512,9.63814,0 -63.49488,9.63868,0 -63.49417,9.63922,0 -63.49303,9.63848,0 -63.49203,9.63775,0 -63.49136,9.63762,0 -63.49035,9.63805,0 -63.4894,9.63826,0 -63.48864,9.63801,0 -63.48752,9.63838,0 -63.48674,9.63799,0 -63.48507,9.63798,0 -63.48404,9.63768,0 -63.48299,9.63699,0 -63.4814,9.63751,0 -63.4808,9.63857,0 -63.48072,9.63994,0 -63.48025,9.64057,0 -63.47997,9.64151,0 -63.47963,9.64207,0 -63.4783,9.64165,0 -63.47799,9.64327,0 -63.4769,9.6443,0 -63.4756,9.64514,0 -63.47532,9.64649,0 -63.47539,9.64738,0 -63.47547,9.64809,0 -63.47515,9.64884,0 -63.47443,9.6489,0 -63.47309,9.6488,0 -63.47259,9.64938,0 -63.47244,9.65009,0 -63.47237,9.65116,0 -63.47211,9.65148,0 -63.47126,9.65194,0 -63.46931,9.6524,0 -63.46812,9.65263,0 -63.46688,9.65225,0 -63.46607,9.65219,0 -63.4651,9.65095,0 -63.46394,9.65107,0 -63.46222,9.65107,0 -63.46057,9.65126,0 -63.45913,9.65167,0 -63.45875,9.65225,0 -63.4582,9.65281,0 -63.45766,9.65337,0 -63.45725,9.65398,0 -63.45607,9.65398,0 -63.45454,9.6539,0 -63.45388,9.65329,0 -63.45279,9.65345,0 -63.45211,9.65389,0 -63.45123,9.65373,0 -63.45005,9.65384,0 -63.44871,9.65468,0 -63.44727,9.65502,0 -63.44592,9.65519,0 -63.44432,9.65498,0 -63.4431,9.65465,0 -63.44264,9.65375,0 -63.4424,9.65292,0 -63.44204,9.6525,0 -63.44076,9.65276,0 -63.43974,9.65297,0 -63.43879,9.6529,0 -63.43887,9.6521,0 -63.43787,9.65133,0 -63.43719,9.65055,0 -63.43697,9.64929,0 -63.43607,9.64819,0 -63.43525,9.64733,0 -63.43422,9.64691,0 -63.43333,9.64641,0 -63.43253,9.64596,0 -63.43158,9.64571,0 -63.43041,9.64614,0 -63.43008,9.64664,0 -63.4288,9.64681,0 -63.42876,9.64771,0 -63.42844,9.64836,0 -63.42752,9.64827,0 -63.42583,9.64787,0 -63.42526,9.64683,0 -63.42485,9.6464,0 -63.42387,9.64682,0 -63.42335,9.64614,0 -63.42281,9.64544,0 -63.42231,9.64497,0 -63.42148,9.64472,0 -63.42016,9.64472,0 -63.41934,9.64527,0 -63.41884,9.64592,0 -63.41809,9.6463,0 -63.4172,9.64637,0 -63.41676,9.64569,0 -63.41585,9.64496,0 -63.41455,9.64406,0 -63.41315,9.64346,0 -63.4115,9.6434,0 -63.41082,9.64405,0 -63.40964,9.64475,0 -63.40851,9.64487,0 -63.4007,9.69259,0 -63.40063,9.6926,0 -63.39899,9.70255,0 -63.39826,9.7028,0 -63.39898,9.70354,0 -63.39885,9.70407,0 -63.39894,9.7053,0
          </coordinates></LinearRing></outerBoundaryIs>
        </Polygon>
      </Placemark>
      <Placemark>
        <name>Jusepín (Maturín)</name>
        <description>Parroquia Jusepín, Municipio Maturín. PCODE: VE160809</description>
        <styleUrl>#style-parroquia-jusepin</styleUrl>
        <Polygon>
          <outerBoundaryIs><LinearRing><coordinates>
            -63.39894,9.7053,0 -63.39086,9.78428,0 -63.39209,9.78427,0 -63.39284,9.78379,0 -63.39379,9.78241,0 -63.39442,9.7826,0 -63.3948,9.7836,0 -63.39599,9.78313,0 -63.39653,9.78231,0 -63.39736,9.78231,0 -63.39849,9.78359,0 -63.4001,9.78378,0 -63.40124,9.78328,0 -63.40281,9.78303,0 -63.40471,9.78436,0 -63.40602,9.78501,0 -63.40746,9.78405,0 -63.40987,9.7833,0 -63.41185,9.78283,0 -63.41295,9.78326,0 -63.41381,9.7839,0 -63.41592,9.78311,0 -63.41719,9.783,0 -63.41845,9.78178,0 -63.41929,9.78049,0 -63.42041,9.78073,0 -63.42084,9.78274,0 -63.42206,9.78457,0 -63.42333,9.78531,0 -63.42334,9.78531,0 -63.42478,9.78553,0 -63.42645,9.78562,0 -63.42923,9.78407,0 -63.43021,9.78418,0 -63.43064,9.78516,0 -63.43169,9.7854,0 -63.43311,9.78654,0 -63.43421,9.78742,0 -63.43609,9.78739,0 -63.43783,9.78755,0 -63.43939,9.78788,0 -63.44067,9.78926,0 -63.44181,9.79107,0 -63.4432,9.7917,0 -63.44511,9.79183,0 -63.44672,9.79215,0 -63.44793,9.79226,0 -63.4495,9.79226,0 -63.45124,9.7929,0 -63.45238,9.79376,0 -63.45308,9.79471,0 -63.45393,9.79507,0 -63.45495,9.79594,0 -63.4549,9.7962,0 -63.45607,9.79594,0 -63.45818,9.79523,0 -63.45959,9.79508,0 -63.46137,9.79567,0 -63.46266,9.79614,0 -63.46437,9.79667,0 -63.46491,9.79849,0 -63.4659,9.79959,0 -63.46688,9.80062,0 -63.46779,9.80149,0 -63.46877,9.80254,0 -63.46968,9.80336,0 -63.46974,9.80538,0 -63.46998,9.80696,0 -63.46972,9.80841,0 -63.47026,9.81069,0 -63.47173,9.81113,0 -63.47263,9.81251,0 -63.47327,9.81442,0 -63.47335,9.81621,0 -63.47354,9.81783,0 -63.47452,9.81957,0 -63.47545,9.82026,0 -63.47671,9.82062,0 -63.47778,9.82215,0 -63.4792,9.82378,0 -63.48063,9.82432,0 -63.48203,9.82467,0 -63.48337,9.82573,0 -63.48382,9.82556,0 -63.48533,9.82554,0 -63.48663,9.82569,0 -63.48825,9.82548,0 -63.48974,9.82491,0 -63.4936,9.82577,0 -63.49495,9.82385,0 -63.49592,9.82235,0 -63.49718,9.82108,0 -63.49764,9.81941,0 -63.49708,9.81555,0 -63.49637,9.81437,0 -63.49566,9.81302,0 -63.49556,9.81137,0 -63.49576,9.80973,0 -63.49606,9.80827,0 -63.49646,9.80698,0 -63.49645,9.80498,0 -63.49575,9.80204,0 -63.49459,9.80055,0 -63.49414,9.79935,0 -63.49391,9.79793,0 -63.4942,9.79683,0 -63.48014,9.7698,0 -63.49041,9.73434,0 -63.48949,9.73468,0 -63.48808,9.73385,0 -63.487,9.73432,0 -63.48594,9.73449,0 -63.48472,9.73461,0 -63.48409,9.73543,0 -63.48343,9.73428,0 -63.48291,9.73305,0 -63.48114,9.7315,0 -63.48022,9.73031,0 -63.47847,9.73001,0 -63.47769,9.73093,0 -63.47711,9.73225,0 -63.47636,9.73067,0 -63.4765,9.72853,0 -63.47668,9.72751,0 -63.47579,9.72717,0 -63.47528,9.72663,0 -63.47416,9.72696,0 -63.47339,9.7262,0 -63.47394,9.72506,0 -63.47354,9.72427,0 -63.47212,9.72491,0 -63.47135,9.72401,0 -63.4701,9.72329,0 -63.46984,9.72297,0 -63.46932,9.72057,0 -63.46862,9.71954,0 -63.46828,9.71854,0 -63.46868,9.71708,0 -63.46724,9.71643,0 -63.46726,9.71544,0 -63.46687,9.71421,0 -63.46688,9.71279,0 -63.465,9.71298,0 -63.46413,9.71326,0 -63.46307,9.71276,0 -63.4618,9.71222,0 -63.46005,9.71181,0 -63.45884,9.71159,0 -63.45778,9.71196,0 -63.45654,9.71156,0 -63.45589,9.71211,0 -63.45589,9.71303,0 -63.45551,9.7135,0 -63.4547,9.7134,0 -63.45406,9.71379,0 -63.45369,9.7144,0 -63.45329,9.71418,0 -63.45362,9.71311,0 -63.45276,9.71288,0 -63.45163,9.71314,0 -63.45006,9.7133,0 -63.4496,9.71336,0 -63.44916,9.71273,0 -63.44904,9.71175,0 -63.44816,9.71122,0 -63.44677,9.71204,0 -63.44644,9.71239,0 -63.44583,9.71227,0 -63.44512,9.7125,0 -63.44469,9.71281,0 -63.44398,9.71248,0 -63.44247,9.71234,0 -63.44265,9.71135,0 -63.44262,9.71036,0 -63.44147,9.70998,0 -63.43985,9.71019,0 -63.43872,9.70974,0 -63.4382,9.70918,0 -63.43738,9.7098,0 -63.43619,9.70937,0 -63.43546,9.70999,0 -63.43484,9.70925,0 -63.43408,9.70883,0 -63.43282,9.70923,0 -63.43284,9.70836,0 -63.43161,9.70775,0 -63.43086,9.70872,0 -63.42963,9.70795,0 -63.42931,9.70756,0 -63.4277,9.7072,0 -63.4264,9.70709,0 -63.4261,9.7063,0 -63.42458,9.70593,0 -63.42243,9.70601,0 -63.42144,9.70576,0 -63.42045,9.7051,0 -63.41926,9.70426,0 -63.41867,9.70368,0 -63.41788,9.70299,0 -63.41713,9.70342,0 -63.4164,9.70381,0 -63.41593,9.70502,0 -63.41534,9.70561,0 -63.4147,9.70592,0 -63.41264,9.70612,0 -63.41099,9.70672,0 -63.40947,9.7071,0 -63.40865,9.7068,0 -63.40872,9.70586,0 -63.40775,9.70616,0 -63.40669,9.70642,0 -63.40609,9.70552,0 -63.40454,9.70432,0 -63.4044,9.70423,0 -63.4035,9.70362,0 -63.40203,9.7034,0 -63.402,9.70339,0 -63.39894,9.7053,0
          </coordinates></LinearRing></outerBoundaryIs>
        </Polygon>
      </Placemark>
      <Placemark>
        <name>La Pica (Maturín)</name>
        <description>Parroquia La Pica, Municipio Maturín. PCODE: VE160810</description>
        <styleUrl>#style-parroquia-la-pica</styleUrl>
        <Polygon>
          <outerBoundaryIs><LinearRing><coordinates>
            -62.29292,9.99403,0 -62.31418,9.99452,0 -62.32882,9.99485,0 -62.34816,9.99529,0 -62.43476,9.99727,0 -62.44042,10.02171,0 -62.44963,10.03836,0 -62.46072,10.05259,0 -62.46229,10.07213,0 -62.46687,10.09099,0 -62.47998,10.12575,0 -62.48495,10.14366,0 -62.49031,10.16302,0 -62.49756,10.17865,0 -62.50737,10.18756,0 -62.5169,10.19703,0 -62.52434,10.20511,0 -62.53916,10.21708,0 -62.55477,10.22321,0 -62.56886,10.23145,0 -62.6,10.24274,0 -62.6314,10.26743,0 -62.63143,10.26648,0 -62.63163,10.25914,0 -62.63285,10.25451,0 -62.63373,10.2512,0 -62.63479,10.24494,0 -62.63548,10.24085,0 -62.63548,10.22154,0 -62.63303,10.20118,0 -62.61866,10.15393,0 -62.61271,10.13185,0 -62.6092,10.11909,0 -62.6092,10.1115,0 -62.61096,10.10632,0 -62.61551,10.10115,0 -62.62707,10.09597,0 -62.64143,10.08494,0 -62.6565,10.07183,0 -62.66876,10.06562,0 -62.67471,10.0632,0 -62.68102,10.0632,0 -62.68908,10.06286,0 -62.70484,10.05803,0 -62.71921,10.05803,0 -62.72831,10.05872,0 -62.73287,10.06079,0 -62.73952,10.06803,0 -62.74548,10.07873,0 -62.74863,10.08321,0 -62.75284,10.08459,0 -62.76054,10.0839,0 -62.76895,10.08183,0 -62.77526,10.07769,0 -62.78331,10.06941,0 -62.78647,10.06286,0 -62.78962,10.0532,0 -62.78997,10.04458,0 -62.78682,10.03492,0 -62.78927,10.03319,0 -62.79491,10.03331,0 -62.8005,10.03272,0 -62.80653,10.03311,0 -62.81549,10.03381,0 -62.82124,10.03406,0 -62.82601,10.03672,0 -62.83017,10.04009,0 -62.83416,10.04666,0 -62.83492,10.05147,0 -62.8357,10.06049,0 -62.83558,10.06782,0 -62.83829,10.07213,0 -62.84487,10.07662,0 -62.84973,10.07763,0 -62.85445,10.07575,0 -62.85626,10.07369,0 -62.85635,10.06735,0 -62.85696,10.06296,0 -62.85799,10.05801,0 -62.86152,10.05266,0 -62.86578,10.05028,0 -62.87072,10.0501,0 -62.87796,10.05061,0 -62.88697,10.0529,0 -62.89482,10.05519,0 -62.89861,10.05755,0 -62.899,10.06106,0 -62.89367,10.07055,0 -62.89228,10.07696,0 -62.89309,10.08271,0 -62.89689,10.09247,0 -62.90019,10.09361,0 -62.90742,10.09281,0 -62.91597,10.08922,0 -62.9188,10.08774,0 -62.92441,10.08188,0 -62.92938,10.07659,0 -62.93304,10.07451,0 -62.93573,10.07501,0 -62.93577,10.07507,0 -62.93712,10.07282,0 -62.94305,10.06401,0 -62.94982,10.05394,0 -62.96046,10.03812,0 -62.98792,9.99729,0 -63.054,9.89634,0 -63.05354,9.89569,0 -63.05387,9.89511,0 -63.05469,9.89476,0 -63.05416,9.89402,0 -63.05352,9.89362,0 -63.05378,9.89233,0 -63.05453,9.89158,0 -63.05507,9.89122,0 -63.05614,9.89121,0 -63.05634,9.8901,0 -63.05556,9.88879,0 -63.05564,9.88776,0 -63.05687,9.88681,0 -63.05786,9.88588,0 -63.05829,9.88463,0 -63.0586,9.88368,0 -63.05805,9.88372,0 -63.05751,9.88357,0 -63.05747,9.88293,0 -63.0579,9.88246,0 -63.05749,9.88199,0 -63.05751,9.88107,0 -63.05782,9.87998,0 -63.05832,9.87898,0 -63.05873,9.87842,0 -63.05873,9.87832,0 -63.05873,9.87766,0 -63.05926,9.87685,0 -63.059,9.87603,0 -63.05779,9.87659,0 -63.05729,9.87633,0 -63.05792,9.8755,0 -63.05806,9.87394,0 -63.058,9.87268,0 -63.05801,9.87169,0 -63.05892,9.87178,0 -63.05979,9.87203,0 -63.06074,9.87215,0 -63.06167,9.87208,0 -63.0623,9.87215,0 -63.06295,9.87232,0 -63.06402,9.87231,0 -63.06459,9.87225,0 -63.06472,9.87165,0 -63.06403,9.87121,0 -63.06431,9.87037,0 -63.06437,9.87001,0 -63.06436,9.86904,0 -63.06446,9.86865,0 -63.06474,9.86864,0 -63.06496,9.86818,0 -63.06516,9.86787,0 -63.06574,9.8679,0 -63.06573,9.86758,0 -63.06554,9.86733,0 -63.06604,9.867,0 -63.06597,9.86631,0 -63.06607,9.86576,0 -63.06679,9.86507,0 -63.06704,9.86394,0 -63.06783,9.86408,0 -63.06822,9.86398,0 -63.06879,9.86456,0 -63.06999,9.86421,0 -63.07022,9.86328,0 -63.0702,9.86257,0 -63.07105,9.86253,0 -63.07161,9.86251,0 -63.07158,9.86157,0 -63.07152,9.86093,0 -63.0725,9.86042,0 -63.07316,9.86086,0 -63.07449,9.86028,0 -63.07495,9.86033,0 -63.07573,9.85974,0 -63.07619,9.85897,0 -63.07704,9.85879,0 -63.0778,9.85867,0 -63.07841,9.85792,0 -63.0792,9.85802,0 -63.0801,9.85795,0 -63.08119,9.85787,0 -63.08175,9.85783,0 -63.08218,9.85702,0 -63.08323,9.85642,0 -63.08366,9.85526,0 -63.08443,9.85452,0 -63.08539,9.85406,0 -63.08658,9.85341,0 -63.08735,9.85291,0 -63.08807,9.853,0 -63.08915,9.85261,0 -63.08967,9.8514,0 -63.09004,9.8507,0 -63.09103,9.85102,0 -63.09201,9.85065,0 -63.09273,9.84973,0 -63.09378,9.85085,0 -63.09433,9.84969,0 -63.09528,9.849,0 -63.0961,9.84778,0 -63.09662,9.8463,0 -63.09633,9.84603,0 -63.09691,9.84517,0 -63.09692,9.84423,0 -63.09657,9.84329,0 -63.09681,9.84274,0 -63.09756,9.84228,0 -63.09726,9.84144,0 -63.0966,9.84038,0 -63.09648,9.83932,0 -63.09664,9.83852,0 -63.09684,9.83757,0 -63.09666,9.83686,0 -63.09588,9.83652,0 -63.09538,9.83628,0 -63.09585,9.83551,0 -63.09551,9.83487,0 -63.09528,9.83442,0 -63.09562,9.83402,0 -63.09599,9.83394,0 -63.09639,9.83359,0 -63.09657,9.83257,0 -63.09761,9.83224,0 -63.098,9.83205,0 -63.09892,9.83191,0 -63.09957,9.83187,0 -63.09955,9.83139,0 -63.09919,9.83087,0 -63.09912,9.83002,0 -63.09938,9.82965,0 -63.10029,9.82903,0 -63.10089,9.82814,0 -63.10088,9.82768,0 -63.10021,9.82786,0 -63.10019,9.82696,0 -63.0998,9.82663,0 -63.09931,9.82577,0 -63.0991,9.82472,0 -63.09934,9.82432,0 -63.10027,9.82448,0 -63.10076,9.82433,0 -63.10083,9.82362,0 -63.10052,9.82278,0 -63.10048,9.82218,0 -63.10119,9.82269,0 -63.10176,9.82295,0 -63.10255,9.82295,0 -63.10263,9.82182,0 -63.1028,9.82076,0 -63.10201,9.82067,0 -63.10192,9.81973,0 -63.10258,9.81955,0 -63.10278,9.81831,0 -63.10291,9.81725,0 -63.10362,9.81631,0 -63.10437,9.81737,0 -63.10485,9.81782,0 -63.10559,9.81789,0 -63.10631,9.81771,0 -63.10701,9.81718,0 -63.10615,9.81695,0 -63.10554,9.81676,0 -63.1059,9.81579,0 -63.1069,9.81514,0 -63.10779,9.81459,0 -63.10786,9.81385,0 -63.10694,9.81397,0 -63.1061,9.8131,0 -63.10542,9.81224,0 -63.09917,9.74696,0 -63.11875,9.68093,0 -63.11868,9.64759,0 -63.11774,9.64812,0 -63.11653,9.6482,0 -63.11632,9.64953,0 -63.11638,9.651,0 -63.11669,9.65153,0 -63.11569,9.65283,0 -63.11423,9.65349,0 -63.11333,9.65353,0 -63.11246,9.65491,0 -63.11214,9.656,0 -63.11117,9.65687,0 -63.10997,9.65758,0 -63.10941,9.65887,0 -63.10859,9.6592,0 -63.10762,9.65906,0 -63.10731,9.65862,0 -63.10788,9.65774,0 -63.10806,9.6571,0 -63.10682,9.6575,0 -63.10601,9.65742,0 -63.10513,9.65659,0 -63.10487,9.65595,0 -63.10462,9.65539,0 -63.10378,9.65489,0 -63.10263,9.65363,0 -63.10167,9.65379,0 -63.10134,9.65435,0 -63.10178,9.65528,0 -63.10144,9.65571,0 -63.10071,9.65537,0 -63.09989,9.65464,0 -63.09851,9.65525,0 -63.09722,9.65487,0 -63.09595,9.65404,0 -63.09546,9.65417,0 -63.09501,9.65223,0 -63.09469,9.65126,0 -63.09468,9.65081,0 -63.09384,9.64975,0 -63.09317,9.64891,0 -63.09218,9.6494,0 -63.09132,9.64951,0 -63.08975,9.65057,0 -63.08931,9.65029,0 -63.08964,9.64917,0 -63.08858,9.64878,0 -63.08796,9.64971,0 -63.08726,9.64983,0 -63.08571,9.64984,0 -63.08471,9.65007,0 -63.08336,9.64937,0 -63.08214,9.64813,0 -63.08072,9.64729,0 -63.07969,9.64695,0 -63.0785,9.64829,0 -63.0776,9.64882,0 -63.07679,9.64899,0 -63.0747,9.64825,0 -63.07413,9.64881,0 -63.0732,9.64911,0 -63.0722,9.64901,0 -63.07163,9.64951,0 -63.07045,9.65058,0 -63.06932,9.64952,0 -63.06802,9.65061,0 -63.0673,9.65151,0 -63.06624,9.65247,0 -63.06495,9.65297,0 -63.06325,9.65258,0 -63.06195,9.65248,0 -63.06088,9.65278,0 -63.06068,9.6514,0 -63.05973,9.65126,0 -63.05856,9.65096,0 -63.05743,9.6505,0 -63.05649,9.65114,0 -63.05542,9.65141,0 -63.05525,9.65182,0 -63.05592,9.65177,0 -63.05642,9.6521,0 -63.05623,9.65242,0 -63.05572,9.65261,0 -63.0551,9.65239,0 -63.05474,9.65167,0 -63.05434,9.65093,0 -63.05429,9.65015,0 -63.05376,9.64931,0 -63.05298,9.64764,0 -63.05102,9.64838,0 -63.05014,9.64739,0 -63.04931,9.64721,0 -63.04875,9.64727,0 -63.0485,9.64822,0 -63.04761,9.64852,0 -63.04707,9.64874,0 -63.04624,9.64872,0 -63.04557,9.64765,0 -63.0436,9.64781,0 -63.04259,9.64822,0 -63.04188,9.64791,0 -63.04066,9.64861,0 -63.04004,9.64942,0 -63.0385,9.64991,0 -63.03635,9.64986,0 -63.03561,9.65055,0 -63.03473,9.65046,0 -63.03409,9.65125,0 -63.03344,9.65206,0 -63.03226,9.65242,0 -63.03099,9.65306,0 -63.03027,9.65327,0 -63.02886,9.65287,0 -63.02774,9.65314,0 -63.0265,9.654,0 -63.02661,9.6552,0 -63.02719,9.65679,0 -63.0263,9.65755,0 -63.0246,9.65764,0 -63.02361,9.65845,0 -63.023,9.65962,0 -63.02183,9.65943,0 -63.02073,9.65971,0 -63.01926,9.65935,0 -63.01725,9.65809,0 -63.0159,9.65826,0 -63.01465,9.65908,0 -63.01399,9.65966,0 -63.01291,9.6606,0 -63.01182,9.66135,0 -63.01081,9.66208,0 -63.00914,9.662,0 -63.00821,9.66236,0 -63.00672,9.66157,0 -63.00568,9.66237,0 -63.00523,9.66282,0 -63.00242,9.66556,0 -63.00104,9.66588,0 -63.00011,9.66528,0 -62.99933,9.6648,0 -62.99896,9.66436,0 -62.99841,9.66445,0 -62.99771,9.66474,0 -62.9972,9.66529,0 -62.99734,9.66605,0 -62.99775,9.66669,0 -62.99867,9.66738,0 -62.99881,9.66779,0 -62.99897,9.66839,0 -62.99857,9.6688,0 -62.99845,9.66978,0 -62.99808,9.67056,0 -62.99799,9.67115,0 -62.99715,9.67143,0 -62.99605,9.6703,0 -62.99526,9.66931,0 -62.99388,9.66784,0 -62.99316,9.66832,0 -62.99168,9.66795,0 -62.99113,9.66678,0 -62.98993,9.66613,0 -62.98898,9.66657,0 -62.98872,9.66721,0 -62.98911,9.66863,0 -62.98881,9.66977,0 -62.98795,9.67061,0 -62.98753,9.67109,0 -62.98711,9.67045,0 -62.98695,9.66995,0 -62.98596,9.6698,0 -62.98566,9.66985,0 -62.98584,9.67058,0 -62.98568,9.67076,0 -62.98498,9.67078,0 -62.98346,9.67062,0 -62.98265,9.67128,0 -62.98243,9.67229,0 -62.98357,9.67236,0 -62.98414,9.67293,0 -62.98333,9.67343,0 -62.98298,9.67433,0 -62.98384,9.67444,0 -62.98395,9.67538,0 -62.98348,9.67634,0 -62.98272,9.67737,0 -62.982,9.6775,0 -62.98063,9.67768,0 -62.98021,9.67757,0 -62.98006,9.67688,0 -62.97934,9.67649,0 -62.97849,9.67591,0 -62.97742,9.67588,0 -62.97619,9.6759,0 -62.97624,9.67643,0 -62.97635,9.6773,0 -62.97591,9.67716,0 -62.97508,9.6767,0 -62.97487,9.67759,0 -62.97404,9.67793,0 -62.97318,9.67809,0 -62.97193,9.67808,0 -62.97114,9.67772,0 -62.96983,9.67663,0 -62.96858,9.67583,0 -62.96756,9.67578,0 -62.96641,9.6763,0 -62.96626,9.6774,0 -62.96621,9.67825,0 -62.96706,9.67944,0 -62.96738,9.68068,0 -62.96692,9.68134,0 -62.96613,9.6825,0 -62.96548,9.68314,0 -62.96506,9.68412,0 -62.96494,9.68515,0 -62.96278,9.68524,0 -62.96172,9.68558,0 -62.96059,9.68523,0 -62.95955,9.68506,0 -62.95878,9.68456,0 -62.95837,9.68403,0 -62.95795,9.68476,0 -62.95762,9.68551,0 -62.95695,9.68686,0 -62.95748,9.68705,0 -62.95785,9.68728,0 -62.95757,9.68826,0 -62.95856,9.68959,0 -62.95941,9.68994,0 -62.95996,9.69184,0 -62.96028,9.69267,0 -62.96041,9.6937,0 -62.9597,9.69312,0 -62.95866,9.69321,0 -62.95824,9.69353,0 -62.95799,9.69284,0 -62.95732,9.69284,0 -62.95644,9.69229,0 -62.95499,9.6913,0 -62.95383,9.69072,0 -62.95272,9.69069,0 -62.95198,9.69053,0 -62.95191,9.68968,0 -62.9528,9.68923,0 -62.95217,9.68858,0 -62.95157,9.68867,0 -62.95125,9.68837,0 -62.9516,9.68769,0 -62.95206,9.68721,0 -62.95049,9.68649,0 -62.95021,9.68645,0 -62.94996,9.68549,0 -62.94913,9.68466,0 -62.94909,9.68344,0 -62.94931,9.68221,0 -62.94896,9.68125,0 -62.94795,9.68049,0 -62.94709,9.67991,0 -62.94492,9.67974,0 -62.94351,9.67976,0 -62.94286,9.68049,0 -62.94283,9.68129,0 -62.94179,9.68142,0 -62.94065,9.68284,0 -62.9397,9.6829,0 -62.93871,9.68231,0 -62.93681,9.68122,0 -62.93561,9.68087,0 -62.93587,9.68028,0 -62.93673,9.6801,0 -62.93659,9.67914,0 -62.93609,9.67801,0 -62.93484,9.67778,0 -62.9337,9.67798,0 -62.93261,9.67837,0 -62.93183,9.67871,0 -62.93067,9.67939,0 -62.92967,9.68005,0 -62.92884,9.68021,0 -62.92781,9.68075,0 -62.9268,9.68093,0 -62.9268,9.67983,0 -62.92645,9.67995,0 -62.92608,9.68036,0 -62.92539,9.68049,0 -62.92462,9.68156,0 -62.92341,9.68215,0 -62.92276,9.68275,0 -62.922,9.68329,0 -62.92202,9.68453,0 -62.92201,9.68531,0 -62.92148,9.68618,0 -62.92217,9.68712,0 -62.92274,9.68813,0 -62.92202,9.68874,0 -62.92121,9.68988,0 -62.92039,9.69098,0 -62.91988,9.69187,0 -62.9199,9.69278,0 -62.92068,9.69368,0 -62.922,9.69478,0 -62.92331,9.69552,0 -62.92224,9.69639,0 -62.9215,9.69677,0 -62.92025,9.69789,0 -62.91923,9.69791,0 -62.91824,9.69788,0 -62.91696,9.69845,0 -62.91583,9.69863,0 -62.91469,9.69858,0 -62.91384,9.69844,0 -62.91338,9.69789,0 -62.91271,9.69727,0 -62.91224,9.69758,0 -62.91201,9.69827,0 -62.91143,9.69866,0 -62.91013,9.69959,0 -62.90936,9.69989,0 -62.90786,9.6994,0 -62.90722,9.69871,0 -62.90675,9.69871,0 -62.90601,9.69951,0 -62.90502,9.69925,0 -62.90374,9.6994,0 -62.90284,9.69988,0 -62.90195,9.70123,0 -62.90116,9.7021,0 -62.90042,9.70218,0 -62.90051,9.70363,0 -62.90009,9.70413,0 -62.89947,9.7041,0 -62.89912,9.70458,0 -62.89906,9.70602,0 -62.89867,9.70639,0 -62.89839,9.70744,0 -62.89804,9.70778,0 -62.89764,9.70865,0 -62.89704,9.70911,0 -62.89687,9.71,0 -62.89687,9.71094,0 -62.89638,9.71187,0 -62.89587,9.71274,0 -62.89508,9.71379,0 -62.8933,9.71351,0 -62.89278,9.71433,0 -62.89199,9.71472,0 -62.89093,9.71506,0 -62.89019,9.71528,0 -62.88926,9.71468,0 -62.88829,9.7144,0 -62.88834,9.71392,0 -62.88767,9.71353,0 -62.88714,9.71321,0 -62.88596,9.71359,0 -62.88559,9.71313,0 -62.88589,9.71236,0 -62.88567,9.71172,0 -62.88592,9.71108,0 -62.88498,9.71036,0 -62.8856,9.70968,0 -62.8847,9.70899,0 -62.88385,9.70903,0 -62.88272,9.70825,0 -62.88168,9.70792,0 -62.87934,9.70718,0 -62.87851,9.70738,0 -62.87705,9.70751,0 -62.87638,9.70863,0 -62.87584,9.70861,0 -62.87561,9.70806,0 -62.87486,9.70792,0 -62.87453,9.70819,0 -62.87492,9.70909,0 -62.87466,9.70979,0 -62.8731,9.71128,0 -62.87236,9.71203,0 -62.87143,9.71287,0 -62.87094,9.71351,0 -62.87203,9.71349,0 -62.87212,9.71374,0 -62.87142,9.71422,0 -62.87068,9.71472,0 -62.8707,9.71507,0 -62.87116,9.71573,0 -62.87111,9.71745,0 -62.8715,9.71919,0 -62.87158,9.72052,0 -62.87225,9.72212,0 -62.87294,9.72146,0 -62.87387,9.72236,0 -62.87421,9.72396,0 -62.87475,9.7255,0 -62.87508,9.72607,0 -62.87632,9.72681,0 -62.87646,9.72837,0 -62.87657,9.72967,0 -62.87594,9.73079,0 -62.87498,9.73179,0 -62.87456,9.73319,0 -62.87393,9.7338,0 -62.87365,9.7347,0 -62.87367,9.73559,0 -62.87301,9.73767,0 -62.8722,9.73842,0 -62.87035,9.73903,0 -62.86947,9.739,0 -62.86731,9.73959,0 -62.86574,9.74039,0 -62.8649,9.74105,0 -62.86402,9.74191,0 -62.86332,9.74205,0 -62.8624,9.74163,0 -62.86117,9.74282,0 -62.85963,9.74384,0 -62.85857,9.74445,0 -62.85674,9.74525,0 -62.85488,9.74698,0 -62.85404,9.74748,0 -62.85237,9.74823,0 -62.85133,9.74815,0 -62.84928,9.747,0 -62.84777,9.74709,0 -62.84601,9.74733,0 -62.84405,9.74588,0 -62.84315,9.74473,0 -62.84091,9.74337,0 -62.83985,9.74229,0 -62.83725,9.74043,0 -62.83429,9.73913,0 -62.83193,9.7378,0 -62.82974,9.73639,0 -62.82812,9.73794,0 -62.82649,9.73988,0 -62.82468,9.74024,0 -62.822,9.73904,0 -62.82006,9.73704,0 -62.81815,9.73597,0 -62.81667,9.73501,0 -62.8145,9.73422,0 -62.81256,9.73346,0 -62.81046,9.73221,0 -62.80838,9.73213,0 -62.80623,9.73135,0 -62.80477,9.73038,0 -62.80316,9.73012,0 -62.80207,9.7303,0 -62.80047,9.73073,0 -62.79947,9.73068,0 -62.7973,9.72902,0 -62.79603,9.7294,0 -62.79429,9.72985,0 -62.79288,9.72914,0 -62.79057,9.72869,0 -62.78933,9.72702,0 -62.78725,9.72545,0 -62.78451,9.72361,0 -62.78215,9.723,0 -62.7802,9.72473,0 -62.77814,9.72534,0 -62.77626,9.72561,0 -62.77445,9.72649,0 -62.77384,9.72793,0 -62.77307,9.72916,0 -62.77149,9.73046,0 -62.77019,9.73211,0 -62.76861,9.7332,0 -62.76736,9.73381,0 -62.76618,9.73461,0 -62.76494,9.7368,0 -62.76417,9.73766,0 -62.7637,9.73892,0 -62.76231,9.74024,0 -62.76043,9.74161,0 -62.75873,9.74274,0 -62.75706,9.74349,0 -62.75546,9.74458,0 -62.75405,9.74478,0 -62.75282,9.74517,0 -62.75111,9.74562,0 -62.75002,9.74591,0 -62.74967,9.74515,0 -62.74804,9.74348,0 -62.74653,9.74459,0 -62.74484,9.74518,0 -62.74269,9.74469,0 -62.74097,9.74498,0 -62.73999,9.74605,0 -62.73801,9.74593,0 -62.73607,9.74493,0 -62.73394,9.74408,0 -62.73161,9.74253,0 -62.7302,9.74131,0 -62.729,9.74048,0 -62.7279,9.73972,0 -62.72612,9.73928,0 -62.72487,9.73948,0 -62.72359,9.73957,0 -62.72188,9.7391,0 -62.72098,9.73859,0 -62.72166,9.73791,0 -62.72296,9.73542,0 -62.72339,9.73391,0 -62.72353,9.73268,0 -62.72319,9.73103,0 -62.72359,9.73025,0 -62.72443,9.72931,0 -62.72508,9.72822,0 -62.72583,9.72703,0 -62.72486,9.72588,0 -62.72319,9.72672,0 -62.72159,9.72724,0 -62.71958,9.72732,0 -62.71736,9.72628,0 -62.71674,9.72614,0 -62.71574,9.72715,0 -62.71393,9.72695,0 -62.71311,9.72862,0 -62.71169,9.73068,0 -62.71078,9.73202,0 -62.71048,9.73236,0 -62.70988,9.73302,0 -62.70888,9.7335,0 -62.70752,9.73306,0 -62.70697,9.73113,0 -62.70541,9.72854,0 -62.70409,9.72723,0 -62.70121,9.72592,0 -62.69794,9.72381,0 -62.6956,9.7219,0 -62.69377,9.7207,0 -62.69183,9.7203,0 -62.6901,9.7205,0 -62.68948,9.7213,0 -62.68897,9.72231,0 -62.68897,9.72421,0 -62.68918,9.72572,0 -62.68969,9.72884,0 -62.68999,9.73165,0 -62.68989,9.73527,0 -62.68908,9.73778,0 -62.68785,9.73949,0 -62.68602,9.74029,0 -62.68245,9.74069,0 -62.67776,9.74069,0 -62.6746,9.74089,0 -62.67144,9.7414,0 -62.669,9.74421,0 -62.66798,9.74642,0 -62.66696,9.74823,0 -62.66512,9.74973,0 -62.66298,9.75014,0 -62.66013,9.75054,0 -62.65615,9.75074,0 -62.6532,9.75044,0 -62.65055,9.74893,0 -62.64881,9.74602,0 -62.6479,9.74371,0 -62.64728,9.7414,0 -62.64718,9.73929,0 -62.64718,9.73758,0 -62.64728,9.73557,0 -62.64718,9.73376,0 -62.64688,9.73265,0 -62.64494,9.73095,0 -62.64229,9.72844,0 -62.63842,9.72381,0 -62.63689,9.72261,0 -62.63536,9.7219,0 -62.63362,9.7214,0 -62.63148,9.7209,0 -62.62751,9.7211,0 -62.62241,9.72241,0 -62.61782,9.72442,0 -62.61497,9.72512,0 -62.61049,9.72562,0 -62.60743,9.72562,0 -62.60192,9.72502,0 -62.59907,9.72371,0 -62.59458,9.72211,0 -62.59234,9.7212,0 -62.5903,9.7211,0 -62.58959,9.7215,0 -62.58898,9.72241,0 -62.58888,9.72361,0 -62.58928,9.72512,0 -62.5899,9.72803,0 -62.59,9.73195,0 -62.58939,9.73497,0 -62.58837,9.73708,0 -62.58735,9.73918,0 -62.58561,9.74099,0 -62.58307,9.7429,0 -62.57817,9.74561,0 -62.5744,9.74803,0 -62.57236,9.75044,0 -62.57104,9.75235,0 -62.5692,9.75365,0 -62.56716,9.75385,0 -62.56451,9.75315,0 -62.56329,9.75194,0 -62.56166,9.75034,0 -62.55983,9.74853,0 -62.55819,9.74612,0 -62.55677,9.7435,0 -62.55432,9.74119,0 -62.55259,9.74029,0 -62.55075,9.74039,0 -62.54912,9.74089,0 -62.54392,9.74441,0 -62.53913,9.74893,0 -62.53628,9.75054,0 -62.53302,9.75174,0 -62.52996,9.75295,0 -62.5271,9.75516,0 -62.52445,9.75687,0 -62.52109,9.75938,0 -62.51966,9.76159,0 -62.51956,9.7634,0 -62.51946,9.7647,0 -62.51946,9.76641,0 -62.51987,9.76772,0 -62.52048,9.76932,0 -62.5215,9.77003,0 -62.52476,9.77053,0 -62.52823,9.77164,0 -62.53128,9.77244,0 -62.53291,9.77395,0 -62.53363,9.77515,0 -62.53373,9.77716,0 -62.53363,9.77907,0 -62.53261,9.78098,0 -62.52782,9.78791,0 -62.52191,9.79766,0 -62.51997,9.80429,0 -62.51875,9.80841,0 -62.51793,9.80991,0 -62.5163,9.81222,0 -62.51528,9.81343,0 -62.51406,9.81393,0 -62.5109,9.81494,0 -62.506,9.81514,0 -62.50335,9.81514,0 -62.50152,9.81524,0 -62.50009,9.81534,0 -62.38845,9.90269,0 -62.37198,9.92671,0 -62.3694,9.93897,0 -62.33911,9.93873,0 -62.33251,9.93868,0 -62.32295,9.938,0 -62.31386,9.93736,0 -62.31022,9.9371,0 -62.29807,9.93571,0 -62.29086,9.93403,0 -62.29017,9.93471,0 -62.28802,9.93589,0 -62.28252,9.93824,0 -62.28459,9.94059,0 -62.29523,9.95268,0 -62.29763,9.95316,0 -62.29907,9.95458,0 -62.30075,9.95766,0 -62.30124,9.9631,0 -62.30125,9.96782,0 -62.30078,9.97231,0 -62.29839,9.9775,0 -62.29833,9.97776,0 -62.29673,9.98411,0 -62.29292,9.99403,0
          </coordinates></LinearRing></outerBoundaryIs>
        </Polygon>
      </Placemark>
      <Placemark>
        <name>San Vicente (Maturín)</name>
        <description>Parroquia San Vicente, Municipio Maturín. PCODE: VE160811</description>
        <styleUrl>#style-parroquia-san-vicente</styleUrl>
        <Polygon>
          <outerBoundaryIs><LinearRing><coordinates>
            -63.26128,9.74604,0 -63.26132,9.74603,0 -63.26139,9.74603,0 -63.26145,9.74609,0 -63.26153,9.74618,0 -63.26158,9.74632,0 -63.2617,9.74647,0 -63.26179,9.74656,0 -63.26187,9.74662,0 -63.262,9.74665,0 -63.26216,9.74663,0 -63.26248,9.74658,0 -63.26264,9.74656,0 -63.26287,9.74659,0 -63.26303,9.74665,0 -63.26318,9.74673,0 -63.2634,9.74694,0 -63.26355,9.74712,0 -63.26368,9.74732,0 -63.26383,9.7476,0 -63.26388,9.74786,0 -63.26393,9.74809,0 -63.26395,9.74839,0 -63.26399,9.74866,0 -63.26401,9.74892,0 -63.26403,9.74913,0 -63.26403,9.74938,0 -63.26406,9.74962,0 -63.26411,9.74976,0 -63.26416,9.74988,0 -63.26429,9.74998,0 -63.26442,9.75004,0 -63.26456,9.75007,0 -63.26472,9.75005,0 -63.26485,9.75001,0 -63.26494,9.74994,0 -63.26496,9.74989,0 -63.26495,9.74976,0 -63.26493,9.74969,0 -63.26497,9.7496,0 -63.26499,9.74948,0 -63.265,9.74937,0 -63.26503,9.74925,0 -63.26508,9.74913,0 -63.26516,9.74905,0 -63.26524,9.749,0 -63.26532,9.74897,0 -63.26542,9.74894,0 -63.26555,9.74892,0 -63.26579,9.74893,0 -63.26607,9.74895,0 -63.2665,9.74898,0 -63.26677,9.74901,0 -63.26686,9.749,0 -63.26702,9.74898,0 -63.2671,9.74894,0 -63.26718,9.7489,0 -63.26724,9.74881,0 -63.26725,9.74872,0 -63.26729,9.74864,0 -63.26737,9.74858,0 -63.2675,9.74857,0 -63.26758,9.74858,0 -63.26773,9.74864,0 -63.26783,9.74871,0 -63.26792,9.7488,0 -63.268,9.74886,0 -63.26816,9.74897,0 -63.26829,9.74907,0 -63.26844,9.74916,0 -63.26857,9.74919,0 -63.26865,9.74918,0 -63.26875,9.74916,0 -63.26881,9.74913,0 -63.2689,9.74909,0 -63.26897,9.74899,0 -63.26906,9.74892,0 -63.26914,9.7489,0 -63.26922,9.74889,0 -63.26938,9.74895,0 -63.26951,9.74901,0 -63.26959,9.74904,0 -63.2697,9.74905,0 -63.26982,9.74902,0 -63.26993,9.74896,0 -63.27,9.74888,0 -63.27002,9.74881,0 -63.27006,9.74866,0 -63.27008,9.74855,0 -63.27013,9.74845,0 -63.27021,9.74836,0 -63.27032,9.74829,0 -63.27048,9.74823,0 -63.27064,9.74818,0 -63.27083,9.74819,0 -63.27099,9.74821,0 -63.27113,9.74826,0 -63.27121,9.74832,0 -63.27125,9.74839,0 -63.27128,9.74852,0 -63.27133,9.74876,0 -63.27135,9.74891,0 -63.27139,9.749,0 -63.27142,9.74901,0 -63.27144,9.74901,0 -63.27148,9.74898,0 -63.2715,9.74892,0 -63.27153,9.74884,0 -63.27155,9.74864,0 -63.27159,9.74834,0 -63.27162,9.74816,0 -63.27167,9.74795,0 -63.27175,9.74775,0 -63.27182,9.74765,0 -63.27195,9.74755,0 -63.27204,9.74754,0 -63.27213,9.74754,0 -63.27223,9.74758,0 -63.27229,9.74763,0 -63.27232,9.74768,0 -63.27234,9.74777,0 -63.27235,9.74789,0 -63.27235,9.74807,0 -63.27238,9.74821,0 -63.27241,9.7483,0 -63.27252,9.74848,0 -63.27261,9.74857,0 -63.27268,9.7486,0 -63.27274,9.74861,0 -63.27283,9.7486,0 -63.27294,9.74857,0 -63.27305,9.74856,0 -63.27314,9.74855,0 -63.27323,9.74852,0 -63.27327,9.74849,0 -63.27327,9.74845,0 -63.27324,9.74835,0 -63.27314,9.7482,0 -63.27309,9.74812,0 -63.27308,9.74805,0 -63.27308,9.74799,0 -63.27313,9.74791,0 -63.27319,9.74785,0 -63.27325,9.74782,0 -63.27331,9.74781,0 -63.27339,9.74782,0 -63.27349,9.74786,0 -63.27359,9.7479,0 -63.27366,9.74795,0 -63.27372,9.74802,0 -63.27377,9.74808,0 -63.27384,9.7482,0 -63.27391,9.74835,0 -63.27396,9.74843,0 -63.27402,9.7485,0 -63.27413,9.74855,0 -63.27422,9.74856,0 -63.27428,9.74856,0 -63.27439,9.74854,0 -63.27445,9.74848,0 -63.27462,9.74835,0 -63.27468,9.74832,0 -63.27476,9.74831,0 -63.27498,9.74833,0 -63.27514,9.7483,0 -63.2753,9.74824,0 -63.27535,9.7482,0 -63.27543,9.74812,0 -63.27552,9.74799,0 -63.27561,9.7479,0 -63.27569,9.74786,0 -63.27575,9.74786,0 -63.27581,9.74787,0 -63.27587,9.7479,0 -63.27597,9.74799,0 -63.27612,9.74824,0 -63.27622,9.74842,0 -63.2763,9.74851,0 -63.27643,9.74862,0 -63.27652,9.74869,0 -63.27655,9.74869,0 -63.27659,9.74867,0 -63.2766,9.74862,0 -63.27662,9.74854,0 -63.27659,9.74841,0 -63.27652,9.74819,0 -63.27651,9.7481,0 -63.27651,9.748,0 -63.27653,9.74794,0 -63.27657,9.74787,0 -63.27666,9.7478,0 -63.27674,9.74778,0 -63.27689,9.74777,0 -63.27709,9.74782,0 -63.27727,9.74788,0 -63.27751,9.748,0 -63.27763,9.74809,0 -63.27778,9.74823,0 -63.27784,9.74826,0 -63.27788,9.74826,0 -63.27794,9.74825,0 -63.27801,9.74822,0 -63.27805,9.74818,0 -63.27809,9.74809,0 -63.27811,9.74799,0 -63.27813,9.74786,0 -63.27814,9.74772,0 -63.27816,9.74755,0 -63.27818,9.74739,0 -63.27823,9.74726,0 -63.27831,9.74714,0 -63.27838,9.7471,0 -63.27845,9.74709,0 -63.27854,9.7471,0 -63.27862,9.74714,0 -63.27875,9.74727,0 -63.27889,9.74747,0 -63.27902,9.74764,0 -63.2792,9.74786,0 -63.27932,9.748,0 -63.27941,9.74808,0 -63.2795,9.74809,0 -63.27954,9.74809,0 -63.2796,9.74807,0 -63.27968,9.74797,0 -63.27977,9.74782,0 -63.27982,9.74772,0 -63.27989,9.74765,0 -63.28002,9.74756,0 -63.2801,9.74754,0 -63.28018,9.74754,0 -63.28026,9.74756,0 -63.28035,9.74762,0 -63.28041,9.74769,0 -63.28046,9.74782,0 -63.28048,9.74792,0 -63.28049,9.74809,0 -63.28053,9.74821,0 -63.28059,9.7483,0 -63.28067,9.74836,0 -63.28076,9.74837,0 -63.28086,9.74836,0 -63.28099,9.74831,0 -63.28108,9.74825,0 -63.2812,9.74816,0 -63.28138,9.74797,0 -63.28146,9.74791,0 -63.28153,9.74786,0 -63.28157,9.7478,0 -63.28161,9.74774,0 -63.28161,9.74768,0 -63.28157,9.7476,0 -63.28148,9.74756,0 -63.28122,9.74752,0 -63.28084,9.74743,0 -63.28064,9.74738,0 -63.28049,9.74729,0 -63.28036,9.7472,0 -63.28031,9.74712,0 -63.28026,9.74698,0 -63.28024,9.74685,0 -63.28025,9.74675,0 -63.28028,9.74665,0 -63.28032,9.74659,0 -63.28039,9.74651,0 -63.28046,9.74646,0 -63.28057,9.74644,0 -63.28067,9.74642,0 -63.28074,9.74639,0 -63.28085,9.74635,0 -63.28105,9.74633,0 -63.2812,9.74636,0 -63.28135,9.74641,0 -63.28155,9.74652,0 -63.28168,9.74663,0 -63.2818,9.74681,0 -63.28189,9.74701,0 -63.28199,9.74719,0 -63.28209,9.74736,0 -63.28218,9.74747,0 -63.28232,9.74761,0 -63.28243,9.74776,0 -63.28253,9.74788,0 -63.28268,9.74805,0 -63.28282,9.74815,0 -63.28295,9.74824,0 -63.28317,9.74832,0 -63.28327,9.74834,0 -63.28349,9.74838,0 -63.28365,9.7484,0 -63.28379,9.74843,0 -63.2839,9.74849,0 -63.28403,9.7486,0 -63.28422,9.7488,0 -63.28443,9.74902,0 -63.28454,9.74917,0 -63.28469,9.74933,0 -63.28478,9.74942,0 -63.28489,9.74951,0 -63.28502,9.74956,0 -63.28511,9.74957,0 -63.28516,9.74957,0 -63.28523,9.74954,0 -63.28527,9.7495,0 -63.28528,9.74941,0 -63.28525,9.7493,0 -63.2852,9.74915,0 -63.28515,9.74885,0 -63.28513,9.74862,0 -63.28513,9.74838,0 -63.28513,9.74823,0 -63.28517,9.74807,0 -63.28522,9.74794,0 -63.28531,9.74779,0 -63.28545,9.74766,0 -63.28562,9.74753,0 -63.28584,9.74741,0 -63.28597,9.74737,0 -63.2861,9.74733,0 -63.28622,9.74732,0 -63.28633,9.74732,0 -63.28651,9.74734,0 -63.28672,9.74741,0 -63.28683,9.74743,0 -63.28691,9.74744,0 -63.28704,9.74744,0 -63.28723,9.74748,0 -63.28755,9.7476,0 -63.28799,9.74776,0 -63.2883,9.74787,0 -63.28847,9.74792,0 -63.28857,9.74793,0 -63.28869,9.74793,0 -63.28881,9.74791,0 -63.28895,9.74786,0 -63.28925,9.74774,0 -63.28958,9.74763,0 -63.2897,9.74761,0 -63.28981,9.74762,0 -63.28994,9.74764,0 -63.29007,9.74771,0 -63.29032,9.74786,0 -63.29056,9.74804,0 -63.29069,9.74814,0 -63.29078,9.74819,0 -63.29082,9.7482,0 -63.29085,9.74818,0 -63.29088,9.74815,0 -63.29091,9.74809,0 -63.2909,9.74799,0 -63.29086,9.74778,0 -63.29087,9.74768,0 -63.2909,9.74759,0 -63.29094,9.74754,0 -63.29101,9.74752,0 -63.29119,9.7475,0 -63.29133,9.74749,0 -63.29145,9.74745,0 -63.29152,9.7474,0 -63.29159,9.74732,0 -63.29163,9.74721,0 -63.29173,9.74705,0 -63.29186,9.74692,0 -63.29199,9.74681,0 -63.29211,9.74673,0 -63.29219,9.7467,0 -63.29227,9.74668,0 -63.29237,9.74668,0 -63.29245,9.74668,0 -63.29255,9.74672,0 -63.29261,9.74676,0 -63.2927,9.74684,0 -63.29282,9.74694,0 -63.2942,9.74595,0 -63.29451,9.74551,0 -63.29462,9.74458,0 -63.29511,9.74455,0 -63.29566,9.74368,0 -63.29672,9.742,0 -63.29739,9.74253,0 -63.29773,9.74319,0 -63.29835,9.74299,0 -63.2994,9.74216,0 -63.3008,9.74194,0 -63.30087,9.74095,0 -63.30158,9.73939,0 -63.30215,9.73836,0 -63.30321,9.73813,0 -63.30438,9.73743,0 -63.30522,9.73713,0 -63.30591,9.7354,0 -63.3063,9.73429,0 -63.30699,9.73334,0 -63.30811,9.73252,0 -63.30948,9.73086,0 -63.30949,9.72936,0 -63.30963,9.72835,0 -63.30984,9.72697,0 -63.31131,9.72679,0 -63.31154,9.72702,0 -63.31177,9.7272,0 -63.31242,9.7272,0 -63.31302,9.72741,0 -63.31467,9.72762,0 -63.31525,9.72841,0 -63.31557,9.72987,0 -63.31611,9.72997,0 -63.31758,9.73009,0 -63.31836,9.72995,0 -63.31842,9.72873,0 -63.31809,9.72799,0 -63.31795,9.72719,0 -63.3177,9.72577,0 -63.31745,9.72449,0 -63.31879,9.72367,0 -63.31926,9.72368,0 -63.32056,9.72392,0 -63.3221,9.72411,0 -63.32301,9.72434,0 -63.32407,9.725,0 -63.32408,9.72592,0 -63.32491,9.72651,0 -63.3255,9.72627,0 -63.32605,9.72533,0 -63.32597,9.72334,0 -63.32562,9.72236,0 -63.32629,9.7209,0 -63.32724,9.71954,0 -63.32837,9.71935,0 -63.32992,9.71912,0 -63.33114,9.72028,0 -63.33161,9.71956,0 -63.33153,9.71855,0 -63.33258,9.71811,0 -63.33373,9.71867,0 -63.33497,9.71953,0 -63.33571,9.71958,0 -63.33691,9.71946,0 -63.33812,9.71958,0 -63.33931,9.71964,0 -63.33975,9.71906,0 -63.34083,9.71956,0 -63.34155,9.72011,0 -63.34264,9.721,0 -63.34342,9.72146,0 -63.34408,9.72041,0 -63.34034,9.69705,0 -63.33248,9.6977,0 -63.32843,9.69818,0 -63.32508,9.69945,0 -63.32202,9.70003,0 -63.32091,9.70045,0 -63.31698,9.7017,0 -63.31469,9.70235,0 -63.30768,9.70412,0 -63.30535,9.70459,0 -63.30387,9.70505,0 -63.30074,9.70552,0 -63.29716,9.70601,0 -63.29304,9.70616,0 -63.28964,9.70718,0 -63.28705,9.70751,0 -63.28307,9.7081,0 -63.28082,9.7081,0 -63.27497,9.70973,0 -63.2724,9.71033,0 -63.26826,9.71115,0 -63.26509,9.71251,0 -63.25921,9.72353,0 -63.25916,9.7244,0 -63.25908,9.72589,0 -63.25913,9.72695,0 -63.25911,9.72769,0 -63.25911,9.72837,0 -63.26135,9.74371,0 -63.26128,9.74604,0
          </coordinates></LinearRing></outerBoundaryIs>
        </Polygon>
      </Placemark>
      <Placemark>
        <name>Capital Piar (Piar)</name>
        <description>Parroquia Capital Piar, Municipio Piar. PCODE: VE160901</description>
        <styleUrl>#style-parroquia-capital-piar</styleUrl>
        <Polygon>
          <outerBoundaryIs><LinearRing><coordinates>
            -63.32356,10.07237,0 -63.34257,10.09146,0 -63.38398,10.08706,0 -63.40187,10.10751,0 -63.45452,10.1068,0 -63.47218,10.08654,0 -63.47107,10.08408,0 -63.47205,10.08165,0 -63.47205,10.08035,0 -63.472,10.07876,0 -63.47197,10.07693,0 -63.47311,10.07553,0 -63.47362,10.07293,0 -63.47383,10.07176,0 -63.47329,10.06991,0 -63.47673,10.05276,0 -63.48464,10.04823,0 -63.48464,10.04823,0 -63.48463,10.04822,0 -63.48465,10.04822,0 -63.48468,10.04716,0 -63.48425,10.04513,0 -63.48422,10.04347,0 -63.48405,10.04144,0 -63.48364,10.03908,0 -63.48307,10.03716,0 -63.48235,10.0357,0 -63.48159,10.03344,0 -63.48054,10.03183,0 -63.47923,10.031,0 -63.47754,10.03001,0 -63.47778,10.02893,0 -63.47795,10.02689,0 -63.47876,10.02541,0 -63.48035,10.02474,0 -63.48215,10.0241,0 -63.48369,10.02345,0 -63.48455,10.02245,0 -63.48584,10.0203,0 -63.48818,10.02004,0 -63.48939,10.01898,0 -63.48996,10.01725,0 -63.49031,10.01608,0 -63.49111,10.014,0 -63.49104,10.01237,0 -63.49154,10.01051,0 -63.49236,10.00935,0 -63.4928,10.00813,0 -63.49261,10.00551,0 -63.49225,10.00451,0 -63.49111,10.00294,0 -63.49034,10.0013,0 -63.48955,9.99992,0 -63.48965,9.9981,0 -63.4902,9.99724,0 -63.49036,9.99597,0 -63.49033,9.99418,0 -63.49031,9.99336,0 -63.49077,9.99188,0 -63.49138,9.99129,0 -63.49204,9.99012,0 -63.49205,9.98913,0 -63.49225,9.988,0 -63.49249,9.98744,0 -63.49279,9.98677,0 -63.49188,9.98578,0 -63.4911,9.98385,0 -63.49051,9.98215,0 -63.51657,9.98152,0 -63.51683,9.9806,0 -63.51683,9.97995,0 -63.51445,9.97966,0 -63.51391,9.97937,0 -63.51361,9.97919,0 -63.5132,9.97902,0 -63.51296,9.97884,0 -63.5126,9.97884,0 -63.5126,9.97802,0 -63.51236,9.9779,0 -63.51225,9.9779,0 -63.51177,9.97707,0 -63.51177,9.97678,0 -63.51052,9.97578,0 -63.50921,9.97336,0 -63.50921,9.97283,0 -63.50825,9.97278,0 -63.50814,9.97266,0 -63.50796,9.9726,0 -63.50772,9.97237,0 -63.50712,9.97107,0 -63.507,9.97083,0 -63.50676,9.9703,0 -63.50492,9.96984,0 -63.50409,9.9696,0 -63.50385,9.96925,0 -63.50337,9.96913,0 -63.50266,9.96896,0 -63.50151,9.96869,0 -63.50099,9.96787,0 -63.50097,9.96712,0 -63.50096,9.96677,0 -63.50094,9.96601,0 -63.5007,9.96524,0 -63.50043,9.96481,0 -63.50027,9.96413,0 -63.50011,9.96342,0 -63.49961,9.96307,0 -63.49945,9.96309,0 -63.499,9.96364,0 -63.49849,9.96415,0 -63.49791,9.96429,0 -63.49768,9.96372,0 -63.49744,9.96269,0 -63.49652,9.96223,0 -63.4958,9.96143,0 -63.49572,9.96099,0 -63.49527,9.95933,0 -63.49571,9.95833,0 -63.49621,9.95829,0 -63.49645,9.95831,0 -63.49688,9.9588,0 -63.49745,9.95837,0 -63.49823,9.95824,0 -63.49889,9.95776,0 -63.49866,9.95653,0 -63.49823,9.95532,0 -63.49746,9.9558,0 -63.49574,9.95638,0 -63.49509,9.9564,0 -63.49401,9.95599,0 -63.49395,9.95487,0 -63.4934,9.95367,0 -63.49288,9.95338,0 -63.49231,9.95232,0 -63.49185,9.9516,0 -63.49108,9.95148,0 -63.49079,9.95176,0 -63.49013,9.95222,0 -63.48989,9.952,0 -63.48973,9.95138,0 -63.48934,9.95052,0 -63.48897,9.94993,0 -63.48784,9.94886,0 -63.48723,9.94762,0 -63.48715,9.94659,0 -63.48663,9.94563,0 -63.48579,9.94543,0 -63.48509,9.9454,0 -63.48463,9.9456,0 -63.48466,9.94631,0 -63.4845,9.94721,0 -63.4843,9.9477,0 -63.48426,9.94855,0 -63.48436,9.94949,0 -63.48409,9.95044,0 -63.48339,9.95101,0 -63.48262,9.95018,0 -63.48145,9.94982,0 -63.48049,9.9495,0 -63.47904,9.95005,0 -63.47825,9.9506,0 -63.44387,9.97635,0 -63.44223,9.9772,0 -63.44114,9.97877,0 -63.4407,9.97956,0 -63.44067,9.98067,0 -63.43992,9.98115,0 -63.43918,9.98059,0 -63.43822,9.98025,0 -63.43719,9.98021,0 -63.43703,9.981,0 -63.43699,9.98182,0 -63.43691,9.98304,0 -63.43671,9.98394,0 -63.43586,9.98489,0 -63.43465,9.98432,0 -63.43348,9.98452,0 -63.43122,9.98513,0 -63.43078,9.98574,0 -63.43314,9.9892,0 -63.4411,9.99664,0 -63.44112,9.9982,0 -63.4409,9.99947,0 -63.44101,10.00091,0 -63.4413,10.00217,0 -63.44217,10.00304,0 -63.44286,10.00441,0 -63.44312,10.00735,0 -63.44354,10.00934,0 -63.40093,10.00823,0 -63.39994,10.00697,0 -63.39835,10.00595,0 -63.39777,10.00442,0 -63.39701,10.0031,0 -63.39769,10.00114,0 -63.39759,9.99924,0 -63.39686,9.99833,0 -63.39636,9.99714,0 -63.3951,9.99577,0 -63.39455,9.99478,0 -63.39388,9.99388,0 -63.39325,9.99304,0 -63.39286,9.99191,0 -63.39319,9.99112,0 -63.39487,9.98997,0 -63.39554,9.98924,0 -63.39503,9.98856,0 -63.39407,9.98751,0 -63.39294,9.98674,0 -63.39265,9.98507,0 -63.39121,9.98562,0 -63.38947,9.98649,0 -63.38816,9.98609,0 -63.38732,9.98517,0 -63.38657,9.98365,0 -63.38536,9.98355,0 -63.38428,9.98363,0 -63.38236,9.98476,0 -63.3808,9.98446,0 -63.37954,9.98357,0 -63.37913,9.98237,0 -63.37842,9.98115,0 -63.37656,9.98175,0 -63.37454,9.98309,0 -63.37399,9.98329,0 -63.37322,9.98253,0 -63.37222,9.98162,0 -63.37111,9.98174,0 -63.36995,9.98186,0 -63.36797,9.98155,0 -63.36673,9.98211,0 -63.36585,9.98349,0 -63.36536,9.98428,0 -63.36386,9.98531,0 -63.36261,9.98542,0 -63.3613,9.98564,0 -63.36023,9.98642,0 -63.3588,9.98678,0 -63.35759,9.98654,0 -63.35553,9.98676,0 -63.35348,9.9867,0 -63.35159,9.98696,0 -63.34958,9.9866,0 -63.34822,9.98597,0 -63.34713,9.98705,0 -63.34669,9.98802,0 -63.3467,9.98909,0 -63.34677,9.98987,0 -63.34647,9.99082,0 -63.34645,9.99139,0 -63.34604,9.9924,0 -63.34599,9.99304,0 -63.34639,9.99384,0 -63.34662,9.99442,0 -63.34609,9.99532,0 -63.34571,9.9974,0 -63.34503,9.99856,0 -63.34354,9.99984,0 -63.34173,10.00134,0 -63.34125,10.00288,0 -63.34096,10.00495,0 -63.34015,10.00657,0 -63.3398,10.00763,0 -63.33852,10.00875,0 -63.33822,10.01029,0 -63.33799,10.01156,0 -63.33787,10.01293,0 -63.33804,10.01477,0 -63.33768,10.0167,0 -63.33655,10.01713,0 -63.33529,10.01795,0 -63.3341,10.01923,0 -63.3326,10.01955,0 -63.33031,10.02004,0 -63.33038,10.02114,0 -63.33043,10.02302,0 -63.33077,10.024,0 -63.33119,10.02521,0 -63.3316,10.02775,0 -63.332,10.02954,0 -63.33159,10.03131,0 -63.33127,10.03274,0 -63.33081,10.03621,0 -63.3308,10.03825,0 -63.33038,10.03936,0 -63.33034,10.03993,0 -63.32733,10.03848,0 -63.3266,10.03842,0 -63.33423,10.04347,0 -63.32356,10.07237,0
          </coordinates></LinearRing></outerBoundaryIs>
        </Polygon>
      </Placemark>
      <Placemark>
        <name>Aparicio (Piar)</name>
        <description>Parroquia Aparicio, Municipio Piar. PCODE: VE160902</description>
        <styleUrl>#style-parroquia-aparicio</styleUrl>
        <Polygon>
          <outerBoundaryIs><LinearRing><coordinates>
            -63.51657,9.98152,0 -63.49051,9.98215,0 -63.4911,9.98385,0 -63.49188,9.98578,0 -63.49279,9.98677,0 -63.49249,9.98744,0 -63.49225,9.988,0 -63.49205,9.98913,0 -63.49204,9.99012,0 -63.49138,9.99129,0 -63.49077,9.99188,0 -63.49031,9.99336,0 -63.49033,9.99418,0 -63.49036,9.99597,0 -63.4902,9.99724,0 -63.48965,9.9981,0 -63.48955,9.99992,0 -63.49034,10.0013,0 -63.49111,10.00294,0 -63.49225,10.00451,0 -63.49261,10.00551,0 -63.4928,10.00813,0 -63.49236,10.00935,0 -63.49154,10.01051,0 -63.49104,10.01237,0 -63.49111,10.014,0 -63.49031,10.01608,0 -63.48996,10.01725,0 -63.48939,10.01898,0 -63.48818,10.02004,0 -63.48584,10.0203,0 -63.48455,10.02245,0 -63.48369,10.02345,0 -63.48215,10.0241,0 -63.48035,10.02474,0 -63.47876,10.02541,0 -63.47795,10.02689,0 -63.47778,10.02893,0 -63.47754,10.03001,0 -63.47923,10.031,0 -63.48054,10.03183,0 -63.48159,10.03344,0 -63.48235,10.0357,0 -63.48307,10.03716,0 -63.48364,10.03908,0 -63.48405,10.04144,0 -63.48422,10.04347,0 -63.48425,10.04513,0 -63.48468,10.04716,0 -63.48465,10.04822,0 -63.48463,10.04822,0 -63.48464,10.04823,0 -63.48464,10.04823,0 -63.48725,10.05248,0 -63.49135,10.05428,0 -63.4933,10.05626,0 -63.49347,10.05666,0 -63.4974,10.05728,0 -63.50259,10.05734,0 -63.50599,10.05737,0 -63.51172,10.05704,0 -63.51512,10.05629,0 -63.5196,10.05516,0 -63.5248,10.05443,0 -63.52749,10.05348,0 -63.53072,10.05234,0 -63.53825,10.05046,0 -63.54417,10.04856,0 -63.54814,10.04409,0 -63.5506,10.03886,0 -63.55914,10.03421,0 -63.56364,10.03093,0 -63.57028,10.02865,0 -63.57494,10.02732,0 -63.57781,10.02637,0 -63.58052,10.02495,0 -63.58563,10.02178,0 -63.58611,10.01744,0 -63.58567,10.01554,0 -63.58772,10.01309,0 -63.60171,10.01631,0 -63.60187,10.01629,0 -63.60132,10.01475,0 -63.60204,10.01217,0 -63.6041,10.00962,0 -63.60623,10.00552,0 -63.60637,10.00251,0 -63.60593,9.99664,0 -63.60525,9.9959,0 -63.60359,9.9933,0 -63.60076,9.99035,0 -63.59962,9.98975,0 -63.59638,9.98812,0 -63.59323,9.98659,0 -63.58928,9.98595,0 -63.58636,9.98627,0 -63.58292,9.9861,0 -63.5781,9.9858,0 -63.57611,9.98435,0 -63.57499,9.98166,0 -63.57589,9.97919,0 -63.57547,9.97675,0 -63.57444,9.97707,0 -63.57378,9.97734,0 -63.57298,9.97737,0 -63.57216,9.97742,0 -63.57143,9.97754,0 -63.56945,9.9784,0 -63.56805,9.97774,0 -63.56649,9.97695,0 -63.56422,9.97673,0 -63.56189,9.97691,0 -63.5591,9.97752,0 -63.55688,9.97946,0 -63.55484,9.9808,0 -63.5533,9.9818,0 -63.55157,9.98263,0 -63.5507,9.98369,0 -63.54892,9.98495,0 -63.54749,9.98407,0 -63.54547,9.98345,0 -63.54426,9.98237,0 -63.54249,9.98326,0 -63.5413,9.98264,0 -63.53943,9.98225,0 -63.53536,9.98263,0 -63.53493,9.98371,0 -63.53277,9.98422,0 -63.53095,9.98516,0 -63.5294,9.98644,0 -63.52617,9.98702,0 -63.52458,9.98869,0 -63.52237,9.98838,0 -63.51997,9.98716,0 -63.51942,9.98603,0 -63.5188,9.98442,0 -63.51783,9.98299,0 -63.51718,9.98179,0 -63.51657,9.98152,0
          </coordinates></LinearRing></outerBoundaryIs>
        </Polygon>
      </Placemark>
      <Placemark>
        <name>Chaguaramal (Piar)</name>
        <description>Parroquia Chaguaramal, Municipio Piar. PCODE: VE160903</description>
        <styleUrl>#style-parroquia-chaguaramal</styleUrl>
        <Polygon>
          <outerBoundaryIs><LinearRing><coordinates>
            -63.36369,9.88466,0 -63.36502,9.88384,0 -63.36578,9.88368,0 -63.36635,9.88429,0 -63.36715,9.88449,0 -63.36738,9.88469,0 -63.36784,9.88509,0 -63.36885,9.8855,0 -63.36971,9.88651,0 -63.36979,9.88759,0 -63.36968,9.88864,0 -63.36998,9.8897,0 -63.37064,9.89071,0 -63.37071,9.89163,0 -63.37106,9.89241,0 -63.37097,9.89337,0 -63.37039,9.8939,0 -63.37021,9.89487,0 -63.37074,9.89526,0 -63.37135,9.89604,0 -63.37149,9.89709,0 -63.37184,9.89815,0 -63.37245,9.8984,0 -63.37259,9.8998,0 -63.37281,9.90109,0 -63.37304,9.90226,0 -63.37321,9.9035,0 -63.373,9.9049,0 -63.37356,9.90558,0 -63.37433,9.90701,0 -63.37434,9.90795,0 -63.3733,9.90912,0 -63.37251,9.90977,0 -63.37175,9.91076,0 -63.37145,9.91184,0 -63.37106,9.91322,0 -63.37088,9.91473,0 -63.37093,9.91556,0 -63.37189,9.91689,0 -63.37289,9.91831,0 -63.37424,9.91971,0 -63.37482,9.92079,0 -63.37564,9.92136,0 -63.3765,9.92188,0 -63.37771,9.92287,0 -63.37806,9.92347,0 -63.37843,9.92404,0 -63.37941,9.9253,0 -63.37964,9.927,0 -63.38016,9.92895,0 -63.37994,9.93063,0 -63.38036,9.93173,0 -63.38134,9.93333,0 -63.38194,9.93437,0 -63.3829,9.93574,0 -63.38319,9.93625,0 -63.38325,9.93632,0 -63.38594,9.93886,0 -63.38682,9.94262,0 -63.38855,9.94659,0 -63.38981,9.9499,0 -63.3908,9.95284,0 -63.39211,9.9561,0 -63.39306,9.96263,0 -63.395,9.96623,0 -63.39974,9.96737,0 -63.40314,9.96632,0 -63.40529,9.96413,0 -63.40661,9.96314,0 -63.40767,9.95999,0 -63.40857,9.95801,0 -63.41004,9.95403,0 -63.41165,9.95179,0 -63.41217,9.94791,0 -63.41255,9.94476,0 -63.41385,9.94379,0 -63.41476,9.94391,0 -63.41491,9.94264,0 -63.41541,9.94144,0 -63.41582,9.94051,0 -63.41644,9.93976,0 -63.41689,9.93915,0 -63.41852,9.93873,0 -63.41945,9.93871,0 -63.42108,9.93875,0 -63.42201,9.93815,0 -63.42223,9.93693,0 -63.42238,9.93585,0 -63.42278,9.93517,0 -63.42404,9.93403,0 -63.4237,9.93294,0 -63.42397,9.93259,0 -63.42432,9.93203,0 -63.42421,9.93072,0 -63.42475,9.92988,0 -63.42465,9.92894,0 -63.42449,9.92771,0 -63.42512,9.92705,0 -63.42604,9.92592,0 -63.42692,9.92459,0 -63.42759,9.92367,0 -63.42855,9.92321,0 -63.42953,9.92265,0 -63.43049,9.92215,0 -63.43051,9.92139,0 -63.43079,9.92138,0 -63.43169,9.92106,0 -63.43167,9.92051,0 -63.43128,9.91999,0 -63.43061,9.92001,0 -63.43006,9.91959,0 -63.43019,9.91919,0 -63.43017,9.91871,0 -63.43064,9.91817,0 -63.431,9.91772,0 -63.43116,9.91698,0 -63.43064,9.91711,0 -63.42991,9.91688,0 -63.42878,9.91716,0 -63.42727,9.91695,0 -63.42608,9.9154,0 -63.42531,9.91462,0 -63.42457,9.91315,0 -63.42447,9.91214,0 -63.42463,9.91138,0 -63.42526,9.91076,0 -63.42556,9.90906,0 -63.42595,9.90742,0 -63.42622,9.90647,0 -63.42647,9.90552,0 -63.42558,9.90453,0 -63.42476,9.90419,0 -63.42397,9.90352,0 -63.42304,9.90339,0 -63.42198,9.90353,0 -63.42156,9.90441,0 -63.42247,9.90444,0 -63.42352,9.90461,0 -63.42384,9.90536,0 -63.42284,9.90578,0 -63.42157,9.90547,0 -63.42092,9.90469,0 -63.42059,9.90382,0 -63.41921,9.9026,0 -63.41865,9.90112,0 -63.41908,9.90065,0 -63.42051,9.90029,0 -63.42105,9.89899,0 -63.4209,9.89807,0 -63.42272,9.89694,0 -63.4233,9.89621,0 -63.42309,9.89516,0 -63.42214,9.89455,0 -63.42201,9.89327,0 -63.422,9.8917,0 -63.4217,9.89013,0 -63.42153,9.88928,0 -63.42128,9.88782,0 -63.42115,9.8867,0 -63.4216,9.88607,0 -63.42262,9.88553,0 -63.42332,9.88563,0 -63.42357,9.88611,0 -63.42468,9.88617,0 -63.42649,9.88593,0 -63.4269,9.88571,0 -63.42754,9.88476,0 -63.42766,9.88402,0 -63.42864,9.88521,0 -63.42873,9.88566,0 -63.42895,9.88671,0 -63.42944,9.88766,0 -63.43036,9.88876,0 -63.43114,9.88929,0 -63.43243,9.88965,0 -63.43391,9.8897,0 -63.43519,9.88982,0 -63.43663,9.88978,0 -63.43786,9.8897,0 -63.43941,9.88982,0 -63.44095,9.89086,0 -63.44199,9.89136,0 -63.44291,9.89172,0 -63.44393,9.89268,0 -63.4448,9.89364,0 -63.44515,9.8951,0 -63.44634,9.89555,0 -63.44738,9.89591,0 -63.44889,9.8961,0 -63.45071,9.89633,0 -63.45244,9.8963,0 -63.45361,9.89643,0 -63.4542,9.89683,0 -63.45499,9.89749,0 -63.45531,9.89811,0 -63.45647,9.8989,0 -63.45726,9.89888,0 -63.45828,9.89885,0 -63.45935,9.89919,0 -63.46007,9.90059,0 -63.46146,9.90204,0 -63.46262,9.90339,0 -63.46357,9.90408,0 -63.46493,9.90383,0 -63.46633,9.904,0 -63.4677,9.9043,0 -63.4685,9.9044,0 -63.46951,9.9057,0 -63.47037,9.90731,0 -63.4707,9.90891,0 -63.47233,9.91042,0 -63.56117,9.95696,0 -63.56086,9.95615,0 -63.56072,9.95374,0 -63.56026,9.95089,0 -63.5602,9.94882,0 -63.56122,9.94702,0 -63.56284,9.94571,0 -63.56359,9.94461,0 -63.56505,9.9429,0 -63.56654,9.94057,0 -63.56699,9.93961,0 -63.56847,9.93709,0 -63.5697,9.93471,0 -63.56795,9.93043,0 -63.56673,9.92707,0 -63.56573,9.92534,0 -63.56459,9.92347,0 -63.56232,9.92179,0 -63.55974,9.92007,0 -63.55827,9.91969,0 -63.55716,9.91858,0 -63.5553,9.91681,0 -63.55304,9.91543,0 -63.55113,9.91405,0 -63.55039,9.91238,0 -63.54994,9.91104,0 -63.5489,9.91006,0 -63.54732,9.90941,0 -63.54587,9.90797,0 -63.5445,9.90733,0 -63.54324,9.90596,0 -63.54279,9.90404,0 -63.54174,9.90339,0 -63.54041,9.90241,0 -63.53804,9.90061,0 -63.53645,9.89913,0 -63.53554,9.8991,0 -63.53391,9.89888,0 -63.53046,9.89866,0 -63.52814,9.89921,0 -63.52711,9.8986,0 -63.52453,9.89737,0 -63.52172,9.89669,0 -63.52243,9.89457,0 -63.52196,9.89213,0 -63.52018,9.89181,0 -63.5173,9.89217,0 -63.51668,9.89072,0 -63.51554,9.8906,0 -63.5149,9.88899,0 -63.51363,9.8864,0 -63.51215,9.88526,0 -63.51073,9.88462,0 -63.50939,9.88173,0 -63.50769,9.88108,0 -63.50761,9.87952,0 -63.50813,9.87812,0 -63.50863,9.87652,0 -63.50892,9.87504,0 -63.50963,9.87301,0 -63.50932,9.87224,0 -63.50969,9.87037,0 -63.5107,9.86847,0 -63.51055,9.867,0 -63.5097,9.86485,0 -63.50855,9.86278,0 -63.50651,9.86095,0 -63.50541,9.86018,0 -63.50452,9.85934,0 -63.50455,9.85771,0 -63.50368,9.85692,0 -63.50234,9.85635,0 -63.50135,9.85604,0 -63.49768,9.85443,0 -63.49653,9.85363,0 -63.49496,9.85315,0 -63.49401,9.85232,0 -63.49395,9.85049,0 -63.49391,9.84833,0 -63.49429,9.84727,0 -63.4938,9.84565,0 -63.49286,9.84372,0 -63.49191,9.84237,0 -63.49195,9.84065,0 -63.49236,9.83903,0 -63.49349,9.83785,0 -63.49468,9.83678,0 -63.49512,9.83594,0 -63.49546,9.83412,0 -63.49498,9.8323,0 -63.49438,9.83013,0 -63.49409,9.82736,0 -63.4936,9.82577,0 -63.48974,9.82491,0 -63.48825,9.82548,0 -63.48663,9.82569,0 -63.48533,9.82554,0 -63.48382,9.82556,0 -63.48337,9.82573,0 -63.48203,9.82467,0 -63.48063,9.82432,0 -63.4792,9.82378,0 -63.47778,9.82215,0 -63.47671,9.82062,0 -63.47545,9.82026,0 -63.47452,9.81957,0 -63.47354,9.81783,0 -63.47335,9.81621,0 -63.47327,9.81442,0 -63.47263,9.81251,0 -63.47173,9.81113,0 -63.47026,9.81069,0 -63.46972,9.80841,0 -63.46998,9.80696,0 -63.46974,9.80538,0 -63.46968,9.80336,0 -63.46877,9.80254,0 -63.46779,9.80149,0 -63.46688,9.80062,0 -63.4659,9.79959,0 -63.46491,9.79849,0 -63.46437,9.79667,0 -63.46266,9.79614,0 -63.46137,9.79567,0 -63.45959,9.79508,0 -63.45818,9.79523,0 -63.45607,9.79594,0 -63.4549,9.7962,0 -63.35817,9.8175,0 -63.36369,9.88466,0
          </coordinates></LinearRing></outerBoundaryIs>
        </Polygon>
      </Placemark>
      <Placemark>
        <name>El Pinto (Piar)</name>
        <description>Parroquia El Pinto, Municipio Piar. PCODE: VE160904</description>
        <styleUrl>#style-parroquia-el-pinto</styleUrl>
        <Polygon>
          <outerBoundaryIs><LinearRing><coordinates>
            -63.41476,9.94391,0 -63.41385,9.94379,0 -63.41255,9.94476,0 -63.41217,9.94791,0 -63.41165,9.95179,0 -63.41004,9.95403,0 -63.40857,9.95801,0 -63.40767,9.95999,0 -63.40661,9.96314,0 -63.40529,9.96413,0 -63.40314,9.96632,0 -63.39974,9.96737,0 -63.395,9.96623,0 -63.39306,9.96263,0 -63.39211,9.9561,0 -63.3908,9.95284,0 -63.38981,9.9499,0 -63.38855,9.94659,0 -63.38682,9.94262,0 -63.38594,9.93886,0 -63.38325,9.93632,0 -63.38319,9.93625,0 -63.3829,9.93574,0 -63.38194,9.93437,0 -63.38134,9.93333,0 -63.38036,9.93173,0 -63.37994,9.93063,0 -63.38016,9.92895,0 -63.37964,9.927,0 -63.37941,9.9253,0 -63.37843,9.92404,0 -63.37806,9.92347,0 -63.37771,9.92287,0 -63.3765,9.92188,0 -63.37564,9.92136,0 -63.37482,9.92079,0 -63.37424,9.91971,0 -63.37289,9.91831,0 -63.37189,9.91689,0 -63.37093,9.91556,0 -63.37088,9.91473,0 -63.37106,9.91322,0 -63.37145,9.91184,0 -63.37175,9.91076,0 -63.37251,9.90977,0 -63.3733,9.90912,0 -63.37434,9.90795,0 -63.37433,9.90701,0 -63.37356,9.90558,0 -63.373,9.9049,0 -63.37321,9.9035,0 -63.37304,9.90226,0 -63.37281,9.90109,0 -63.37259,9.8998,0 -63.37245,9.8984,0 -63.37184,9.89815,0 -63.37149,9.89709,0 -63.37135,9.89604,0 -63.37074,9.89526,0 -63.37021,9.89487,0 -63.37039,9.8939,0 -63.37097,9.89337,0 -63.37106,9.89241,0 -63.37071,9.89163,0 -63.37064,9.89071,0 -63.36998,9.8897,0 -63.36968,9.88864,0 -63.36979,9.88759,0 -63.36971,9.88651,0 -63.36885,9.8855,0 -63.36784,9.88509,0 -63.36738,9.88469,0 -63.36715,9.88449,0 -63.36635,9.88429,0 -63.36578,9.88368,0 -63.36502,9.88384,0 -63.36369,9.88466,0 -63.36277,9.89155,0 -63.29994,9.93518,0 -63.29517,9.93836,0 -63.29426,9.93912,0 -63.27754,9.99721,0 -63.2775,9.99721,0 -63.28937,10.01499,0 -63.29161,10.01761,0 -63.29543,10.0231,0 -63.29742,10.02657,0 -63.30007,10.02866,0 -63.30384,10.03052,0 -63.30816,10.0323,0 -63.31353,10.03375,0 -63.3188,10.03524,0 -63.3207,10.03656,0 -63.32316,10.0381,0 -63.3266,10.03842,0 -63.32733,10.03848,0 -63.33034,10.03993,0 -63.33038,10.03936,0 -63.3308,10.03825,0 -63.33081,10.03621,0 -63.33127,10.03274,0 -63.33159,10.03131,0 -63.332,10.02954,0 -63.3316,10.02775,0 -63.33119,10.02521,0 -63.33077,10.024,0 -63.33043,10.02302,0 -63.33038,10.02114,0 -63.33031,10.02004,0 -63.3326,10.01955,0 -63.3341,10.01923,0 -63.33529,10.01795,0 -63.33655,10.01713,0 -63.33768,10.0167,0 -63.33804,10.01477,0 -63.33787,10.01293,0 -63.33799,10.01156,0 -63.33822,10.01029,0 -63.33852,10.00875,0 -63.3398,10.00763,0 -63.34015,10.00657,0 -63.34096,10.00495,0 -63.34125,10.00288,0 -63.34173,10.00134,0 -63.34354,9.99984,0 -63.34503,9.99856,0 -63.34571,9.9974,0 -63.34609,9.99532,0 -63.34662,9.99442,0 -63.34639,9.99384,0 -63.34599,9.99304,0 -63.34604,9.9924,0 -63.34645,9.99139,0 -63.34647,9.99082,0 -63.34677,9.98987,0 -63.3467,9.98909,0 -63.34669,9.98802,0 -63.34713,9.98705,0 -63.34822,9.98597,0 -63.34958,9.9866,0 -63.35159,9.98696,0 -63.35348,9.9867,0 -63.35553,9.98676,0 -63.35759,9.98654,0 -63.3588,9.98678,0 -63.36023,9.98642,0 -63.3613,9.98564,0 -63.36261,9.98542,0 -63.36386,9.98531,0 -63.36536,9.98428,0 -63.36585,9.98349,0 -63.36673,9.98211,0 -63.36797,9.98155,0 -63.36995,9.98186,0 -63.37111,9.98174,0 -63.37222,9.98162,0 -63.37322,9.98253,0 -63.37399,9.98329,0 -63.37454,9.98309,0 -63.37656,9.98175,0 -63.37842,9.98115,0 -63.37913,9.98237,0 -63.37954,9.98357,0 -63.3808,9.98446,0 -63.38236,9.98476,0 -63.38428,9.98363,0 -63.38536,9.98355,0 -63.38657,9.98365,0 -63.38732,9.98517,0 -63.38816,9.98609,0 -63.38947,9.98649,0 -63.39121,9.98562,0 -63.39265,9.98507,0 -63.39294,9.98674,0 -63.39407,9.98751,0 -63.39503,9.98856,0 -63.39554,9.98924,0 -63.39487,9.98997,0 -63.39319,9.99112,0 -63.39286,9.99191,0 -63.39325,9.99304,0 -63.39388,9.99388,0 -63.39455,9.99478,0 -63.3951,9.99577,0 -63.39636,9.99714,0 -63.39686,9.99833,0 -63.39759,9.99924,0 -63.39769,10.00114,0 -63.39701,10.0031,0 -63.39777,10.00442,0 -63.39835,10.00595,0 -63.39994,10.00697,0 -63.40093,10.00823,0 -63.44354,10.00934,0 -63.44312,10.00735,0 -63.44286,10.00441,0 -63.44217,10.00304,0 -63.4413,10.00217,0 -63.44101,10.00091,0 -63.4409,9.99947,0 -63.44112,9.9982,0 -63.4411,9.99664,0 -63.43314,9.9892,0 -63.43078,9.98574,0 -63.43043,9.98586,0 -63.43,9.98606,0 -63.42977,9.98613,0 -63.42937,9.98612,0 -63.42879,9.98536,0 -63.42837,9.98434,0 -63.42755,9.9836,0 -63.42592,9.98339,0 -63.42522,9.98252,0 -63.42434,9.98165,0 -63.42328,9.98133,0 -63.42122,9.98132,0 -63.41967,9.98141,0 -63.41893,9.98253,0 -63.41774,9.98298,0 -63.41737,9.98361,0 -63.41688,9.98429,0 -63.41625,9.9844,0 -63.41565,9.98432,0 -63.41499,9.98388,0 -63.41429,9.98316,0 -63.41423,9.98282,0 -63.41426,9.9816,0 -63.41479,9.98062,0 -63.4152,9.97944,0 -63.41621,9.97856,0 -63.41757,9.97759,0 -63.41912,9.97667,0 -63.42009,9.97563,0 -63.42117,9.9739,0 -63.42085,9.97242,0 -63.41981,9.97054,0 -63.41986,9.96907,0 -63.42028,9.96819,0 -63.42024,9.9672,0 -63.42019,9.96633,0 -63.4196,9.96504,0 -63.41927,9.96429,0 -63.41871,9.96352,0 -63.41826,9.96292,0 -63.41682,9.95692,0 -63.41643,9.95557,0 -63.41613,9.95434,0 -63.41585,9.95334,0 -63.41539,9.95209,0 -63.41543,9.95124,0 -63.41552,9.95025,0 -63.41557,9.9497,0 -63.41559,9.94892,0 -63.41525,9.94821,0 -63.41522,9.94723,0 -63.41481,9.946,0 -63.41466,9.94506,0 -63.41476,9.94391,0
          </coordinates></LinearRing></outerBoundaryIs>
        </Polygon>
      </Placemark>
      <Placemark>
        <name>Guanaguana (Piar)</name>
        <description>Parroquia Guanaguana, Municipio Piar. PCODE: VE160905</description>
        <styleUrl>#style-parroquia-guanaguana</styleUrl>
        <Polygon>
          <outerBoundaryIs><LinearRing><coordinates>
            -63.45452,10.1068,0 -63.45498,10.10713,0 -63.44433,10.12249,0 -63.45538,10.14076,0 -63.46444,10.13977,0 -63.46451,10.13979,0 -63.46441,10.1395,0 -63.49046,10.13691,0 -63.50187,10.13267,0 -63.50435,10.13083,0 -63.50736,10.12919,0 -63.51111,10.12784,0 -63.51702,10.12765,0 -63.519,10.12866,0 -63.5233,10.13028,0 -63.52656,10.12946,0 -63.52857,10.12849,0 -63.53101,10.1281,0 -63.53606,10.12784,0 -63.53977,10.12782,0 -63.54004,10.12632,0 -63.53875,10.12414,0 -63.5412,10.12051,0 -63.54503,10.11813,0 -63.5499,10.11755,0 -63.55397,10.1153,0 -63.55765,10.11371,0 -63.55911,10.11437,0 -63.56089,10.11867,0 -63.5627,10.12041,0 -63.56426,10.12285,0 -63.5647,10.12554,0 -63.56631,10.12751,0 -63.56802,10.13025,0 -63.57147,10.12654,0 -63.57378,10.12391,0 -63.57571,10.11962,0 -63.57914,10.11378,0 -63.58286,10.11192,0 -63.58891,10.10801,0 -63.59388,10.10836,0 -63.59757,10.10725,0 -63.60351,10.10552,0 -63.60869,10.10515,0 -63.61378,10.10376,0 -63.61719,10.10039,0 -63.61751,10.10284,0 -63.61711,10.09812,0 -63.61821,10.09131,0 -63.62037,10.08834,0 -63.6244,10.07774,0 -63.62856,10.06678,0 -63.62658,10.06572,0 -63.62348,10.06526,0 -63.62139,10.06519,0 -63.61814,10.06446,0 -63.61611,10.06229,0 -63.61535,10.05902,0 -63.61502,10.05455,0 -63.61502,10.05049,0 -63.61261,10.04619,0 -63.61259,10.04237,0 -63.61195,10.04067,0 -63.61378,10.0356,0 -63.61533,10.03019,0 -63.615,10.0288,0 -63.6132,10.02726,0 -63.61265,10.02606,0 -63.60937,10.02377,0 -63.60548,10.02085,0 -63.60372,10.0194,0 -63.6021,10.01695,0 -63.60187,10.01629,0 -63.60171,10.01631,0 -63.58772,10.01309,0 -63.58567,10.01554,0 -63.58611,10.01744,0 -63.58563,10.02178,0 -63.58052,10.02495,0 -63.57781,10.02637,0 -63.57494,10.02732,0 -63.57028,10.02865,0 -63.56364,10.03093,0 -63.55914,10.03421,0 -63.5506,10.03886,0 -63.54814,10.04409,0 -63.54417,10.04856,0 -63.53825,10.05046,0 -63.53072,10.05234,0 -63.52749,10.05348,0 -63.5248,10.05443,0 -63.5196,10.05516,0 -63.51512,10.05629,0 -63.51172,10.05704,0 -63.50599,10.05737,0 -63.50259,10.05734,0 -63.4974,10.05728,0 -63.49347,10.05666,0 -63.4933,10.05626,0 -63.49135,10.05428,0 -63.48725,10.05248,0 -63.48464,10.04823,0 -63.47673,10.05276,0 -63.47329,10.06991,0 -63.47383,10.07176,0 -63.47362,10.07293,0 -63.47311,10.07553,0 -63.47197,10.07693,0 -63.472,10.07876,0 -63.47205,10.08035,0 -63.47205,10.08165,0 -63.47107,10.08408,0 -63.47218,10.08654,0 -63.45452,10.1068,0
          </coordinates></LinearRing></outerBoundaryIs>
        </Polygon>
      </Placemark>
      <Placemark>
        <name>La Toscana (Piar)</name>
        <description>Parroquia La Toscana, Municipio Piar. PCODE: VE160906</description>
        <styleUrl>#style-parroquia-la-toscana</styleUrl>
        <Polygon>
          <outerBoundaryIs><LinearRing><coordinates>
            -63.29517,9.93836,0 -63.29994,9.93518,0 -63.36277,9.89155,0 -63.36369,9.88466,0 -63.35817,9.8175,0 -63.4549,9.7962,0 -63.45495,9.79594,0 -63.45393,9.79507,0 -63.45308,9.79471,0 -63.45238,9.79376,0 -63.45124,9.7929,0 -63.4495,9.79226,0 -63.44793,9.79226,0 -63.44672,9.79215,0 -63.44511,9.79183,0 -63.4432,9.7917,0 -63.44181,9.79107,0 -63.44067,9.78926,0 -63.43939,9.78788,0 -63.43783,9.78755,0 -63.43609,9.78739,0 -63.43421,9.78742,0 -63.43311,9.78654,0 -63.43169,9.7854,0 -63.43064,9.78516,0 -63.43021,9.78418,0 -63.42923,9.78407,0 -63.42645,9.78562,0 -63.42478,9.78553,0 -63.42334,9.78531,0 -63.42333,9.78531,0 -63.42206,9.78457,0 -63.42084,9.78274,0 -63.42041,9.78073,0 -63.41929,9.78049,0 -63.41845,9.78178,0 -63.41719,9.783,0 -63.41592,9.78311,0 -63.41381,9.7839,0 -63.41295,9.78326,0 -63.41185,9.78283,0 -63.40987,9.7833,0 -63.40746,9.78405,0 -63.40602,9.78501,0 -63.40471,9.78436,0 -63.40281,9.78303,0 -63.40124,9.78328,0 -63.4001,9.78378,0 -63.39849,9.78359,0 -63.39736,9.78231,0 -63.39653,9.78231,0 -63.39599,9.78313,0 -63.3948,9.7836,0 -63.39442,9.7826,0 -63.39379,9.78241,0 -63.39284,9.78379,0 -63.39209,9.78427,0 -63.39086,9.78428,0 -63.38953,9.78483,0 -63.38834,9.78529,0 -63.38587,9.78584,0 -63.3837,9.78609,0 -63.38235,9.78663,0 -63.3814,9.78801,0 -63.38167,9.78952,0 -63.38213,9.79065,0 -63.38155,9.79092,0 -63.38055,9.79058,0 -63.37963,9.7902,0 -63.37814,9.78909,0 -63.37664,9.79016,0 -63.37581,9.7912,0 -63.37481,9.79187,0 -63.3732,9.79223,0 -63.37139,9.79233,0 -63.37009,9.79296,0 -63.36831,9.79308,0 -63.36697,9.79337,0 -63.36589,9.79342,0 -63.36445,9.79348,0 -63.36399,9.79379,0 -63.36302,9.79378,0 -63.36137,9.79375,0 -63.35992,9.79398,0 -63.35885,9.79302,0 -63.35791,9.79357,0 -63.35593,9.7933,0 -63.35491,9.79186,0 -63.35398,9.79003,0 -63.35262,9.78974,0 -63.35071,9.79033,0 -63.34957,9.7916,0 -63.34823,9.79241,0 -63.34604,9.7928,0 -63.34291,9.79444,0 -63.34129,9.79541,0 -63.33994,9.79533,0 -63.33835,9.79537,0 -63.33692,9.79562,0 -63.33548,9.79494,0 -63.33464,9.79338,0 -63.33362,9.79311,0 -63.33255,9.79227,0 -63.33084,9.7919,0 -63.32946,9.79164,0 -63.32817,9.7911,0 -63.32699,9.79033,0 -63.32547,9.78998,0 -63.3232,9.78913,0 -63.32123,9.78946,0 -63.31923,9.78917,0 -63.31782,9.78916,0 -63.31673,9.78859,0 -63.31521,9.78808,0 -63.3134,9.788,0 -63.31217,9.78808,0 -63.3101,9.78783,0 -63.30788,9.78794,0 -63.30691,9.78758,0 -63.30446,9.7876,0 -63.30372,9.78858,0 -63.33507,9.85666,0 -63.33331,9.8561,0 -63.33249,9.85668,0 -63.33066,9.85684,0 -63.3296,9.85696,0 -63.32894,9.85733,0 -63.3284,9.8581,0 -63.32737,9.85829,0 -63.32655,9.85826,0 -63.32514,9.85835,0 -63.32402,9.85877,0 -63.32213,9.85864,0 -63.32143,9.85758,0 -63.32084,9.85734,0 -63.31816,9.85748,0 -63.31702,9.8574,0 -63.3151,9.85692,0 -63.31384,9.85661,0 -63.31225,9.85629,0 -63.31142,9.855,0 -63.31058,9.8548,0 -63.30916,9.85465,0 -63.30744,9.85449,0 -63.30538,9.85384,0 -63.30386,9.85273,0 -63.30288,9.85186,0 -63.30247,9.85139,0 -63.30046,9.85154,0 -63.29825,9.85132,0 -63.29634,9.85108,0 -63.2952,9.85083,0 -63.29365,9.85032,0 -63.29296,9.84968,0 -63.29122,9.84977,0 -63.28965,9.85075,0 -63.28794,9.85101,0 -63.28552,9.85162,0 -63.28301,9.85199,0 -63.28099,9.85193,0 -63.27982,9.85164,0 -63.27831,9.85168,0 -63.2764,9.85229,0 -63.27546,9.85314,0 -63.2753,9.85342,0 -63.27457,9.85387,0 -63.27246,9.8546,0 -63.27182,9.85556,0 -63.27068,9.85687,0 -63.2686,9.85714,0 -63.26657,9.85777,0 -63.26598,9.85817,0 -63.26463,9.85869,0 -63.26349,9.85925,0 -63.26267,9.85966,0 -63.26141,9.86043,0 -63.25909,9.86045,0 -63.25801,9.8608,0 -63.25615,9.86041,0 -63.25331,9.86012,0 -63.25201,9.86078,0 -63.25002,9.8612,0 -63.24828,9.86194,0 -63.24682,9.862,0 -63.24468,9.86107,0 -63.24331,9.8601,0 -63.24101,9.86002,0 -63.23964,9.85983,0 -63.23792,9.86052,0 -63.23585,9.86037,0 -63.23359,9.86073,0 -63.23211,9.86091,0 -63.22982,9.86051,0 -63.22815,9.86039,0 -63.22624,9.86084,0 -63.22479,9.86209,0 -63.22386,9.86283,0 -63.22277,9.86359,0 -63.22177,9.86417,0 -63.22108,9.86518,0 -63.22045,9.86598,0 -63.21953,9.86687,0 -63.21894,9.8679,0 -63.21833,9.86854,0 -63.21774,9.8691,0 -63.21715,9.87036,0 -63.21633,9.87157,0 -63.21592,9.87257,0 -63.21578,9.87398,0 -63.21534,9.87546,0 -63.21462,9.87713,0 -63.21421,9.87811,0 -63.21351,9.87875,0 -63.21288,9.8792,0 -63.21136,9.87963,0 -63.20993,9.88063,0 -63.20883,9.88177,0 -63.20802,9.88284,0 -63.20733,9.88383,0 -63.20665,9.88486,0 -63.20651,9.8864,0 -63.20576,9.88763,0 -63.20574,9.88874,0 -63.20657,9.88979,0 -63.20733,9.89062,0 -63.20816,9.892,0 -63.20827,9.89328,0 -63.20742,9.89354,0 -63.2072,9.89464,0 -63.20696,9.89594,0 -63.20635,9.89657,0 -63.20515,9.89841,0 -63.20694,9.89814,0 -63.20797,9.89775,0 -63.20898,9.89763,0 -63.21047,9.89766,0 -63.21124,9.89844,0 -63.21284,9.89867,0 -63.21415,9.89896,0 -63.215,9.89949,0 -63.21557,9.90053,0 -63.21604,9.90155,0 -63.21637,9.90243,0 -63.21587,9.9027,0 -63.21559,9.90351,0 -63.21595,9.90456,0 -63.21624,9.9057,0 -63.21664,9.90605,0 -63.21734,9.9062,0 -63.21851,9.9072,0 -63.21929,9.9077,0 -63.22033,9.9082,0 -63.22116,9.90885,0 -63.222,9.90903,0 -63.22271,9.9089,0 -63.22447,9.90717,0 -63.22529,9.90674,0 -63.22667,9.90704,0 -63.22738,9.90898,0 -63.22824,9.91049,0 -63.22878,9.91084,0 -63.22956,9.91135,0 -63.23043,9.91163,0 -63.23152,9.91167,0 -63.23207,9.91151,0 -63.23307,9.91142,0 -63.23396,9.91174,0 -63.23509,9.91145,0 -63.23627,9.91138,0 -63.2376,9.91152,0 -63.2377,9.91184,0 -63.237,9.91193,0 -63.23669,9.91226,0 -63.23705,9.91257,0 -63.23792,9.9131,0 -63.23829,9.91392,0 -63.23873,9.91455,0 -63.23951,9.91436,0 -63.23993,9.91571,0 -63.24026,9.91669,0 -63.24038,9.91762,0 -63.24084,9.91821,0 -63.24178,9.91929,0 -63.24257,9.91931,0 -63.24328,9.91922,0 -63.2441,9.91941,0 -63.24504,9.92064,0 -63.2457,9.92097,0 -63.24678,9.92191,0 -63.24764,9.92275,0 -63.2484,9.92345,0 -63.24897,9.92373,0 -63.25058,9.92492,0 -63.25168,9.92531,0 -63.25241,9.9263,0 -63.25266,9.92696,0 -63.25334,9.92719,0 -63.25456,9.92691,0 -63.2553,9.9261,0 -63.25611,9.92503,0 -63.25754,9.92425,0 -63.25853,9.924,0 -63.2596,9.92411,0 -63.26069,9.92412,0 -63.26195,9.9242,0 -63.26309,9.92422,0 -63.2645,9.92427,0 -63.26575,9.92614,0 -63.26601,9.92735,0 -63.26648,9.92883,0 -63.26703,9.93038,0 -63.26784,9.93075,0 -63.26898,9.93094,0 -63.2701,9.93133,0 -63.27068,9.93191,0 -63.27074,9.93255,0 -63.27125,9.93313,0 -63.27213,9.93396,0 -63.27312,9.93434,0 -63.27396,9.93457,0 -63.27455,9.93477,0 -63.2748,9.93529,0 -63.27501,9.93551,0 -63.2758,9.93558,0 -63.27656,9.93524,0 -63.27732,9.93451,0 -63.27792,9.93366,0 -63.27841,9.93358,0 -63.27896,9.934,0 -63.27835,9.93473,0 -63.27805,9.93563,0 -63.27896,9.93566,0 -63.28116,9.93569,0 -63.28258,9.93569,0 -63.2837,9.93651,0 -63.28429,9.9368,0 -63.28541,9.93706,0 -63.28566,9.93687,0 -63.28682,9.937,0 -63.28739,9.93745,0 -63.28811,9.93809,0 -63.28858,9.93826,0 -63.28924,9.93721,0 -63.28999,9.93733,0 -63.29004,9.93825,0 -63.29102,9.93836,0 -63.29173,9.9374,0 -63.29239,9.93701,0 -63.29265,9.93723,0 -63.29287,9.93766,0 -63.29402,9.93729,0 -63.29455,9.93789,0 -63.29517,9.93836,0
          </coordinates></LinearRing></outerBoundaryIs>
        </Polygon>
      </Placemark>
      <Placemark>
        <name>Taguaya (Piar)</name>
        <description>Parroquia Taguaya, Municipio Piar. PCODE: VE160907</description>
        <styleUrl>#style-parroquia-taguaya</styleUrl>
        <Polygon>
          <outerBoundaryIs><LinearRing><coordinates>
            -63.56117,9.95696,0 -63.47233,9.91042,0 -63.4707,9.90891,0 -63.47037,9.90731,0 -63.46951,9.9057,0 -63.4685,9.9044,0 -63.4677,9.9043,0 -63.46633,9.904,0 -63.46493,9.90383,0 -63.46357,9.90408,0 -63.46262,9.90339,0 -63.46146,9.90204,0 -63.46007,9.90059,0 -63.45935,9.89919,0 -63.45828,9.89885,0 -63.45726,9.89888,0 -63.45647,9.8989,0 -63.45531,9.89811,0 -63.45499,9.89749,0 -63.4542,9.89683,0 -63.45361,9.89643,0 -63.45244,9.8963,0 -63.45071,9.89633,0 -63.44889,9.8961,0 -63.44738,9.89591,0 -63.44634,9.89555,0 -63.44515,9.8951,0 -63.4448,9.89364,0 -63.44393,9.89268,0 -63.44291,9.89172,0 -63.44199,9.89136,0 -63.44095,9.89086,0 -63.43941,9.88982,0 -63.43786,9.8897,0 -63.43663,9.88978,0 -63.43519,9.88982,0 -63.43391,9.8897,0 -63.43243,9.88965,0 -63.43114,9.88929,0 -63.43036,9.88876,0 -63.42944,9.88766,0 -63.42895,9.88671,0 -63.42873,9.88566,0 -63.42864,9.88521,0 -63.42766,9.88402,0 -63.42754,9.88476,0 -63.4269,9.88571,0 -63.42649,9.88593,0 -63.42468,9.88617,0 -63.42357,9.88611,0 -63.42332,9.88563,0 -63.42262,9.88553,0 -63.4216,9.88607,0 -63.42115,9.8867,0 -63.42128,9.88782,0 -63.42153,9.88928,0 -63.4217,9.89013,0 -63.422,9.8917,0 -63.42201,9.89327,0 -63.42214,9.89455,0 -63.42309,9.89516,0 -63.4233,9.89621,0 -63.42272,9.89694,0 -63.4209,9.89807,0 -63.42105,9.89899,0 -63.42051,9.90029,0 -63.41908,9.90065,0 -63.41865,9.90112,0 -63.41921,9.9026,0 -63.42059,9.90382,0 -63.42092,9.90469,0 -63.42157,9.90547,0 -63.42284,9.90578,0 -63.42384,9.90536,0 -63.42352,9.90461,0 -63.42247,9.90444,0 -63.42156,9.90441,0 -63.42198,9.90353,0 -63.42304,9.90339,0 -63.42397,9.90352,0 -63.42476,9.90419,0 -63.42558,9.90453,0 -63.42647,9.90552,0 -63.42622,9.90647,0 -63.42595,9.90742,0 -63.42556,9.90906,0 -63.42526,9.91076,0 -63.42463,9.91138,0 -63.42447,9.91214,0 -63.42457,9.91315,0 -63.42531,9.91462,0 -63.42608,9.9154,0 -63.42727,9.91695,0 -63.42878,9.91716,0 -63.42991,9.91688,0 -63.43064,9.91711,0 -63.43116,9.91698,0 -63.431,9.91772,0 -63.43064,9.91817,0 -63.43017,9.91871,0 -63.43019,9.91919,0 -63.43006,9.91959,0 -63.43061,9.92001,0 -63.43128,9.91999,0 -63.43167,9.92051,0 -63.43169,9.92106,0 -63.43079,9.92138,0 -63.43051,9.92139,0 -63.43049,9.92215,0 -63.42953,9.92265,0 -63.42855,9.92321,0 -63.42759,9.92367,0 -63.42692,9.92459,0 -63.42604,9.92592,0 -63.42512,9.92705,0 -63.42449,9.92771,0 -63.42465,9.92894,0 -63.42475,9.92988,0 -63.42421,9.93072,0 -63.42432,9.93203,0 -63.42397,9.93259,0 -63.4237,9.93294,0 -63.42404,9.93403,0 -63.42278,9.93517,0 -63.42238,9.93585,0 -63.42223,9.93693,0 -63.42201,9.93815,0 -63.42108,9.93875,0 -63.41945,9.93871,0 -63.41852,9.93873,0 -63.41689,9.93915,0 -63.41644,9.93976,0 -63.41582,9.94051,0 -63.41541,9.94144,0 -63.41491,9.94264,0 -63.41476,9.94391,0 -63.41466,9.94506,0 -63.41481,9.946,0 -63.41522,9.94723,0 -63.41525,9.94821,0 -63.41559,9.94892,0 -63.41557,9.9497,0 -63.41552,9.95025,0 -63.41543,9.95124,0 -63.41539,9.95209,0 -63.41585,9.95334,0 -63.41613,9.95434,0 -63.41643,9.95557,0 -63.41682,9.95692,0 -63.41826,9.96292,0 -63.41871,9.96352,0 -63.41927,9.96429,0 -63.4196,9.96504,0 -63.42019,9.96633,0 -63.42024,9.9672,0 -63.42028,9.96819,0 -63.41986,9.96907,0 -63.41981,9.97054,0 -63.42085,9.97242,0 -63.42117,9.9739,0 -63.42009,9.97563,0 -63.41912,9.97667,0 -63.41757,9.97759,0 -63.41621,9.97856,0 -63.4152,9.97944,0 -63.41479,9.98062,0 -63.41426,9.9816,0 -63.41423,9.98282,0 -63.41429,9.98316,0 -63.41499,9.98388,0 -63.41565,9.98432,0 -63.41625,9.9844,0 -63.41688,9.98429,0 -63.41737,9.98361,0 -63.41774,9.98298,0 -63.41893,9.98253,0 -63.41967,9.98141,0 -63.42122,9.98132,0 -63.42328,9.98133,0 -63.42434,9.98165,0 -63.42522,9.98252,0 -63.42592,9.98339,0 -63.42755,9.9836,0 -63.42837,9.98434,0 -63.42879,9.98536,0 -63.42937,9.98612,0 -63.42977,9.98613,0 -63.43,9.98606,0 -63.43043,9.98586,0 -63.43078,9.98574,0 -63.43122,9.98513,0 -63.43348,9.98452,0 -63.43465,9.98432,0 -63.43586,9.98489,0 -63.43671,9.98394,0 -63.43691,9.98304,0 -63.43699,9.98182,0 -63.43703,9.981,0 -63.43719,9.98021,0 -63.43822,9.98025,0 -63.43918,9.98059,0 -63.43992,9.98115,0 -63.44067,9.98067,0 -63.4407,9.97956,0 -63.44114,9.97877,0 -63.44223,9.9772,0 -63.44387,9.97635,0 -63.47825,9.9506,0 -63.47904,9.95005,0 -63.48049,9.9495,0 -63.48145,9.94982,0 -63.48262,9.95018,0 -63.48339,9.95101,0 -63.48409,9.95044,0 -63.48436,9.94949,0 -63.48426,9.94855,0 -63.4843,9.9477,0 -63.4845,9.94721,0 -63.48466,9.94631,0 -63.48463,9.9456,0 -63.48509,9.9454,0 -63.48579,9.94543,0 -63.48663,9.94563,0 -63.48715,9.94659,0 -63.48723,9.94762,0 -63.48784,9.94886,0 -63.48897,9.94993,0 -63.48934,9.95052,0 -63.48973,9.95138,0 -63.48989,9.952,0 -63.49013,9.95222,0 -63.49079,9.95176,0 -63.49108,9.95148,0 -63.49185,9.9516,0 -63.49231,9.95232,0 -63.49288,9.95338,0 -63.4934,9.95367,0 -63.49395,9.95487,0 -63.49401,9.95599,0 -63.49509,9.9564,0 -63.49574,9.95638,0 -63.49746,9.9558,0 -63.49823,9.95532,0 -63.49866,9.95653,0 -63.49889,9.95776,0 -63.49823,9.95824,0 -63.49745,9.95837,0 -63.49688,9.9588,0 -63.49645,9.95831,0 -63.49621,9.95829,0 -63.49571,9.95833,0 -63.49527,9.95933,0 -63.49572,9.96099,0 -63.4958,9.96143,0 -63.49652,9.96223,0 -63.49744,9.96269,0 -63.49768,9.96372,0 -63.49791,9.96429,0 -63.49849,9.96415,0 -63.499,9.96364,0 -63.49945,9.96309,0 -63.49961,9.96307,0 -63.50011,9.96342,0 -63.50027,9.96413,0 -63.50043,9.96481,0 -63.5007,9.96524,0 -63.50094,9.96601,0 -63.50096,9.96677,0 -63.50097,9.96712,0 -63.50099,9.96787,0 -63.50151,9.96869,0 -63.50266,9.96896,0 -63.50337,9.96913,0 -63.50385,9.96925,0 -63.50409,9.9696,0 -63.50492,9.96984,0 -63.50676,9.9703,0 -63.507,9.97083,0 -63.50712,9.97107,0 -63.50772,9.97237,0 -63.50796,9.9726,0 -63.50814,9.97266,0 -63.50825,9.97278,0 -63.50921,9.97283,0 -63.50921,9.97336,0 -63.51052,9.97578,0 -63.51177,9.97678,0 -63.51177,9.97707,0 -63.51225,9.9779,0 -63.51236,9.9779,0 -63.5126,9.97802,0 -63.5126,9.97884,0 -63.51296,9.97884,0 -63.5132,9.97902,0 -63.51361,9.97919,0 -63.51391,9.97937,0 -63.51445,9.97966,0 -63.51683,9.97995,0 -63.51683,9.9806,0 -63.51657,9.98152,0 -63.51718,9.98179,0 -63.51783,9.98299,0 -63.5188,9.98442,0 -63.51942,9.98603,0 -63.51997,9.98716,0 -63.52237,9.98838,0 -63.52458,9.98869,0 -63.52617,9.98702,0 -63.5294,9.98644,0 -63.53095,9.98516,0 -63.53277,9.98422,0 -63.53493,9.98371,0 -63.53536,9.98263,0 -63.53943,9.98225,0 -63.5413,9.98264,0 -63.54249,9.98326,0 -63.54426,9.98237,0 -63.54547,9.98345,0 -63.54749,9.98407,0 -63.54892,9.98495,0 -63.5507,9.98369,0 -63.55157,9.98263,0 -63.5533,9.9818,0 -63.55484,9.9808,0 -63.55688,9.97946,0 -63.5591,9.97752,0 -63.56189,9.97691,0 -63.56422,9.97673,0 -63.56649,9.97695,0 -63.56805,9.97774,0 -63.56945,9.9784,0 -63.57143,9.97754,0 -63.57216,9.97742,0 -63.57298,9.97737,0 -63.57378,9.97734,0 -63.57444,9.97707,0 -63.57547,9.97675,0 -63.57355,9.97399,0 -63.57235,9.97133,0 -63.57077,9.96787,0 -63.56872,9.96579,0 -63.5671,9.96314,0 -63.56555,9.9603,0 -63.56371,9.95837,0 -63.56149,9.95792,0 -63.56117,9.95696,0
          </coordinates></LinearRing></outerBoundaryIs>
        </Polygon>
      </Placemark>
      <Placemark>
        <name>Capital Punceres (Punceres)</name>
        <description>Parroquia Capital Punceres, Municipio Punceres. PCODE: VE161001</description>
        <styleUrl>#style-parroquia-capital-punceres</styleUrl>
        <Polygon>
          <outerBoundaryIs><LinearRing><coordinates>
            -63.29517,9.93836,0 -63.29455,9.93789,0 -63.29402,9.93729,0 -63.29287,9.93766,0 -63.29265,9.93723,0 -63.29239,9.93701,0 -63.29173,9.9374,0 -63.29102,9.93836,0 -63.29004,9.93825,0 -63.28999,9.93733,0 -63.28924,9.93721,0 -63.28858,9.93826,0 -63.28811,9.93809,0 -63.28739,9.93745,0 -63.28682,9.937,0 -63.28566,9.93687,0 -63.28541,9.93706,0 -63.28429,9.9368,0 -63.2837,9.93651,0 -63.28258,9.93569,0 -63.28116,9.93569,0 -63.27896,9.93566,0 -63.27805,9.93563,0 -63.27835,9.93473,0 -63.27896,9.934,0 -63.27841,9.93358,0 -63.27792,9.93366,0 -63.27732,9.93451,0 -63.27656,9.93524,0 -63.2758,9.93558,0 -63.27501,9.93551,0 -63.2748,9.93529,0 -63.27455,9.93477,0 -63.27396,9.93457,0 -63.27312,9.93434,0 -63.27213,9.93396,0 -63.27125,9.93313,0 -63.27074,9.93255,0 -63.27068,9.93191,0 -63.2701,9.93133,0 -63.26898,9.93094,0 -63.26784,9.93075,0 -63.26703,9.93038,0 -63.26648,9.92883,0 -63.26601,9.92735,0 -63.26575,9.92614,0 -63.2645,9.92427,0 -63.26309,9.92422,0 -63.26195,9.9242,0 -63.26069,9.92412,0 -63.2596,9.92411,0 -63.25853,9.924,0 -63.25754,9.92425,0 -63.25611,9.92503,0 -63.2553,9.9261,0 -63.25456,9.92691,0 -63.25334,9.92719,0 -63.25266,9.92696,0 -63.25241,9.9263,0 -63.25168,9.92531,0 -63.25058,9.92492,0 -63.24897,9.92373,0 -63.2484,9.92345,0 -63.24764,9.92275,0 -63.24678,9.92191,0 -63.2457,9.92097,0 -63.24504,9.92064,0 -63.2441,9.91941,0 -63.24328,9.91922,0 -63.24257,9.91931,0 -63.24178,9.91929,0 -63.24084,9.91821,0 -63.24038,9.91762,0 -63.24026,9.91669,0 -63.23993,9.91571,0 -63.23951,9.91436,0 -63.23873,9.91455,0 -63.23829,9.91392,0 -63.23792,9.9131,0 -63.23705,9.91257,0 -63.23669,9.91226,0 -63.237,9.91193,0 -63.2377,9.91184,0 -63.2376,9.91152,0 -63.23627,9.91138,0 -63.23509,9.91145,0 -63.23396,9.91174,0 -63.23307,9.91142,0 -63.23207,9.91151,0 -63.23152,9.91167,0 -63.23043,9.91163,0 -63.22956,9.91135,0 -63.22878,9.91084,0 -63.22824,9.91049,0 -63.22738,9.90898,0 -63.22667,9.90704,0 -63.22529,9.90674,0 -63.22447,9.90717,0 -63.22271,9.9089,0 -63.222,9.90903,0 -63.22116,9.90885,0 -63.22033,9.9082,0 -63.21929,9.9077,0 -63.21851,9.9072,0 -63.21734,9.9062,0 -63.21664,9.90605,0 -63.21624,9.9057,0 -63.21595,9.90456,0 -63.21559,9.90351,0 -63.21587,9.9027,0 -63.21637,9.90243,0 -63.21604,9.90155,0 -63.21557,9.90053,0 -63.215,9.89949,0 -63.21415,9.89896,0 -63.21284,9.89867,0 -63.21124,9.89844,0 -63.21047,9.89766,0 -63.20898,9.89763,0 -63.20797,9.89775,0 -63.20694,9.89814,0 -63.20433,9.89853,0 -63.20355,9.89888,0 -63.20148,9.89971,0 -63.19912,9.89978,0 -63.19774,9.89876,0 -63.19647,9.89882,0 -63.1955,9.899,0 -63.19413,9.89968,0 -63.19232,9.89957,0 -63.19063,9.89913,0 -63.18978,9.89858,0 -63.18871,9.8985,0 -63.18771,9.8985,0 -63.18634,9.89833,0 -63.18529,9.89804,0 -63.18453,9.89696,0 -63.18382,9.89631,0 -63.18236,9.89635,0 -63.18082,9.89678,0 -63.1795,9.89767,0 -63.17761,9.89733,0 -63.17695,9.89695,0 -63.17612,9.89626,0 -63.17524,9.8956,0 -63.17422,9.8956,0 -63.17347,9.89562,0 -63.1723,9.89582,0 -63.17135,9.89609,0 -63.17042,9.89518,0 -63.16909,9.89579,0 -63.16846,9.89539,0 -63.16751,9.89556,0 -63.1665,9.89577,0 -63.1668,9.89739,0 -63.16674,9.89863,0 -63.16711,9.89979,0 -63.1674,9.90109,0 -63.1679,9.90229,0 -63.16808,9.90367,0 -63.16828,9.90476,0 -63.16836,9.90614,0 -63.16854,9.90719,0 -63.16856,9.90797,0 -63.16934,9.9094,0 -63.16981,9.91016,0 -63.17051,9.91102,0 -63.17135,9.91196,0 -63.17193,9.91266,0 -63.17251,9.91294,0 -63.17392,9.91329,0 -63.17491,9.91379,0 -63.17566,9.91414,0 -63.17637,9.9146,0 -63.17685,9.91505,0 -63.17761,9.91579,0 -63.17844,9.91714,0 -63.17895,9.91786,0 -63.17899,9.91903,0 -63.17933,9.92029,0 -63.17942,9.92182,0 -63.17994,9.92351,0 -63.18034,9.92453,0 -63.18161,9.92528,0 -63.18329,9.92629,0 -63.18371,9.9271,0 -63.18314,9.92813,0 -63.18246,9.92941,0 -63.18178,9.93143,0 -63.18265,9.932,0 -63.18461,9.93312,0 -63.18529,9.93406,0 -63.18595,9.93503,0 -63.18635,9.93619,0 -63.18717,9.93849,0 -63.18779,9.94068,0 -63.18846,9.94231,0 -63.18811,9.94356,0 -63.18803,9.94487,0 -63.18899,9.94583,0 -63.18986,9.94632,0 -63.19038,9.94816,0 -63.19029,9.95037,0 -63.19071,9.95206,0 -63.19125,9.95291,0 -63.19228,9.95401,0 -63.19328,9.95554,0 -63.19361,9.95726,0 -63.19424,9.95839,0 -63.19445,9.95992,0 -63.19451,9.96098,0 -63.19456,9.96277,0 -63.19456,9.96405,0 -63.19488,9.96551,0 -63.19509,9.96702,0 -63.19516,9.96851,0 -63.19435,9.96961,0 -63.19409,9.97072,0 -63.13933,9.98014,0 -63.13926,9.98003,0 -63.13782,9.97931,0 -63.13505,9.97897,0 -63.13416,9.97865,0 -63.13299,9.97765,0 -63.13152,9.97741,0 -63.12951,9.97701,0 -63.12864,9.97726,0 -63.12744,9.97764,0 -63.12617,9.97767,0 -63.1242,9.97793,0 -63.12229,9.97828,0 -63.12117,9.97826,0 -63.11911,9.97823,0 -63.11833,9.97864,0 -63.11759,9.97955,0 -63.11641,9.98053,0 -63.11481,9.9805,0 -63.11356,9.9804,0 -63.11202,9.98023,0 -63.11051,9.98006,0 -63.10903,9.97948,0 -63.10939,9.9784,0 -63.10946,9.97768,0 -63.10971,9.97662,0 -63.10981,9.97554,0 -63.11032,9.97529,0 -63.10974,9.97395,0 -63.10921,9.97326,0 -63.10831,9.97342,0 -63.10721,9.97393,0 -63.10678,9.9733,0 -63.10639,9.97296,0 -63.10592,9.97261,0 -63.10512,9.97233,0 -63.10404,9.9725,0 -63.10227,9.97317,0 -63.10117,9.97421,0 -63.09998,9.97571,0 -63.09852,9.97646,0 -63.09734,9.97665,0 -63.09501,9.97782,0 -63.0935,9.97861,0 -63.09231,9.97988,0 -63.09086,9.98105,0 -63.08983,9.9816,0 -63.08728,9.98395,0 -63.08639,9.98466,0 -63.08633,9.9856,0 -63.08625,9.98666,0 -63.08609,9.98765,0 -63.08523,9.98827,0 -63.08393,9.98897,0 -63.08285,9.98955,0 -63.08303,9.99079,0 -63.08297,9.99191,0 -63.08298,9.99377,0 -63.08214,9.99451,0 -63.08127,9.99494,0 -63.08093,9.99582,0 -63.08023,9.99718,0 -63.07965,9.99788,0 -63.07819,9.99859,0 -63.07807,9.99957,0 -63.07742,10.00085,0 -63.07663,10.00258,0 -63.07542,10.00353,0 -63.07432,10.00442,0 -63.07249,10.00628,0 -63.07214,10.00737,0 -63.07133,10.00871,0 -63.06991,10.0099,0 -63.06916,10.01112,0 -63.06828,10.01143,0 -63.06694,10.01281,0 -63.06624,10.01405,0 -63.06455,10.01591,0 -63.06335,10.01623,0 -63.06164,10.01648,0 -63.06028,10.01744,0 -63.05934,10.01945,0 -63.05981,10.02114,0 -63.06046,10.02267,0 -63.06183,10.02414,0 -63.06148,10.02552,0 -63.06007,10.02697,0 -63.05995,10.02844,0 -63.06134,10.02846,0 -63.06287,10.02844,0 -63.06553,10.02905,0 -63.06743,10.02921,0 -63.07014,10.02855,0 -63.07211,10.02868,0 -63.07254,10.0309,0 -63.07204,10.03295,0 -63.07121,10.03494,0 -63.07062,10.03724,0 -63.07044,10.03744,0 -63.07093,10.03762,0 -63.07064,10.03836,0 -63.07022,10.03919,0 -63.07013,10.03972,0 -63.07159,10.03957,0 -63.07316,10.03899,0 -63.07329,10.03826,0 -63.07384,10.03797,0 -63.07507,10.03805,0 -63.07573,10.03896,0 -63.07699,10.03887,0 -63.07761,10.03866,0 -63.07802,10.03943,0 -63.07798,10.04005,0 -63.07875,10.04032,0 -63.07914,10.03983,0 -63.07983,10.03984,0 -63.08056,10.04011,0 -63.08125,10.0401,0 -63.0818,10.03933,0 -63.08235,10.03933,0 -63.083,10.03932,0 -63.08462,10.03865,0 -63.0858,10.03861,0 -63.08668,10.0386,0 -63.0874,10.03742,0 -63.08781,10.03794,0 -63.08821,10.03718,0 -63.08903,10.03742,0 -63.09024,10.03775,0 -63.09099,10.03792,0 -63.09161,10.03759,0 -63.09192,10.03846,0 -63.0922,10.03958,0 -63.09334,10.04007,0 -63.09471,10.03984,0 -63.09611,10.03921,0 -63.09737,10.03928,0 -63.09768,10.03859,0 -63.09835,10.03867,0 -63.09925,10.03811,0 -63.09857,10.038,0 -63.09882,10.0374,0 -63.09872,10.03665,0 -63.09795,10.03652,0 -63.09768,10.03593,0 -63.09858,10.03534,0 -63.0986,10.03522,0 -63.09822,10.03493,0 -63.0977,10.03437,0 -63.09877,10.03417,0 -63.09953,10.03377,0 -63.10034,10.03394,0 -63.10063,10.0329,0 -63.10029,10.03215,0 -63.1006,10.03107,0 -63.10158,10.03167,0 -63.10311,10.03025,0 -63.10444,10.02918,0 -63.10555,10.02864,0 -63.10678,10.02892,0 -63.10658,10.02768,0 -63.10665,10.02683,0 -63.10696,10.02568,0 -63.10735,10.02384,0 -63.10819,10.02277,0 -63.10925,10.02259,0 -63.11034,10.02217,0 -63.11133,10.02188,0 -63.11072,10.02267,0 -63.11191,10.02309,0 -63.11288,10.02284,0 -63.11409,10.02179,0 -63.11527,10.02141,0 -63.11623,10.02062,0 -63.1169,10.01916,0 -63.11833,10.01839,0 -63.11859,10.01912,0 -63.1198,10.0177,0 -63.12113,10.01669,0 -63.12189,10.01627,0 -63.12264,10.01679,0 -63.12354,10.01774,0 -63.12446,10.01864,0 -63.12519,10.01783,0 -63.12639,10.01754,0 -63.12719,10.01666,0 -63.12691,10.01547,0 -63.12664,10.01432,0 -63.12738,10.01434,0 -63.12785,10.01458,0 -63.12803,10.01417,0 -63.1289,10.01383,0 -63.12921,10.01293,0 -63.12971,10.01203,0 -63.12905,10.01112,0 -63.12964,10.01024,0 -63.13017,10.01019,0 -63.13042,10.01016,0 -63.13189,10.00927,0 -63.13284,10.00885,0 -63.13365,10.00909,0 -63.13433,10.0094,0 -63.13474,10.00999,0 -63.1354,10.01065,0 -63.13569,10.01177,0 -63.13615,10.01272,0 -63.13717,10.01393,0 -63.13919,10.01403,0 -63.14131,10.01325,0 -63.14313,10.01237,0 -63.14492,10.01405,0 -63.14611,10.01623,0 -63.14649,10.01783,0 -63.14525,10.01891,0 -63.14473,10.01988,0 -63.14524,10.02081,0 -63.14532,10.02184,0 -63.14684,10.0223,0 -63.14763,10.02227,0 -63.14845,10.02152,0 -63.1485,10.02022,0 -63.14887,10.01909,0 -63.14967,10.01946,0 -63.15151,10.0216,0 -63.15274,10.02156,0 -63.15325,10.0226,0 -63.15331,10.0237,0 -63.1534,10.02458,0 -63.15329,10.02552,0 -63.1536,10.02705,0 -63.15409,10.0273,0 -63.15399,10.02863,0 -63.15381,10.03001,0 -63.1538,10.03083,0 -63.15461,10.0325,0 -63.15484,10.03373,0 -63.15508,10.03536,0 -63.15541,10.03703,0 -63.15642,10.03906,0 -63.15651,10.04041,0 -63.15645,10.04144,0 -63.1558,10.04251,0 -63.15673,10.04428,0 -63.15735,10.04515,0 -63.15783,10.0475,0 -63.15888,10.04928,0 -63.15955,10.05044,0 -63.16017,10.05149,0 -63.16084,10.05267,0 -63.16222,10.05345,0 -63.16281,10.05547,0 -63.16396,10.05641,0 -63.16525,10.05713,0 -63.16504,10.05851,0 -63.1654,10.06043,0 -63.16597,10.06159,0 -63.16693,10.06346,0 -63.16841,10.06429,0 -63.16925,10.06465,0 -63.16927,10.06614,0 -63.16973,10.06741,0 -63.17074,10.06765,0 -63.17174,10.06803,0 -63.17275,10.06847,0 -63.17393,10.06885,0 -63.17467,10.06957,0 -63.17534,10.0711,0 -63.17649,10.07214,0 -63.17727,10.07282,0 -63.17837,10.07347,0 -63.17936,10.07435,0 -63.18044,10.07649,0 -63.18142,10.07792,0 -63.18177,10.07961,0 -63.18258,10.08082,0 -63.18316,10.08235,0 -63.18384,10.08404,0 -63.18507,10.08556,0 -63.18557,10.08658,0 -63.18656,10.08838,0 -63.18815,10.08939,0 -63.19015,10.08971,0 -63.19219,10.08963,0 -63.19375,10.09248,0 -63.19581,10.09401,0 -63.1976,10.09538,0 -63.19959,10.09639,0 -63.20121,10.09742,0 -63.20299,10.09836,0 -63.20431,10.09967,0 -63.20556,10.10124,0 -63.20731,10.10309,0 -63.20849,10.10384,0 -63.21036,10.10491,0 -63.212,10.10615,0 -63.21355,10.10727,0 -63.21444,10.10882,0 -63.21539,10.11012,0 -63.21583,10.11151,0 -63.21729,10.11397,0 -63.21869,10.1159,0 -63.21963,10.11811,0 -63.22111,10.11942,0 -63.22273,10.12048,0 -63.22365,10.12117,0 -63.22673,10.12246,0 -63.24363,10.09967,0 -63.3043,10.06763,0 -63.32356,10.07237,0 -63.33423,10.04347,0 -63.3266,10.03842,0 -63.32316,10.0381,0 -63.3207,10.03656,0 -63.3188,10.03524,0 -63.31353,10.03375,0 -63.30816,10.0323,0 -63.30384,10.03052,0 -63.30007,10.02866,0 -63.29742,10.02657,0 -63.29543,10.0231,0 -63.29161,10.01761,0 -63.28937,10.01499,0 -63.2775,9.99721,0 -63.27754,9.99721,0 -63.29426,9.93912,0 -63.29517,9.93836,0
          </coordinates></LinearRing></outerBoundaryIs>
        </Polygon>
      </Placemark>
      <Placemark>
        <name>Cachipo (Punceres)</name>
        <description>Parroquia Cachipo, Municipio Punceres. PCODE: VE161002</description>
        <styleUrl>#style-parroquia-cachipo</styleUrl>
        <Polygon>
          <outerBoundaryIs><LinearRing><coordinates>
            -62.93577,10.07507,0 -62.93781,10.07811,0 -62.93859,10.08255,0 -62.94068,10.08903,0 -62.94687,10.09303,0 -62.95113,10.09464,0 -62.95426,10.09503,0 -62.95797,10.09494,0 -62.96282,10.09414,0 -62.96687,10.09306,0 -62.96935,10.09027,0 -62.97106,10.0883,0 -62.97186,10.0851,0 -62.97166,10.08169,0 -62.97057,10.07679,0 -62.97167,10.07292,0 -62.97386,10.07006,0 -62.97729,10.06898,0 -62.98126,10.06785,0 -62.98134,10.06794,0 -62.98137,10.06781,0 -62.98534,10.06887,0 -62.98871,10.07104,0 -62.99052,10.07526,0 -62.99413,10.08,0 -62.99684,10.08467,0 -62.99904,10.0876,0 -62.99904,10.0876,0 -63.00032,10.08932,0 -63.00098,10.08976,0 -63.00401,10.09179,0 -63.00639,10.09284,0 -63.01006,10.09433,0 -63.01186,10.09522,0 -63.01294,10.09606,0 -63.01663,10.0977,0 -63.01836,10.09807,0 -63.02059,10.09963,0 -63.02092,10.09892,0 -63.02095,10.09884,0 -63.02115,10.09817,0 -63.01975,10.09651,0 -63.02003,10.09504,0 -63.02039,10.09306,0 -63.02282,10.09266,0 -63.02262,10.09124,0 -63.02252,10.08957,0 -63.02296,10.08807,0 -63.024,10.08663,0 -63.0249,10.08609,0 -63.02548,10.0845,0 -63.02572,10.08434,0 -63.02684,10.08361,0 -63.02778,10.08199,0 -63.02959,10.08041,0 -63.03158,10.07983,0 -63.03346,10.07863,0 -63.03426,10.07838,0 -63.03464,10.07825,0 -63.03531,10.07785,0 -63.03686,10.07797,0 -63.03891,10.07796,0 -63.0382,10.07722,0 -63.03922,10.07599,0 -63.04069,10.07645,0 -63.04276,10.07667,0 -63.04321,10.07699,0 -63.04541,10.07533,0 -63.04735,10.07337,0 -63.04832,10.07322,0 -63.04983,10.0716,0 -63.05004,10.07012,0 -63.05013,10.06847,0 -63.04963,10.06823,0 -63.04944,10.06637,0 -63.05026,10.06413,0 -63.05245,10.06422,0 -63.05444,10.06401,0 -63.05579,10.063,0 -63.05656,10.0618,0 -63.05754,10.06061,0 -63.05843,10.0595,0 -63.05868,10.05812,0 -63.05922,10.05653,0 -63.05901,10.05516,0 -63.05951,10.05331,0 -63.06044,10.05211,0 -63.06118,10.05026,0 -63.06135,10.04898,0 -63.06185,10.04738,0 -63.06297,10.04604,0 -63.06355,10.04484,0 -63.06453,10.04331,0 -63.06523,10.04257,0 -63.06603,10.04143,0 -63.06692,10.04078,0 -63.06674,10.03968,0 -63.06771,10.03932,0 -63.06942,10.03854,0 -63.07035,10.0374,0 -63.07044,10.03744,0 -63.07062,10.03724,0 -63.07121,10.03494,0 -63.07204,10.03295,0 -63.07254,10.0309,0 -63.07211,10.02868,0 -63.07014,10.02855,0 -63.06743,10.02921,0 -63.06553,10.02905,0 -63.06287,10.02844,0 -63.06134,10.02846,0 -63.05995,10.02844,0 -63.06007,10.02697,0 -63.06148,10.02552,0 -63.06183,10.02414,0 -63.06046,10.02267,0 -63.05981,10.02114,0 -63.05934,10.01945,0 -63.06028,10.01744,0 -63.06164,10.01648,0 -63.06335,10.01623,0 -63.06455,10.01591,0 -63.06624,10.01405,0 -63.06694,10.01281,0 -63.06828,10.01143,0 -63.06916,10.01112,0 -63.06991,10.0099,0 -63.07133,10.00871,0 -63.07214,10.00737,0 -63.07249,10.00628,0 -63.07432,10.00442,0 -63.07542,10.00353,0 -63.07663,10.00258,0 -63.07742,10.00085,0 -63.07807,9.99957,0 -63.07819,9.99859,0 -63.07965,9.99788,0 -63.08023,9.99718,0 -63.08093,9.99582,0 -63.08127,9.99494,0 -63.08214,9.99451,0 -63.08298,9.99377,0 -63.08297,9.99191,0 -63.08303,9.99079,0 -63.08285,9.98955,0 -63.08393,9.98897,0 -63.08523,9.98827,0 -63.08609,9.98765,0 -63.08625,9.98666,0 -63.08633,9.9856,0 -63.08639,9.98466,0 -63.08728,9.98395,0 -63.08983,9.9816,0 -63.09086,9.98105,0 -63.09231,9.97988,0 -63.0935,9.97861,0 -63.09501,9.97782,0 -63.09734,9.97665,0 -63.09852,9.97646,0 -63.09998,9.97571,0 -63.10117,9.97421,0 -63.10227,9.97317,0 -63.10404,9.9725,0 -63.10512,9.97233,0 -63.10592,9.97261,0 -63.10639,9.97296,0 -63.10678,9.9733,0 -63.10721,9.97393,0 -63.10831,9.97342,0 -63.10921,9.97326,0 -63.10974,9.97395,0 -63.11032,9.97529,0 -63.10981,9.97554,0 -63.10971,9.97662,0 -63.10946,9.97768,0 -63.10939,9.9784,0 -63.10903,9.97948,0 -63.11051,9.98006,0 -63.11202,9.98023,0 -63.11356,9.9804,0 -63.11481,9.9805,0 -63.11641,9.98053,0 -63.11759,9.97955,0 -63.11833,9.97864,0 -63.11911,9.97823,0 -63.12117,9.97826,0 -63.12229,9.97828,0 -63.1242,9.97793,0 -63.12617,9.97767,0 -63.12744,9.97764,0 -63.12864,9.97726,0 -63.12951,9.97701,0 -63.13152,9.97741,0 -63.13299,9.97765,0 -63.13416,9.97865,0 -63.13505,9.97897,0 -63.13782,9.97931,0 -63.13926,9.98003,0 -63.13933,9.98014,0 -63.19409,9.97072,0 -63.19435,9.96961,0 -63.19516,9.96851,0 -63.19509,9.96702,0 -63.19488,9.96551,0 -63.19456,9.96405,0 -63.19456,9.96277,0 -63.19451,9.96098,0 -63.19445,9.95992,0 -63.19424,9.95839,0 -63.19361,9.95726,0 -63.19328,9.95554,0 -63.19228,9.95401,0 -63.19125,9.95291,0 -63.19071,9.95206,0 -63.19029,9.95037,0 -63.19038,9.94816,0 -63.18986,9.94632,0 -63.18899,9.94583,0 -63.18803,9.94487,0 -63.18811,9.94356,0 -63.18846,9.94231,0 -63.18779,9.94068,0 -63.18717,9.93849,0 -63.18635,9.93619,0 -63.18595,9.93503,0 -63.18529,9.93406,0 -63.18461,9.93312,0 -63.18265,9.932,0 -63.18178,9.93143,0 -63.18246,9.92941,0 -63.18314,9.92813,0 -63.18371,9.9271,0 -63.18329,9.92629,0 -63.18161,9.92528,0 -63.18034,9.92453,0 -63.17994,9.92351,0 -63.17942,9.92182,0 -63.17933,9.92029,0 -63.17899,9.91903,0 -63.17895,9.91786,0 -63.17844,9.91714,0 -63.17761,9.91579,0 -63.17685,9.91505,0 -63.17637,9.9146,0 -63.17566,9.91414,0 -63.17491,9.91379,0 -63.17392,9.91329,0 -63.17251,9.91294,0 -63.17193,9.91266,0 -63.17135,9.91196,0 -63.17051,9.91102,0 -63.16981,9.91016,0 -63.16934,9.9094,0 -63.16856,9.90797,0 -63.16854,9.90719,0 -63.16836,9.90614,0 -63.16828,9.90476,0 -63.16808,9.90367,0 -63.1679,9.90229,0 -63.1674,9.90109,0 -63.16711,9.89979,0 -63.16674,9.89863,0 -63.1668,9.89739,0 -63.1665,9.89577,0 -63.16542,9.89655,0 -63.16404,9.89654,0 -63.16312,9.89678,0 -63.16231,9.89691,0 -63.16145,9.89684,0 -63.16059,9.89691,0 -63.16053,9.89719,0 -63.1594,9.89733,0 -63.15787,9.89733,0 -63.15644,9.89705,0 -63.15553,9.89742,0 -63.15566,9.89808,0 -63.15504,9.89823,0 -63.15378,9.89879,0 -63.1526,9.89977,0 -63.1516,9.90037,0 -63.15046,9.90081,0 -63.14933,9.90031,0 -63.14844,9.90013,0 -63.14844,9.89953,0 -63.14808,9.89892,0 -63.14663,9.89869,0 -63.14623,9.89909,0 -63.1464,9.90021,0 -63.1463,9.90076,0 -63.14563,9.90074,0 -63.14545,9.90007,0 -63.1452,9.89971,0 -63.14424,9.90024,0 -63.14351,9.90045,0 -63.14257,9.90075,0 -63.14166,9.90057,0 -63.14157,9.90144,0 -63.14111,9.90161,0 -63.13991,9.90176,0 -63.13966,9.90271,0 -63.13883,9.90303,0 -63.13825,9.90224,0 -63.13859,9.90207,0 -63.13809,9.9008,0 -63.13726,9.90082,0 -63.13545,9.90083,0 -63.13486,9.90146,0 -63.13417,9.90162,0 -63.13303,9.90153,0 -63.13341,9.90258,0 -63.13242,9.90286,0 -63.13263,9.90145,0 -63.13258,9.90058,0 -63.13172,9.90042,0 -63.13104,9.90003,0 -63.13002,9.89952,0 -63.12965,9.89873,0 -63.12904,9.89843,0 -63.12821,9.89783,0 -63.1274,9.89723,0 -63.12697,9.89671,0 -63.12683,9.89663,0 -63.12615,9.89648,0 -63.12589,9.89541,0 -63.12515,9.89479,0 -63.12444,9.89499,0 -63.12455,9.89581,0 -63.12383,9.89654,0 -63.1223,9.89723,0 -63.12239,9.89624,0 -63.12124,9.89526,0 -63.12063,9.89505,0 -63.11995,9.89463,0 -63.11946,9.8945,0 -63.11882,9.89425,0 -63.11806,9.89353,0 -63.11682,9.89317,0 -63.11609,9.89354,0 -63.11528,9.89365,0 -63.11373,9.89401,0 -63.1126,9.89409,0 -63.11156,9.89416,0 -63.11068,9.89414,0 -63.10928,9.8934,0 -63.10863,9.89314,0 -63.10735,9.89299,0 -63.10669,9.89282,0 -63.10638,9.89244,0 -63.10548,9.89194,0 -63.1049,9.89198,0 -63.1041,9.89138,0 -63.1034,9.89071,0 -63.10224,9.89065,0 -63.10175,9.89034,0 -63.1004,9.89019,0 -63.09995,9.89018,0 -63.09957,9.88964,0 -63.09934,9.88919,0 -63.09872,9.88851,0 -63.09857,9.88808,0 -63.09842,9.88763,0 -63.09726,9.88711,0 -63.09583,9.88793,0 -63.09472,9.88805,0 -63.0933,9.88781,0 -63.09234,9.88781,0 -63.09141,9.88827,0 -63.09065,9.88843,0 -63.09054,9.88788,0 -63.09014,9.88709,0 -63.08974,9.88614,0 -63.09011,9.88532,0 -63.0898,9.88437,0 -63.08897,9.88453,0 -63.08798,9.88552,0 -63.08642,9.88462,0 -63.08561,9.88379,0 -63.08459,9.88315,0 -63.08312,9.88269,0 -63.08181,9.88307,0 -63.08119,9.88336,0 -63.08119,9.88338,0 -63.07986,9.88374,0 -63.06894,9.88151,0 -63.05873,9.87832,0 -63.05873,9.87842,0 -63.05832,9.87898,0 -63.05782,9.87998,0 -63.05751,9.88107,0 -63.05749,9.88199,0 -63.0579,9.88246,0 -63.05747,9.88293,0 -63.05751,9.88357,0 -63.05805,9.88372,0 -63.0586,9.88368,0 -63.05829,9.88463,0 -63.05786,9.88588,0 -63.05687,9.88681,0 -63.05564,9.88776,0 -63.05556,9.88879,0 -63.05634,9.8901,0 -63.05614,9.89121,0 -63.05507,9.89122,0 -63.05453,9.89158,0 -63.05378,9.89233,0 -63.05352,9.89362,0 -63.05416,9.89402,0 -63.05469,9.89476,0 -63.05387,9.89511,0 -63.05354,9.89569,0 -63.054,9.89634,0 -62.98792,9.99729,0 -62.96046,10.03812,0 -62.94982,10.05394,0 -62.94305,10.06401,0 -62.93712,10.07282,0 -62.93577,10.07507,0
          </coordinates></LinearRing></outerBoundaryIs>
        </Polygon>
      </Placemark>
      <Placemark>
        <name>Santa Barbará (Santa Barbara)</name>
        <description>Parroquia Santa Barbará, Municipio Santa Barbara. PCODE: VE161101</description>
        <styleUrl>#style-parroquia-santa-barbara</styleUrl>
        <Polygon>
          <outerBoundaryIs><LinearRing><coordinates>
            -63.45211,9.65389,0 -63.45279,9.65345,0 -63.45388,9.65329,0 -63.45454,9.6539,0 -63.45607,9.65398,0 -63.45725,9.65398,0 -63.45766,9.65337,0 -63.4582,9.65281,0 -63.45875,9.65225,0 -63.45913,9.65167,0 -63.46057,9.65126,0 -63.46222,9.65107,0 -63.46394,9.65107,0 -63.4651,9.65095,0 -63.46607,9.65219,0 -63.46688,9.65225,0 -63.46812,9.65263,0 -63.46931,9.6524,0 -63.47126,9.65194,0 -63.47211,9.65148,0 -63.47237,9.65116,0 -63.47244,9.65009,0 -63.47259,9.64938,0 -63.47309,9.6488,0 -63.47443,9.6489,0 -63.47515,9.64884,0 -63.47547,9.64809,0 -63.47539,9.64738,0 -63.47532,9.64649,0 -63.4756,9.64514,0 -63.4769,9.6443,0 -63.47799,9.64327,0 -63.4783,9.64165,0 -63.47963,9.64207,0 -63.47997,9.64151,0 -63.48025,9.64057,0 -63.48072,9.63994,0 -63.4808,9.63857,0 -63.4814,9.63751,0 -63.48299,9.63699,0 -63.48404,9.63768,0 -63.48507,9.63798,0 -63.48674,9.63799,0 -63.48752,9.63838,0 -63.48864,9.63801,0 -63.4894,9.63826,0 -63.49035,9.63805,0 -63.49136,9.63762,0 -63.49203,9.63775,0 -63.49303,9.63848,0 -63.49417,9.63922,0 -63.49488,9.63868,0 -63.49512,9.63814,0 -63.49551,9.63723,0 -63.49598,9.63701,0 -63.49714,9.63692,0 -63.49791,9.63671,0 -63.49916,9.63672,0 -63.50008,9.63694,0 -63.50073,9.63696,0 -63.50148,9.63665,0 -63.50255,9.63704,0 -63.50395,9.63645,0 -63.50505,9.63563,0 -63.50712,9.63625,0 -63.50834,9.63703,0 -63.50904,9.63739,0 -63.51012,9.63684,0 -63.51227,9.63658,0 -63.51338,9.63692,0 -63.51441,9.63613,0 -63.5157,9.63535,0 -63.51647,9.63588,0 -63.51737,9.63552,0 -63.51815,9.63393,0 -63.51913,9.63449,0 -63.51961,9.63537,0 -63.52091,9.63539,0 -63.5218,9.63602,0 -63.52307,9.63604,0 -63.52398,9.6361,0 -63.52501,9.63555,0 -63.52694,9.63476,0 -63.52879,9.63452,0 -63.53004,9.63457,0 -63.53101,9.63331,0 -63.53225,9.63235,0 -63.53313,9.63238,0 -63.53401,9.63253,0 -63.53495,9.63192,0 -63.53627,9.63201,0 -63.5371,9.63307,0 -63.53719,9.63431,0 -63.53903,9.63372,0 -63.54023,9.63357,0 -63.54223,9.63378,0 -63.54268,9.63304,0 -63.54314,9.6317,0 -63.54421,9.63159,0 -63.54549,9.63084,0 -63.5463,9.63094,0 -63.5476,9.63114,0 -63.54843,9.63212,0 -63.54905,9.63341,0 -63.54998,9.63339,0 -63.5505,9.63435,0 -63.55141,9.6361,0 -63.55279,9.63653,0 -63.55328,9.63716,0 -63.55428,9.63738,0 -63.55485,9.63782,0 -63.55556,9.63745,0 -63.55621,9.63739,0 -63.55617,9.63805,0 -63.5561,9.63948,0 -63.55675,9.63967,0 -63.55807,9.63933,0 -63.5587,9.63822,0 -63.55957,9.63772,0 -63.56056,9.63727,0 -63.56198,9.63674,0 -63.56324,9.63559,0 -63.56429,9.635,0 -63.56575,9.63481,0 -63.5681,9.63443,0 -63.56972,9.63543,0 -63.57159,9.63531,0 -63.57309,9.63512,0 -63.57461,9.63463,0 -63.57664,9.63391,0 -63.57748,9.63309,0 -63.57899,9.6322,0 -63.58063,9.63164,0 -63.58244,9.63168,0 -63.5839,9.63204,0 -63.58582,9.63304,0 -63.58774,9.63337,0 -63.58883,9.63328,0 -63.59006,9.63223,0 -63.59179,9.63156,0 -63.59254,9.63115,0 -63.59388,9.63053,0 -63.59534,9.62952,0 -63.59708,9.62967,0 -63.59889,9.62987,0 -63.60044,9.63005,0 -63.60281,9.63028,0 -63.60475,9.63119,0 -63.60569,9.63087,0 -63.6077,9.6304,0 -63.60965,9.62925,0 -63.61111,9.62984,0 -63.61194,9.63074,0 -63.61355,9.63135,0 -63.61441,9.63189,0 -63.61562,9.63354,0 -63.61678,9.6351,0 -63.61829,9.63659,0 -63.61975,9.63796,0 -63.62045,9.63958,0 -63.62185,9.64045,0 -63.62318,9.64067,0 -63.62383,9.64105,0 -63.62787,9.64142,0 -63.62929,9.64217,0 -63.63104,9.64253,0 -63.6328,9.64282,0 -63.6345,9.64354,0 -63.63674,9.64447,0 -63.63825,9.64591,0 -63.6374,9.64506,0 -63.64103,9.49837,0 -63.6397,9.49876,0 -63.63619,9.49815,0 -63.63337,9.49827,0 -63.6316,9.49915,0 -63.63046,9.50011,0 -63.62838,9.50132,0 -63.62492,9.50101,0 -63.6217,9.50057,0 -63.61854,9.49966,0 -63.6155,9.49976,0 -63.61176,9.49987,0 -63.60684,9.50083,0 -63.60456,9.5014,0 -63.60267,9.5015,0 -63.60016,9.50138,0 -63.59684,9.49933,0 -63.59246,9.49767,0 -63.5889,9.49785,0 -63.58407,9.49821,0 -63.58084,9.50024,0 -63.57929,9.5018,0 -63.57636,9.50325,0 -63.5732,9.50381,0 -63.57144,9.50526,0 -63.5699,9.50753,0 -63.56991,9.50951,0 -63.56691,9.51238,0 -63.56688,9.51481,0 -63.56292,9.51628,0 -63.56094,9.51698,0 -63.55851,9.51846,0 -63.55572,9.51993,0 -63.55383,9.52079,0 -63.5504,9.52035,0 -63.54708,9.51974,0 -63.54404,9.52074,0 -63.54239,9.52283,0 -63.54087,9.52324,0 -63.53882,9.52303,0 -63.53667,9.52174,0 -63.53501,9.52027,0 -63.53161,9.51784,0 -63.52949,9.51565,0 -63.52675,9.51373,0 -63.52531,9.51226,0 -63.52331,9.51023,0 -63.5219,9.50886,0 -63.51946,9.50592,0 -63.51572,9.50353,0 -63.51216,9.5013,0 -63.50868,9.50072,0 -63.50665,9.49979,0 -63.50189,9.50034,0 -63.50052,9.50056,0 -63.49921,9.50103,0 -63.49749,9.50136,0 -63.49563,9.50175,0 -63.49359,9.50166,0 -63.48927,9.49914,0 -63.48831,9.49857,0 -63.48634,9.49676,0 -63.48414,9.49547,0 -63.48311,9.49318,0 -63.48004,9.49171,0 -63.4775,9.49134,0 -63.475,9.49105,0 -63.47211,9.49209,0 -63.47079,9.49341,0 -63.46947,9.49436,0 -63.46759,9.49448,0 -63.46583,9.49458,0 -63.46318,9.49484,0 -63.46089,9.49488,0 -63.45773,9.49543,0 -63.45525,9.49642,0 -63.45386,9.49653,0 -63.45224,9.49748,0 -63.4514,9.49902,0 -63.45124,9.50238,0 -63.45169,9.6419,0 -63.45211,9.65389,0
          </coordinates></LinearRing></outerBoundaryIs>
        </Polygon>
      </Placemark>
      <Placemark>
        <name>Capital Sotillo (Sotillo)</name>
        <description>Parroquia Capital Sotillo, Municipio Sotillo. PCODE: VE161201</description>
        <styleUrl>#style-parroquia-capital-sotillo</styleUrl>
        <Polygon>
          <outerBoundaryIs><LinearRing><coordinates>
            -62.11539,8.72405,0 -62.11514,8.72424,0 -62.09337,8.74105,0 -62.07093,8.75684,0 -62.06447,8.77028,0 -62.0597,8.78439,0 -62.06175,8.79884,0 -62.06209,8.81027,0 -62.05868,8.81934,0 -62.041,8.83009,0 -62.02978,8.83984,0 -62.01992,8.84756,0 -62.00699,8.86067,0 -62.00087,8.8694,0 -61.99679,8.87613,0 -61.99679,8.88217,0 -61.99713,8.88654,0 -62.00087,8.89057,0 -62.00903,8.89125,0 -62.02746,8.88368,0 -62.03114,8.88217,0 -62.03896,8.87646,0 -62.0444,8.87713,0 -62.04898,8.87929,0 -62.05084,8.87628,0 -62.05431,8.87292,0 -62.07374,8.87017,0 -62.08544,8.86852,0 -62.27241,8.84209,0 -62.49625,8.76888,0 -62.48492,8.61347,0 -62.48673,8.55224,0 -62.48331,8.54406,0 -62.48163,8.54006,0 -62.47235,8.51786,0 -62.46994,8.51211,0 -62.46641,8.5129,0 -62.46673,8.51359,0 -62.42399,8.53076,0 -62.41308,8.53514,0 -62.39848,8.54101,0 -62.39178,8.5437,0 -62.38391,8.54832,0 -62.3543,8.56571,0 -62.34063,8.56995,0 -62.32229,8.57343,0 -62.30355,8.5769,0 -62.29222,8.58115,0 -62.27387,8.59119,0 -62.25592,8.59775,0 -62.24225,8.60084,0 -62.23017,8.60397,0 -62.22215,8.60605,0 -62.22762,8.611,0 -62.23061,8.61858,0 -62.2289,8.63123,0 -62.22549,8.6405,0 -62.22267,8.6466,0 -62.21868,8.65524,0 -62.21229,8.66704,0 -62.20334,8.68137,0 -62.19141,8.69148,0 -62.18118,8.69865,0 -62.1603,8.70286,0 -62.14242,8.70625,0 -62.12281,8.71845,0 -62.11539,8.72405,0
          </coordinates></LinearRing></outerBoundaryIs>
        </Polygon>
      </Placemark>
      <Placemark>
        <name>Los Barrancos de Fajardo (Sotillo)</name>
        <description>Parroquia Los Barrancos de Fajardo, Municipio Sotillo. PCODE: VE161202</description>
        <styleUrl>#style-parroquia-los-barrancos-de-fajardo</styleUrl>
        <Polygon>
          <outerBoundaryIs><LinearRing><coordinates>
            -62.49625,8.76888,0 -62.5017,8.75665,0 -62.5037,8.75518,0 -62.50575,8.75367,0 -62.507,8.75266,0 -62.50826,8.75108,0 -62.50967,8.74984,0 -62.51057,8.74928,0 -62.51203,8.7488,0 -62.5132,8.74791,0 -62.51482,8.74728,0 -62.51625,8.74656,0 -62.5175,8.74604,0 -62.51892,8.74443,0 -62.52007,8.74308,0 -62.52149,8.74219,0 -62.52269,8.74134,0 -62.5238,8.74023,0 -62.52477,8.7395,0 -62.52627,8.73828,0 -62.52758,8.73739,0 -62.52873,8.73714,0 -62.53054,8.73625,0 -62.53244,8.73584,0 -62.53416,8.73544,0 -62.53585,8.73535,0 -62.53805,8.73489,0 -62.53932,8.73415,0 -62.54088,8.7333,0 -62.54258,8.73179,0 -62.54513,8.73131,0 -62.54675,8.73071,0 -62.54857,8.73002,0 -62.54998,8.7288,0 -62.55186,8.7278,0 -62.55265,8.7277,0 -62.55355,8.72597,0 -62.5549,8.7249,0 -62.55574,8.72283,0 -62.55705,8.72138,0 -62.55788,8.72117,0 -62.55842,8.72021,0 -62.55787,8.7187,0 -62.5575,8.71793,0 -62.55834,8.71653,0 -62.55866,8.71512,0 -62.55951,8.71434,0 -62.56133,8.71411,0 -62.56254,8.71366,0 -62.56464,8.71369,0 -62.56559,8.713,0 -62.56644,8.7118,0 -62.56739,8.7111,0 -62.5689,8.71022,0 -62.5703,8.71001,0 -62.57112,8.70962,0 -62.57159,8.70862,0 -62.5727,8.70858,0 -62.57372,8.70794,0 -62.57646,8.70601,0 -62.5774,8.70561,0 -62.57887,8.70416,0 -62.57949,8.70348,0 -62.58079,8.70185,0 -62.58211,8.70178,0 -62.58324,8.70192,0 -62.58445,8.70151,0 -62.58497,8.70101,0 -62.58572,8.70085,0 -62.5866,8.7008,0 -62.58748,8.70028,0 -62.58824,8.70026,0 -62.58885,8.70037,0 -62.58939,8.69946,0 -62.59045,8.69986,0 -62.59113,8.69834,0 -62.5923,8.69702,0 -62.59362,8.69624,0 -62.595,8.69614,0 -62.59637,8.69642,0 -62.59729,8.69686,0 -62.59916,8.6967,0 -62.60053,8.6962,0 -62.60166,8.69623,0 -62.60335,8.69678,0 -62.60438,8.69654,0 -62.60589,8.6955,0 -62.60672,8.69536,0 -62.60796,8.6941,0 -62.60901,8.69308,0 -62.6109,8.69287,0 -62.61224,8.69282,0 -62.61293,8.69213,0 -62.61369,8.69208,0 -62.61426,8.69197,0 -62.61519,8.69141,0 -62.61614,8.69092,0 -62.6169,8.69085,0 -62.61787,8.69081,0 -62.61875,8.69016,0 -62.61987,8.68857,0 -62.62066,8.68801,0 -62.62085,8.68658,0 -62.62174,8.68628,0 -62.6226,8.68517,0 -62.62373,8.68392,0 -62.62514,8.68322,0 -62.62618,8.68197,0 -62.62743,8.68129,0 -62.62799,8.68092,0 -62.62855,8.67978,0 -62.62988,8.67852,0 -62.63135,8.6776,0 -62.63294,8.67685,0 -62.63457,8.67583,0 -62.63576,8.6749,0 -62.63817,8.67328,0 -62.63964,8.67256,0 -62.64091,8.67173,0 -62.64181,8.67127,0 -62.64295,8.67086,0 -62.644,8.67036,0 -62.64502,8.66994,0 -62.64632,8.66941,0 -62.64831,8.66938,0 -62.64984,8.66954,0 -62.65133,8.66969,0 -62.65296,8.67006,0 -62.65404,8.67101,0 -62.65618,8.67096,0 -62.65861,8.67162,0 -62.65968,8.67179,0 -62.66139,8.67235,0 -62.66259,8.67212,0 -62.66388,8.67258,0 -62.66462,8.67255,0 -62.66557,8.67272,0 -62.66563,8.67311,0 -62.66669,8.67367,0 -62.66744,8.67382,0 -62.66879,8.674,0 -62.66971,8.67447,0 -62.6704,8.67514,0 -62.67107,8.67493,0 -62.67229,8.67482,0 -62.67359,8.67493,0 -62.67384,8.67547,0 -62.6753,8.67562,0 -62.67681,8.67628,0 -62.68243,8.67494,0 -62.72098,8.5,0 -62.7226,8.49265,0 -62.72528,8.48048,0 -62.72568,8.47868,0 -62.7258,8.47864,0 -62.72864,8.47507,0 -62.71483,8.47149,0 -62.72157,8.46054,0 -62.72721,8.45139,0 -62.72124,8.42296,0 -62.7001,8.41115,0 -62.69255,8.39925,0 -62.68595,8.39024,0 -62.67983,8.38245,0 -62.67962,8.38248,0 -62.67929,8.38253,0 -62.67319,8.38628,0 -62.67026,8.38808,0 -62.66827,8.3893,0 -62.66414,8.39184,0 -62.66358,8.39219,0 -62.63089,8.41733,0 -62.62141,8.42968,0 -62.61668,8.43514,0 -62.61161,8.44099,0 -62.61158,8.44103,0 -62.60352,8.45032,0 -62.59812,8.45506,0 -62.59642,8.45655,0 -62.58931,8.46278,0 -62.58925,8.46275,0 -62.58925,8.46276,0 -62.58213,8.46366,0 -62.57492,8.4818,0 -62.56616,8.48318,0 -62.54625,8.48797,0 -62.53118,8.49436,0 -62.5188,8.50341,0 -62.50857,8.51086,0 -62.50454,8.51438,0 -62.49942,8.51884,0 -62.4935,8.52151,0 -62.48758,8.52204,0 -62.48059,8.51938,0 -62.4795,8.51918,0 -62.47241,8.51787,0 -62.47235,8.51786,0 -62.48163,8.54006,0 -62.48331,8.54406,0 -62.48673,8.55224,0 -62.48492,8.61347,0 -62.49625,8.76888,0
          </coordinates></LinearRing></outerBoundaryIs>
        </Polygon>
      </Placemark>
      <Placemark>
        <name>Uracoa (Uracoa)</name>
        <description>Parroquia Uracoa, Municipio Uracoa. PCODE: VE161301</description>
        <styleUrl>#style-parroquia-uracoa</styleUrl>
        <Polygon>
          <outerBoundaryIs><LinearRing><coordinates>
            -62.06633,9.05776,0 -62.0669,9.05796,0 -62.0746,9.06062,0 -62.09085,9.07243,0 -62.09415,9.07378,0 -62.10164,9.07685,0 -62.10601,9.07365,0 -62.11173,9.06765,0 -62.11304,9.06104,0 -62.11345,9.05311,0 -62.11676,9.04831,0 -62.12362,9.04827,0 -62.13349,9.05328,0 -62.14437,9.06206,0 -62.14736,9.06684,0 -62.14724,9.07503,0 -62.14731,9.08158,0 -62.14667,9.09035,0 -62.14763,9.09822,0 -62.14895,9.10252,0 -62.15379,9.10585,0 -62.16008,9.10615,0 -62.16325,9.10323,0 -62.16385,9.09884,0 -62.16283,9.09506,0 -62.164,9.09119,0 -62.16658,9.08807,0 -62.17314,9.08749,0 -62.17771,9.08759,0 -62.183,9.08731,0 -62.18783,9.08518,0 -62.18925,9.08075,0 -62.18898,9.07557,0 -62.19056,9.06895,0 -62.19475,9.06521,0 -62.20073,9.06411,0 -62.2092,9.06345,0 -62.21484,9.06101,0 -62.21936,9.05835,0 -62.22214,9.05904,0 -62.2244,9.06016,0 -62.22462,9.06438,0 -62.22383,9.07042,0 -62.2238,9.07507,0 -62.22188,9.08034,0 -62.22374,9.08435,0 -62.22866,9.08931,0 -62.23437,9.0913,0 -62.24038,9.09833,0 -62.25125,9.10395,0 -62.25853,9.11006,0 -62.26408,9.11761,0 -62.2634,9.12427,0 -62.26307,9.13093,0 -62.27086,9.13516,0 -62.28197,9.13493,0 -62.29246,9.13415,0 -62.30074,9.13514,0 -62.30697,9.13349,0 -62.31501,9.12984,0 -62.32067,9.12794,0 -62.32497,9.1272,0 -62.32551,9.12711,0 -62.32646,9.12695,0 -62.32734,9.12408,0 -62.3283,9.1214,0 -62.32869,9.11973,0 -62.32918,9.11768,0 -62.32821,9.11535,0 -62.32649,9.11399,0 -62.32503,9.11289,0 -62.32452,9.1118,0 -62.32412,9.11066,0 -62.32337,9.10775,0 -62.32278,9.10549,0 -62.32342,9.10111,0 -62.32462,9.09733,0 -62.3248,9.09676,0 -62.32795,9.09295,0 -62.33188,9.08683,0 -62.33242,9.08534,0 -62.33417,9.08439,0 -62.33598,9.08268,0 -62.33735,9.08168,0 -62.33988,9.08125,0 -62.34213,9.08206,0 -62.34459,9.08369,0 -62.34692,9.08494,0 -62.34826,9.08552,0 -62.34975,9.08465,0 -62.35063,9.08206,0 -62.35106,9.07955,0 -62.35088,9.0773,0 -62.34791,9.07523,0 -62.34726,9.07386,0 -62.34764,9.07183,0 -62.34805,9.06923,0 -62.34949,9.06771,0 -62.35264,9.06641,0 -62.35495,9.06457,0 -62.35627,9.06233,0 -62.35684,9.0599,0 -62.35728,9.0575,0 -62.35775,9.05568,0 -62.35711,9.054,0 -62.35635,9.05299,0 -62.35531,9.05187,0 -62.35382,9.05102,0 -62.35264,9.05084,0 -62.35138,9.05029,0 -62.34894,9.0499,0 -62.34758,9.04888,0 -62.34608,9.04801,0 -62.34568,9.04655,0 -62.34522,9.04514,0 -62.34556,9.04391,0 -62.34618,9.04226,0 -62.34632,9.04173,0 -62.34736,9.04003,0 -62.34864,9.03914,0 -62.35057,9.03851,0 -62.35319,9.03957,0 -62.35622,9.04012,0 -62.35779,9.0396,0 -62.35923,9.03855,0 -62.36085,9.0391,0 -62.36163,9.03931,0 -62.36325,9.03892,0 -62.36455,9.03753,0 -62.36709,9.03571,0 -62.37024,9.03554,0 -62.37619,9.03537,0 -62.37863,9.03313,0 -62.38222,9.03187,0 -62.38371,9.0324,0 -62.38658,9.03326,0 -62.38764,9.03434,0 -62.38849,9.03427,0 -62.38927,9.0328,0 -62.38879,9.03176,0 -62.38877,9.03114,0 -62.38889,9.0296,0 -62.38924,9.02622,0 -62.39703,9.01732,0 -62.40596,9.00833,0 -62.40601,9.00608,0 -62.40684,9.0053,0 -62.40764,9.00443,0 -62.40878,9.00419,0 -62.41049,9.00444,0 -62.41222,9.00473,0 -62.41322,9.00342,0 -62.41379,9.00189,0 -62.4151,9.00109,0 -62.41648,9.00039,0 -62.41794,8.99994,0 -62.41936,8.99973,0 -62.42074,8.99839,0 -62.42188,8.99792,0 -62.42405,8.99763,0 -62.42598,8.99792,0 -62.4273,8.99917,0 -62.42793,8.99958,0 -62.4298,8.99988,0 -62.43229,9.0004,0 -62.43319,9.00141,0 -62.43319,9.00361,0 -62.43471,9.00463,0 -62.43595,9.0047,0 -62.43857,9.00488,0 -62.44036,9.00424,0 -62.44139,9.00221,0 -62.44204,9.00111,0 -62.44372,8.9996,0 -62.44537,8.99955,0 -62.44663,8.99951,0 -62.44671,8.99813,0 -62.44717,8.99718,0 -62.4483,8.99676,0 -62.45073,8.99662,0 -62.45471,8.99708,0 -62.45944,8.99798,0 -62.46195,8.99823,0 -62.46494,8.99851,0 -62.46702,8.99737,0 -62.46805,8.99643,0 -62.46903,8.99548,0 -62.47061,8.99424,0 -62.47513,8.99285,0 -62.48811,8.99643,0 -62.48967,8.99496,0 -62.49222,8.99328,0 -62.49681,8.9918,0 -62.49994,8.98948,0 -62.5017,8.98669,0 -62.50368,8.98605,0 -62.50497,8.98585,0 -62.50593,8.98602,0 -62.5064,8.98493,0 -62.50796,8.9846,0 -62.50946,8.98445,0 -62.51014,8.98356,0 -62.51072,8.98299,0 -62.5113,8.9813,0 -62.51278,8.98049,0 -62.5139,8.97958,0 -62.51589,8.97955,0 -62.51777,8.97862,0 -62.51965,8.97818,0 -62.52034,8.97745,0 -62.52078,8.9762,0 -62.52152,8.97487,0 -62.52295,8.97372,0 -62.52499,8.97383,0 -62.52685,8.97401,0 -62.52884,8.97463,0 -62.53056,8.97528,0 -62.53157,8.97581,0 -62.53311,8.97496,0 -62.534,8.97451,0 -62.53506,8.97457,0 -62.53649,8.97431,0 -62.53739,8.97483,0 -62.53758,8.97546,0 -62.53961,8.97546,0 -62.5416,8.97529,0 -62.54219,8.97445,0 -62.54334,8.9731,0 -62.54442,8.97238,0 -62.546,8.97198,0 -62.54646,8.97132,0 -62.55021,8.9699,0 -62.55455,8.96791,0 -62.55647,8.96559,0 -62.55896,8.9635,0 -62.55952,8.96201,0 -62.5636,8.95829,0 -62.5662,8.9554,0 -62.5697,8.95066,0 -62.56954,8.94676,0 -62.57207,8.94743,0 -62.57396,8.94293,0 -62.57508,8.94063,0 -62.57529,8.93902,0 -62.57577,8.93469,0 -62.5761,8.93075,0 -62.57765,8.92762,0 -62.58039,8.92543,0 -62.5812,8.92191,0 -62.58251,8.92065,0 -62.58387,8.91991,0 -62.58611,8.91914,0 -62.58802,8.91832,0 -62.58952,8.91753,0 -62.59328,8.91991,0 -62.59653,8.91404,0 -62.59972,8.91227,0 -62.60173,8.91088,0 -62.60368,8.90798,0 -62.60692,8.90485,0 -62.61156,8.90561,0 -62.61635,8.90406,0 -62.61898,8.90207,0 -62.62265,8.90285,0 -62.62225,8.89924,0 -62.62833,8.89877,0 -62.62977,8.89826,0 -62.63163,8.8972,0 -62.63323,8.90028,0 -62.63461,8.90121,0 -62.63559,8.90129,0 -62.63673,8.90047,0 -62.63796,8.89983,0 -62.64275,8.89698,0 -62.6427,8.89561,0 -62.64307,8.89443,0 -62.64413,8.89295,0 -62.64386,8.88964,0 -62.64729,8.89089,0 -62.64787,8.88977,0 -62.64918,8.88851,0 -62.6523,8.88939,0 -62.65294,8.88627,0 -62.65406,8.88538,0 -62.65528,8.88394,0 -62.65675,8.88318,0 -62.65797,8.88185,0 -62.66117,8.88374,0 -62.66268,8.87985,0 -62.664,8.87914,0 -62.66428,8.87812,0 -62.64872,8.83018,0 -62.77916,8.66274,0 -62.77811,8.6637,0 -62.77745,8.66413,0 -62.77596,8.66504,0 -62.77494,8.66617,0 -62.77362,8.66659,0 -62.77093,8.66714,0 -62.7703,8.66813,0 -62.76918,8.66911,0 -62.76762,8.66985,0 -62.76643,8.67019,0 -62.76549,8.671,0 -62.76483,8.67254,0 -62.76366,8.67336,0 -62.76293,8.67483,0 -62.76217,8.6755,0 -62.76174,8.67641,0 -62.76102,8.67668,0 -62.76072,8.67736,0 -62.75979,8.67781,0 -62.75885,8.67862,0 -62.75775,8.68008,0 -62.7564,8.68042,0 -62.75587,8.68113,0 -62.75515,8.68157,0 -62.75426,8.68126,0 -62.75391,8.68058,0 -62.75327,8.68097,0 -62.75164,8.68069,0 -62.74961,8.68078,0 -62.74875,8.68132,0 -62.74718,8.68179,0 -62.746,8.68234,0 -62.74509,8.68354,0 -62.74376,8.6842,0 -62.74331,8.68465,0 -62.7426,8.68422,0 -62.74058,8.684,0 -62.73915,8.68462,0 -62.73754,8.68484,0 -62.73606,8.6854,0 -62.73441,8.68592,0 -62.73332,8.68648,0 -62.73287,8.68659,0 -62.73142,8.68749,0 -62.73085,8.68758,0 -62.72958,8.68772,0 -62.72911,8.68705,0 -62.72869,8.68692,0 -62.72687,8.6871,0 -62.72517,8.68744,0 -62.72407,8.68689,0 -62.72223,8.68732,0 -62.7212,8.68749,0 -62.72034,8.68627,0 -62.71944,8.68554,0 -62.71823,8.68543,0 -62.71665,8.68638,0 -62.71413,8.68599,0 -62.71338,8.68501,0 -62.71169,8.68431,0 -62.70953,8.68478,0 -62.70841,8.68551,0 -62.70785,8.68486,0 -62.7071,8.68533,0 -62.70605,8.68568,0 -62.70524,8.68491,0 -62.70459,8.68423,0 -62.70442,8.683,0 -62.70357,8.68298,0 -62.70204,8.68288,0 -62.70171,8.68229,0 -62.70041,8.68154,0 -62.69941,8.68108,0 -62.69924,8.68101,0 -62.6983,8.6801,0 -62.697,8.67894,0 -62.69508,8.67878,0 -62.69181,8.6786,0 -62.68935,8.67699,0 -62.68782,8.67634,0 -62.68538,8.67672,0 -62.68402,8.67677,0 -62.68288,8.67672,0 -62.68201,8.67687,0 -62.68243,8.67494,0 -62.67681,8.67628,0 -62.6753,8.67562,0 -62.67384,8.67547,0 -62.67359,8.67493,0 -62.67229,8.67482,0 -62.67107,8.67493,0 -62.6704,8.67514,0 -62.66971,8.67447,0 -62.66879,8.674,0 -62.66744,8.67382,0 -62.66669,8.67367,0 -62.66563,8.67311,0 -62.66557,8.67272,0 -62.66462,8.67255,0 -62.66388,8.67258,0 -62.66259,8.67212,0 -62.66139,8.67235,0 -62.65968,8.67179,0 -62.65861,8.67162,0 -62.65618,8.67096,0 -62.65404,8.67101,0 -62.65296,8.67006,0 -62.65133,8.66969,0 -62.64984,8.66954,0 -62.64831,8.66938,0 -62.64632,8.66941,0 -62.64502,8.66994,0 -62.644,8.67036,0 -62.64295,8.67086,0 -62.64181,8.67127,0 -62.64091,8.67173,0 -62.63964,8.67256,0 -62.63817,8.67328,0 -62.63576,8.6749,0 -62.63457,8.67583,0 -62.63294,8.67685,0 -62.63135,8.6776,0 -62.62988,8.67852,0 -62.62855,8.67978,0 -62.62799,8.68092,0 -62.62743,8.68129,0 -62.62618,8.68197,0 -62.62514,8.68322,0 -62.62373,8.68392,0 -62.6226,8.68517,0 -62.62174,8.68628,0 -62.62085,8.68658,0 -62.62066,8.68801,0 -62.61987,8.68857,0 -62.61875,8.69016,0 -62.61787,8.69081,0 -62.6169,8.69085,0 -62.61614,8.69092,0 -62.61519,8.69141,0 -62.61426,8.69197,0 -62.61369,8.69208,0 -62.61293,8.69213,0 -62.61224,8.69282,0 -62.6109,8.69287,0 -62.60901,8.69308,0 -62.60796,8.6941,0 -62.60672,8.69536,0 -62.60589,8.6955,0 -62.60438,8.69654,0 -62.60335,8.69678,0 -62.60166,8.69623,0 -62.60053,8.6962,0 -62.59916,8.6967,0 -62.59729,8.69686,0 -62.59637,8.69642,0 -62.595,8.69614,0 -62.59362,8.69624,0 -62.5923,8.69702,0 -62.59113,8.69834,0 -62.59045,8.69986,0 -62.58939,8.69946,0 -62.58885,8.70037,0 -62.58824,8.70026,0 -62.58748,8.70028,0 -62.5866,8.7008,0 -62.58572,8.70085,0 -62.58497,8.70101,0 -62.58445,8.70151,0 -62.58324,8.70192,0 -62.58211,8.70178,0 -62.58079,8.70185,0 -62.57949,8.70348,0 -62.57887,8.70416,0 -62.5774,8.70561,0 -62.57646,8.70601,0 -62.57372,8.70794,0 -62.5727,8.70858,0 -62.57159,8.70862,0 -62.57112,8.70962,0 -62.5703,8.71001,0 -62.5689,8.71022,0 -62.56739,8.7111,0 -62.56644,8.7118,0 -62.56559,8.713,0 -62.56464,8.71369,0 -62.56254,8.71366,0 -62.56133,8.71411,0 -62.55951,8.71434,0 -62.55866,8.71512,0 -62.55834,8.71653,0 -62.5575,8.71793,0 -62.55787,8.7187,0 -62.55842,8.72021,0 -62.55788,8.72117,0 -62.55705,8.72138,0 -62.55574,8.72283,0 -62.5549,8.7249,0 -62.55355,8.72597,0 -62.55265,8.7277,0 -62.55186,8.7278,0 -62.54998,8.7288,0 -62.54857,8.73002,0 -62.54675,8.73071,0 -62.54513,8.73131,0 -62.54258,8.73179,0 -62.54088,8.7333,0 -62.53932,8.73415,0 -62.53805,8.73489,0 -62.53585,8.73535,0 -62.53416,8.73544,0 -62.53244,8.73584,0 -62.53054,8.73625,0 -62.52873,8.73714,0 -62.52758,8.73739,0 -62.52627,8.73828,0 -62.52477,8.7395,0 -62.5238,8.74023,0 -62.52269,8.74134,0 -62.52149,8.74219,0 -62.52007,8.74308,0 -62.51892,8.74443,0 -62.5175,8.74604,0 -62.51625,8.74656,0 -62.51482,8.74728,0 -62.5132,8.74791,0 -62.51203,8.7488,0 -62.51057,8.74928,0 -62.50967,8.74984,0 -62.50826,8.75108,0 -62.507,8.75266,0 -62.50575,8.75367,0 -62.5037,8.75518,0 -62.5017,8.75665,0 -62.49625,8.76888,0 -62.27241,8.84209,0 -62.08544,8.86852,0 -62.07374,8.87017,0 -62.05431,8.87292,0 -62.05084,8.87628,0 -62.04898,8.87929,0 -62.05154,8.88049,0 -62.05835,8.88822,0 -62.06311,8.90065,0 -62.0638,8.9128,0 -62.06407,8.91757,0 -62.06776,8.92093,0 -62.07117,8.92879,0 -62.07572,8.93525,0 -62.08396,8.94619,0 -62.08964,8.96107,0 -62.0899,8.96303,0 -62.09049,8.96753,0 -62.08907,8.97763,0 -62.08509,8.98493,0 -62.08168,8.9911,0 -62.07231,9.00261,0 -62.06492,9.01496,0 -62.06151,9.02226,0 -62.05895,9.02787,0 -62.05538,9.03952,0 -62.05539,9.03957,0 -62.05607,9.04255,0 -62.0567,9.04372,0 -62.05733,9.04489,0 -62.05831,9.0475,0 -62.05858,9.05012,0 -62.05914,9.05315,0 -62.06012,9.05673,0 -62.06012,9.0577,0 -62.06048,9.05876,0 -62.06049,9.0588,0 -62.06557,9.0575,0 -62.06633,9.05776,0
          </coordinates></LinearRing></outerBoundaryIs>
        </Polygon>
      </Placemark>
    </Folder>

    <Folder>
      <name>2. Centros Electorales CNE Maturín (175 Puntos)</name>
      <open>0</open>
      <Placemark>
        <name>Centro De Educación Inicial Alto De Los Godos I</name>
        <description>&lt;b&gt;Código CNE:&lt;/b&gt; 140706022&lt;br/&gt;&lt;b&gt;Parroquia:&lt;/b&gt; Alto de Los Godos&lt;br/&gt;&lt;b&gt;Mesas:&lt;/b&gt; 2 (01, 02)&lt;br/&gt;&lt;b&gt;Electores:&lt;/b&gt; 1,043&lt;br/&gt;&lt;b&gt;Estatus:&lt;/b&gt; cubierto</description>
        <styleUrl>#style-centro-electoral</styleUrl>
        <Point><coordinates>-63.20885,9.732,0.0</coordinates></Point>
      </Placemark>
      <Placemark>
        <name>Centro De Formación Integral Para El Trabajo</name>
        <description>&lt;b&gt;Código CNE:&lt;/b&gt; 140706012&lt;br/&gt;&lt;b&gt;Parroquia:&lt;/b&gt; Alto de Los Godos&lt;br/&gt;&lt;b&gt;Mesas:&lt;/b&gt; 2 (01, 02)&lt;br/&gt;&lt;b&gt;Electores:&lt;/b&gt; 1,749&lt;br/&gt;&lt;b&gt;Estatus:&lt;/b&gt; cubierto</description>
        <styleUrl>#style-centro-electoral</styleUrl>
        <Point><coordinates>-63.216026,9.735513,0.0</coordinates></Point>
      </Placemark>
      <Placemark>
        <name>Centro De Votacion El Soberano</name>
        <description>&lt;b&gt;Código CNE:&lt;/b&gt; 140706057&lt;br/&gt;&lt;b&gt;Parroquia:&lt;/b&gt; Alto de Los Godos&lt;br/&gt;&lt;b&gt;Mesas:&lt;/b&gt; 1 (01)&lt;br/&gt;&lt;b&gt;Electores:&lt;/b&gt; 434&lt;br/&gt;&lt;b&gt;Estatus:&lt;/b&gt; cubierto</description>
        <styleUrl>#style-centro-electoral</styleUrl>
        <Point><coordinates>-63.211439,9.725912,0.0</coordinates></Point>
      </Placemark>
      <Placemark>
        <name>Centro De Votacion San Rafael</name>
        <description>&lt;b&gt;Código CNE:&lt;/b&gt; 140706064&lt;br/&gt;&lt;b&gt;Parroquia:&lt;/b&gt; Alto de Los Godos&lt;br/&gt;&lt;b&gt;Mesas:&lt;/b&gt; 2 (01, 02)&lt;br/&gt;&lt;b&gt;Electores:&lt;/b&gt; 1,266&lt;br/&gt;&lt;b&gt;Estatus:&lt;/b&gt; cubierto</description>
        <styleUrl>#style-centro-electoral</styleUrl>
        <Point><coordinates>-63.207649,9.737405,0.0</coordinates></Point>
      </Placemark>
      <Placemark>
        <name>Centro De Votación Brisas De Venezuela</name>
        <description>&lt;b&gt;Código CNE:&lt;/b&gt; 140706062&lt;br/&gt;&lt;b&gt;Parroquia:&lt;/b&gt; Alto de Los Godos&lt;br/&gt;&lt;b&gt;Mesas:&lt;/b&gt; 1 (01)&lt;br/&gt;&lt;b&gt;Electores:&lt;/b&gt; 644&lt;br/&gt;&lt;b&gt;Estatus:&lt;/b&gt; cubierto</description>
        <styleUrl>#style-centro-electoral</styleUrl>
        <Point><coordinates>-63.219651,9.730711,0.0</coordinates></Point>
      </Placemark>
      <Placemark>
        <name>Centro De Votación La Pastora</name>
        <description>&lt;b&gt;Código CNE:&lt;/b&gt; 140706061&lt;br/&gt;&lt;b&gt;Parroquia:&lt;/b&gt; Alto de Los Godos&lt;br/&gt;&lt;b&gt;Mesas:&lt;/b&gt; 1 (01)&lt;br/&gt;&lt;b&gt;Electores:&lt;/b&gt; 492&lt;br/&gt;&lt;b&gt;Estatus:&lt;/b&gt; cubierto</description>
        <styleUrl>#style-centro-electoral</styleUrl>
        <Point><coordinates>-63.204984,9.727749,0.0</coordinates></Point>
      </Placemark>
      <Placemark>
        <name>Centro De Votación Sagrado Corazon De Jesus Ii</name>
        <description>&lt;b&gt;Código CNE:&lt;/b&gt; 140706059&lt;br/&gt;&lt;b&gt;Parroquia:&lt;/b&gt; Alto de Los Godos&lt;br/&gt;&lt;b&gt;Mesas:&lt;/b&gt; 1 (01)&lt;br/&gt;&lt;b&gt;Electores:&lt;/b&gt; 813&lt;br/&gt;&lt;b&gt;Estatus:&lt;/b&gt; cubierto</description>
        <styleUrl>#style-centro-electoral</styleUrl>
        <Point><coordinates>-63.214287,9.740101,0.0</coordinates></Point>
      </Placemark>
      <Placemark>
        <name>Centro Del Niño Y La Familia Bolivariano Nuevo Horizonte</name>
        <description>&lt;b&gt;Código CNE:&lt;/b&gt; 140706029&lt;br/&gt;&lt;b&gt;Parroquia:&lt;/b&gt; Alto de Los Godos&lt;br/&gt;&lt;b&gt;Mesas:&lt;/b&gt; 1 (02)&lt;br/&gt;&lt;b&gt;Electores:&lt;/b&gt; 1,985&lt;br/&gt;&lt;b&gt;Estatus:&lt;/b&gt; cubierto</description>
        <styleUrl>#style-centro-electoral</styleUrl>
        <Point><coordinates>-63.216269,9.724172,0.0</coordinates></Point>
      </Placemark>
      <Placemark>
        <name>Centro Del Niño Y La Familia Bolivariano Prado Del Sur</name>
        <description>&lt;b&gt;Código CNE:&lt;/b&gt; 140706028&lt;br/&gt;&lt;b&gt;Parroquia:&lt;/b&gt; Alto de Los Godos&lt;br/&gt;&lt;b&gt;Mesas:&lt;/b&gt; 2 (01, 02)&lt;br/&gt;&lt;b&gt;Electores:&lt;/b&gt; 1,754&lt;br/&gt;&lt;b&gt;Estatus:&lt;/b&gt; cubierto</description>
        <styleUrl>#style-centro-electoral</styleUrl>
        <Point><coordinates>-63.202904,9.735163,0.0</coordinates></Point>
      </Placemark>
      <Placemark>
        <name>Centro Del Niño Y La Familia Simoncito Moscu</name>
        <description>&lt;b&gt;Código CNE:&lt;/b&gt; 140706045&lt;br/&gt;&lt;b&gt;Parroquia:&lt;/b&gt; Alto de Los Godos&lt;br/&gt;&lt;b&gt;Mesas:&lt;/b&gt; 2 (01, 02)&lt;br/&gt;&lt;b&gt;Electores:&lt;/b&gt; 1,229&lt;br/&gt;&lt;b&gt;Estatus:&lt;/b&gt; cubierto</description>
        <styleUrl>#style-centro-electoral</styleUrl>
        <Point><coordinates>-63.221317,9.735663,0.0</coordinates></Point>
      </Placemark>
      <Placemark>
        <name>Centro Nacional Educativo Cruz Figuera Rondon</name>
        <description>&lt;b&gt;Código CNE:&lt;/b&gt; 140706026&lt;br/&gt;&lt;b&gt;Parroquia:&lt;/b&gt; Alto de Los Godos&lt;br/&gt;&lt;b&gt;Mesas:&lt;/b&gt; 3 (01, 02, 03)&lt;br/&gt;&lt;b&gt;Electores:&lt;/b&gt; 2,202&lt;br/&gt;&lt;b&gt;Estatus:&lt;/b&gt; cubierto</description>
        <styleUrl>#style-centro-electoral</styleUrl>
        <Point><coordinates>-63.207569,9.722981,0.0</coordinates></Point>
      </Placemark>
      <Placemark>
        <name>Colegio Bolivariano Doctor Arturo Uslar Pietri</name>
        <description>&lt;b&gt;Código CNE:&lt;/b&gt; 140706035&lt;br/&gt;&lt;b&gt;Parroquia:&lt;/b&gt; Alto de Los Godos&lt;br/&gt;&lt;b&gt;Mesas:&lt;/b&gt; 3 (01, 02, 03)&lt;br/&gt;&lt;b&gt;Electores:&lt;/b&gt; 2,250&lt;br/&gt;&lt;b&gt;Estatus:&lt;/b&gt; cubierto</description>
        <styleUrl>#style-centro-electoral</styleUrl>
        <Point><coordinates>-63.208764,9.741825,0.0</coordinates></Point>
      </Placemark>
      <Placemark>
        <name>Complejo Educativo Nacional Francisco Verde</name>
        <description>&lt;b&gt;Código CNE:&lt;/b&gt; 140706027&lt;br/&gt;&lt;b&gt;Parroquia:&lt;/b&gt; Alto de Los Godos&lt;br/&gt;&lt;b&gt;Mesas:&lt;/b&gt; 3 (01, 03, 04)&lt;br/&gt;&lt;b&gt;Electores:&lt;/b&gt; 3,554&lt;br/&gt;&lt;b&gt;Estatus:&lt;/b&gt; prioritario</description>
        <styleUrl>#style-centro-electoral</styleUrl>
        <Point><coordinates>-63.221649,9.726675,0.0</coordinates></Point>
      </Placemark>
      <Placemark>
        <name>Complejo Educativo Nacional Jose Angel Meza Verde</name>
        <description>&lt;b&gt;Código CNE:&lt;/b&gt; 140706019&lt;br/&gt;&lt;b&gt;Parroquia:&lt;/b&gt; Alto de Los Godos&lt;br/&gt;&lt;b&gt;Mesas:&lt;/b&gt; 3 (01, 02, 03)&lt;br/&gt;&lt;b&gt;Electores:&lt;/b&gt; 4,115&lt;br/&gt;&lt;b&gt;Estatus:&lt;/b&gt; prioritario</description>
        <styleUrl>#style-centro-electoral</styleUrl>
        <Point><coordinates>-63.200789,9.729652,0.0</coordinates></Point>
      </Placemark>
      <Placemark>
        <name>Complejo Educativo Nacional La Negra Matea</name>
        <description>&lt;b&gt;Código CNE:&lt;/b&gt; 140706047&lt;br/&gt;&lt;b&gt;Parroquia:&lt;/b&gt; Alto de Los Godos&lt;br/&gt;&lt;b&gt;Mesas:&lt;/b&gt; 4 (01, 02, 03, 04)&lt;br/&gt;&lt;b&gt;Electores:&lt;/b&gt; 3,199&lt;br/&gt;&lt;b&gt;Estatus:&lt;/b&gt; prioritario</description>
        <styleUrl>#style-centro-electoral</styleUrl>
        <Point><coordinates>-63.218782,9.741188,0.0</coordinates></Point>
      </Placemark>
      <Placemark>
        <name>Complejo Educativo Nacional Manola Luna Silva</name>
        <description>&lt;b&gt;Código CNE:&lt;/b&gt; 140706016&lt;br/&gt;&lt;b&gt;Parroquia:&lt;/b&gt; Alto de Los Godos&lt;br/&gt;&lt;b&gt;Mesas:&lt;/b&gt; 3 (01, 02, 03)&lt;br/&gt;&lt;b&gt;Electores:&lt;/b&gt; 2,490&lt;br/&gt;&lt;b&gt;Estatus:&lt;/b&gt; cubierto</description>
        <styleUrl>#style-centro-electoral</styleUrl>
        <Point><coordinates>-63.213555,9.720575,0.0</coordinates></Point>
      </Placemark>
      <Placemark>
        <name>Escuela Basica Bolivar</name>
        <description>&lt;b&gt;Código CNE:&lt;/b&gt; 140706031&lt;br/&gt;&lt;b&gt;Parroquia:&lt;/b&gt; Alto de Los Godos&lt;br/&gt;&lt;b&gt;Mesas:&lt;/b&gt; 1 (02)&lt;br/&gt;&lt;b&gt;Electores:&lt;/b&gt; 1,685&lt;br/&gt;&lt;b&gt;Estatus:&lt;/b&gt; cubierto</description>
        <styleUrl>#style-centro-electoral</styleUrl>
        <Point><coordinates>-63.202526,9.739604,0.0</coordinates></Point>
      </Placemark>
      <Placemark>
        <name>Escuela Basica Colinas Del Paramaconi</name>
        <description>&lt;b&gt;Código CNE:&lt;/b&gt; 140706037&lt;br/&gt;&lt;b&gt;Parroquia:&lt;/b&gt; Alto de Los Godos&lt;br/&gt;&lt;b&gt;Mesas:&lt;/b&gt; 1 (01)&lt;br/&gt;&lt;b&gt;Electores:&lt;/b&gt; 909&lt;br/&gt;&lt;b&gt;Estatus:&lt;/b&gt; cubierto</description>
        <styleUrl>#style-centro-electoral</styleUrl>
        <Point><coordinates>-63.224664,9.732499,0.0</coordinates></Point>
      </Placemark>
      <Placemark>
        <name>Escuela Basica Mario Briceño Iragorri</name>
        <description>&lt;b&gt;Código CNE:&lt;/b&gt; 140706018&lt;br/&gt;&lt;b&gt;Parroquia:&lt;/b&gt; Alto de Los Godos&lt;br/&gt;&lt;b&gt;Mesas:&lt;/b&gt; 3 (01, 02, 03)&lt;br/&gt;&lt;b&gt;Electores:&lt;/b&gt; 2,745&lt;br/&gt;&lt;b&gt;Estatus:&lt;/b&gt; prioritario</description>
        <styleUrl>#style-centro-electoral</styleUrl>
        <Point><coordinates>-63.202821,9.723299,0.0</coordinates></Point>
      </Placemark>
      <Placemark>
        <name>Escuela Basica Primaria Arturo Uslar Pietri</name>
        <description>&lt;b&gt;Código CNE:&lt;/b&gt; 140706043&lt;br/&gt;&lt;b&gt;Parroquia:&lt;/b&gt; Alto de Los Godos&lt;br/&gt;&lt;b&gt;Mesas:&lt;/b&gt; 1 (01)&lt;br/&gt;&lt;b&gt;Electores:&lt;/b&gt; 390&lt;br/&gt;&lt;b&gt;Estatus:&lt;/b&gt; cubierto</description>
        <styleUrl>#style-centro-electoral</styleUrl>
        <Point><coordinates>-63.21261,9.744576,0.0</coordinates></Point>
      </Placemark>
      <Placemark>
        <name>Escuela Basica San Simon</name>
        <description>&lt;b&gt;Código CNE:&lt;/b&gt; 140706004&lt;br/&gt;&lt;b&gt;Parroquia:&lt;/b&gt; Alto de Los Godos&lt;br/&gt;&lt;b&gt;Mesas:&lt;/b&gt; 3 (01, 02, 03)&lt;br/&gt;&lt;b&gt;Electores:&lt;/b&gt; 2,092&lt;br/&gt;&lt;b&gt;Estatus:&lt;/b&gt; cubierto</description>
        <styleUrl>#style-centro-electoral</styleUrl>
        <Point><coordinates>-63.220638,9.722143,0.0</coordinates></Point>
      </Placemark>
      <Placemark>
        <name>Escuela Basica Victoria Ramirez Molinos</name>
        <description>&lt;b&gt;Código CNE:&lt;/b&gt; 140706024&lt;br/&gt;&lt;b&gt;Parroquia:&lt;/b&gt; Alto de Los Godos&lt;br/&gt;&lt;b&gt;Mesas:&lt;/b&gt; 5 (01, 02, 03, 04, 05)&lt;br/&gt;&lt;b&gt;Electores:&lt;/b&gt; 4,325&lt;br/&gt;&lt;b&gt;Estatus:&lt;/b&gt; prioritario</description>
        <styleUrl>#style-centro-electoral</styleUrl>
        <Point><coordinates>-63.198387,9.733744,0.0</coordinates></Point>
      </Placemark>
      <Placemark>
        <name>Escuela Básica Antonio Jose De Sucre</name>
        <description>&lt;b&gt;Código CNE:&lt;/b&gt; 140706006&lt;br/&gt;&lt;b&gt;Parroquia:&lt;/b&gt; Alto de Los Godos&lt;br/&gt;&lt;b&gt;Mesas:&lt;/b&gt; 2 (01, 03)&lt;br/&gt;&lt;b&gt;Electores:&lt;/b&gt; 2,899&lt;br/&gt;&lt;b&gt;Estatus:&lt;/b&gt; prioritario</description>
        <styleUrl>#style-centro-electoral</styleUrl>
        <Point><coordinates>-63.223479,9.739608,0.0</coordinates></Point>
      </Placemark>
      <Placemark>
        <name>Escuela Básica Cacique Paramaconi</name>
        <description>&lt;b&gt;Código CNE:&lt;/b&gt; 140706001&lt;br/&gt;&lt;b&gt;Parroquia:&lt;/b&gt; Alto de Los Godos&lt;br/&gt;&lt;b&gt;Mesas:&lt;/b&gt; 2 (01, 03)&lt;br/&gt;&lt;b&gt;Electores:&lt;/b&gt; 2,957&lt;br/&gt;&lt;b&gt;Estatus:&lt;/b&gt; prioritario</description>
        <styleUrl>#style-centro-electoral</styleUrl>
        <Point><coordinates>-63.208878,9.718779,0.0</coordinates></Point>
      </Placemark>
      <Placemark>
        <name>Escuela Inicial Nacional Republica De Venezuela</name>
        <description>&lt;b&gt;Código CNE:&lt;/b&gt; 140706052&lt;br/&gt;&lt;b&gt;Parroquia:&lt;/b&gt; Alto de Los Godos&lt;br/&gt;&lt;b&gt;Mesas:&lt;/b&gt; 1 (01)&lt;br/&gt;&lt;b&gt;Electores:&lt;/b&gt; 922&lt;br/&gt;&lt;b&gt;Estatus:&lt;/b&gt; cubierto</description>
        <styleUrl>#style-centro-electoral</styleUrl>
        <Point><coordinates>-63.204806,9.743954,0.0</coordinates></Point>
      </Placemark>
      <Placemark>
        <name>Escuela Primaria  Juana Ramirez</name>
        <description>&lt;b&gt;Código CNE:&lt;/b&gt; 140706032&lt;br/&gt;&lt;b&gt;Parroquia:&lt;/b&gt; Alto de Los Godos&lt;br/&gt;&lt;b&gt;Mesas:&lt;/b&gt; 3 (01, 02, 03)&lt;br/&gt;&lt;b&gt;Electores:&lt;/b&gt; 2,204&lt;br/&gt;&lt;b&gt;Estatus:&lt;/b&gt; cubierto</description>
        <styleUrl>#style-centro-electoral</styleUrl>
        <Point><coordinates>-63.226005,9.727746,0.0</coordinates></Point>
      </Placemark>
      <Placemark>
        <name>Escuela Primaria Nacional  Ali Primera</name>
        <description>&lt;b&gt;Código CNE:&lt;/b&gt; 140706042&lt;br/&gt;&lt;b&gt;Parroquia:&lt;/b&gt; Alto de Los Godos&lt;br/&gt;&lt;b&gt;Mesas:&lt;/b&gt; 1 (01)&lt;br/&gt;&lt;b&gt;Electores:&lt;/b&gt; 442&lt;br/&gt;&lt;b&gt;Estatus:&lt;/b&gt; cubierto</description>
        <styleUrl>#style-centro-electoral</styleUrl>
        <Point><coordinates>-63.198448,9.726036,0.0</coordinates></Point>
      </Placemark>
      <Placemark>
        <name>Escuela Primaria Nacional Adriana Rengel De Sequera</name>
        <description>&lt;b&gt;Código CNE:&lt;/b&gt; 140706015&lt;br/&gt;&lt;b&gt;Parroquia:&lt;/b&gt; Alto de Los Godos&lt;br/&gt;&lt;b&gt;Mesas:&lt;/b&gt; 2 (02, 03)&lt;br/&gt;&lt;b&gt;Electores:&lt;/b&gt; 2,842&lt;br/&gt;&lt;b&gt;Estatus:&lt;/b&gt; prioritario</description>
        <styleUrl>#style-centro-electoral</styleUrl>
        <Point><coordinates>-63.217849,9.745313,0.0</coordinates></Point>
      </Placemark>
      <Placemark>
        <name>Escuela Primaria Nacional Bolivariana Pinto Salinas</name>
        <description>&lt;b&gt;Código CNE:&lt;/b&gt; 140706008&lt;br/&gt;&lt;b&gt;Parroquia:&lt;/b&gt; Alto de Los Godos&lt;br/&gt;&lt;b&gt;Mesas:&lt;/b&gt; 2 (01, 03)&lt;br/&gt;&lt;b&gt;Electores:&lt;/b&gt; 2,989&lt;br/&gt;&lt;b&gt;Estatus:&lt;/b&gt; prioritario</description>
        <styleUrl>#style-centro-electoral</styleUrl>
        <Point><coordinates>-63.217204,9.718223,0.0</coordinates></Point>
      </Placemark>
      <Placemark>
        <name>Escuela Primaria Nacional Cacique Guanaguanai</name>
        <description>&lt;b&gt;Código CNE:&lt;/b&gt; 140706051&lt;br/&gt;&lt;b&gt;Parroquia:&lt;/b&gt; Alto de Los Godos&lt;br/&gt;&lt;b&gt;Mesas:&lt;/b&gt; 2 (01, 02)&lt;br/&gt;&lt;b&gt;Electores:&lt;/b&gt; 2,005&lt;br/&gt;&lt;b&gt;Estatus:&lt;/b&gt; cubierto</description>
        <styleUrl>#style-centro-electoral</styleUrl>
        <Point><coordinates>-63.198199,9.738906,0.0</coordinates></Point>
      </Placemark>
      <Placemark>
        <name>Escuela Primaria Nacional Cruz Hernandez Quijada</name>
        <description>&lt;b&gt;Código CNE:&lt;/b&gt; 140706046&lt;br/&gt;&lt;b&gt;Parroquia:&lt;/b&gt; Alto de Los Godos&lt;br/&gt;&lt;b&gt;Mesas:&lt;/b&gt; 1 (02)&lt;br/&gt;&lt;b&gt;Electores:&lt;/b&gt; 2,000&lt;br/&gt;&lt;b&gt;Estatus:&lt;/b&gt; cubierto</description>
        <styleUrl>#style-centro-electoral</styleUrl>
        <Point><coordinates>-63.22728,9.735837,0.0</coordinates></Point>
      </Placemark>
      <Placemark>
        <name>Jardin De Infancia Carmen Veronica Cuello</name>
        <description>&lt;b&gt;Código CNE:&lt;/b&gt; 140706014&lt;br/&gt;&lt;b&gt;Parroquia:&lt;/b&gt; Alto de Los Godos&lt;br/&gt;&lt;b&gt;Mesas:&lt;/b&gt; 2 (01, 02)&lt;br/&gt;&lt;b&gt;Electores:&lt;/b&gt; 1,273&lt;br/&gt;&lt;b&gt;Estatus:&lt;/b&gt; cubierto</description>
        <styleUrl>#style-centro-electoral</styleUrl>
        <Point><coordinates>-63.203342,9.719173,0.0</coordinates></Point>
      </Placemark>
      <Placemark>
        <name>Jardin De Infancia Nacional Adriana Rengel De Sequera</name>
        <description>&lt;b&gt;Código CNE:&lt;/b&gt; 140706011&lt;br/&gt;&lt;b&gt;Parroquia:&lt;/b&gt; Alto de Los Godos&lt;br/&gt;&lt;b&gt;Mesas:&lt;/b&gt; 2 (01, 02)&lt;br/&gt;&lt;b&gt;Electores:&lt;/b&gt; 1,535&lt;br/&gt;&lt;b&gt;Estatus:&lt;/b&gt; cubierto</description>
        <styleUrl>#style-centro-electoral</styleUrl>
        <Point><coordinates>-63.209252,9.747222,0.0</coordinates></Point>
      </Placemark>
      <Placemark>
        <name>Liceo Bolivariano Gilda Ramirez</name>
        <description>&lt;b&gt;Código CNE:&lt;/b&gt; 140706036&lt;br/&gt;&lt;b&gt;Parroquia:&lt;/b&gt; Alto de Los Godos&lt;br/&gt;&lt;b&gt;Mesas:&lt;/b&gt; 2 (01, 03)&lt;br/&gt;&lt;b&gt;Electores:&lt;/b&gt; 2,965&lt;br/&gt;&lt;b&gt;Estatus:&lt;/b&gt; prioritario</description>
        <styleUrl>#style-centro-electoral</styleUrl>
        <Point><coordinates>-63.224983,9.722426,0.0</coordinates></Point>
      </Placemark>
      <Placemark>
        <name>Liceo Nacional Batalla De La Victoria</name>
        <description>&lt;b&gt;Código CNE:&lt;/b&gt; 140706048&lt;br/&gt;&lt;b&gt;Parroquia:&lt;/b&gt; Alto de Los Godos&lt;br/&gt;&lt;b&gt;Mesas:&lt;/b&gt; 1 (03)&lt;br/&gt;&lt;b&gt;Electores:&lt;/b&gt; 3,434&lt;br/&gt;&lt;b&gt;Estatus:&lt;/b&gt; prioritario</description>
        <styleUrl>#style-centro-electoral</styleUrl>
        <Point><coordinates>-63.195437,9.730691,0.0</coordinates></Point>
      </Placemark>
      <Placemark>
        <name>Liceo Nacional Felix Armando Nuñez Beaperthuy</name>
        <description>&lt;b&gt;Código CNE:&lt;/b&gt; 140706017&lt;br/&gt;&lt;b&gt;Parroquia:&lt;/b&gt; Alto de Los Godos&lt;br/&gt;&lt;b&gt;Mesas:&lt;/b&gt; 3 (01, 02, 03)&lt;br/&gt;&lt;b&gt;Electores:&lt;/b&gt; 2,517&lt;br/&gt;&lt;b&gt;Estatus:&lt;/b&gt; prioritario</description>
        <styleUrl>#style-centro-electoral</styleUrl>
        <Point><coordinates>-63.223418,9.743758,0.0</coordinates></Point>
      </Placemark>
      <Placemark>
        <name>Liceo Nacional Los Guaritos</name>
        <description>&lt;b&gt;Código CNE:&lt;/b&gt; 140706021&lt;br/&gt;&lt;b&gt;Parroquia:&lt;/b&gt; Alto de Los Godos&lt;br/&gt;&lt;b&gt;Mesas:&lt;/b&gt; 4 (01, 02, 03, 04)&lt;br/&gt;&lt;b&gt;Electores:&lt;/b&gt; 3,682&lt;br/&gt;&lt;b&gt;Estatus:&lt;/b&gt; prioritario</description>
        <styleUrl>#style-centro-electoral</styleUrl>
        <Point><coordinates>-63.211919,9.7158,0.0</coordinates></Point>
      </Placemark>
      <Placemark>
        <name>Modulo Comunal La Muralla</name>
        <description>&lt;b&gt;Código CNE:&lt;/b&gt; 140706010&lt;br/&gt;&lt;b&gt;Parroquia:&lt;/b&gt; Alto de Los Godos&lt;br/&gt;&lt;b&gt;Mesas:&lt;/b&gt; 2 (01, 02)&lt;br/&gt;&lt;b&gt;Electores:&lt;/b&gt; 1,296&lt;br/&gt;&lt;b&gt;Estatus:&lt;/b&gt; cubierto</description>
        <styleUrl>#style-centro-electoral</styleUrl>
        <Point><coordinates>-63.200441,9.744132,0.0</coordinates></Point>
      </Placemark>
      <Placemark>
        <name>Preescolar Dora Teotiste De Gallegos</name>
        <description>&lt;b&gt;Código CNE:&lt;/b&gt; 140706005&lt;br/&gt;&lt;b&gt;Parroquia:&lt;/b&gt; Alto de Los Godos&lt;br/&gt;&lt;b&gt;Mesas:&lt;/b&gt; 1 (01)&lt;br/&gt;&lt;b&gt;Electores:&lt;/b&gt; 878&lt;br/&gt;&lt;b&gt;Estatus:&lt;/b&gt; cubierto</description>
        <styleUrl>#style-centro-electoral</styleUrl>
        <Point><coordinates>-63.229316,9.730474,0.0</coordinates></Point>
      </Placemark>
      <Placemark>
        <name>Unidad Educativa Padre Luis Ormieres Fe Y Alegria</name>
        <description>&lt;b&gt;Código CNE:&lt;/b&gt; 140706007&lt;br/&gt;&lt;b&gt;Parroquia:&lt;/b&gt; Alto de Los Godos&lt;br/&gt;&lt;b&gt;Mesas:&lt;/b&gt; 3 (01, 02, 03)&lt;br/&gt;&lt;b&gt;Electores:&lt;/b&gt; 2,425&lt;br/&gt;&lt;b&gt;Estatus:&lt;/b&gt; cubierto</description>
        <styleUrl>#style-centro-electoral</styleUrl>
        <Point><coordinates>-63.198001,9.721879,0.0</coordinates></Point>
      </Placemark>
      <Placemark>
        <name>Centro De Educacion Inicial Bolivariano Simon Bolivar</name>
        <description>&lt;b&gt;Código CNE:&lt;/b&gt; 140707024&lt;br/&gt;&lt;b&gt;Parroquia:&lt;/b&gt; Boquerón&lt;br/&gt;&lt;b&gt;Mesas:&lt;/b&gt; 1 (01)&lt;br/&gt;&lt;b&gt;Electores:&lt;/b&gt; 405&lt;br/&gt;&lt;b&gt;Estatus:&lt;/b&gt; cubierto</description>
        <styleUrl>#style-centro-electoral</styleUrl>
        <Point><coordinates>-63.19185,9.789,0.0</coordinates></Point>
      </Placemark>
      <Placemark>
        <name>Centro De Votacion Brisas De Oriente</name>
        <description>&lt;b&gt;Código CNE:&lt;/b&gt; 140707027&lt;br/&gt;&lt;b&gt;Parroquia:&lt;/b&gt; Boquerón&lt;br/&gt;&lt;b&gt;Mesas:&lt;/b&gt; 1 (01)&lt;br/&gt;&lt;b&gt;Electores:&lt;/b&gt; 831&lt;br/&gt;&lt;b&gt;Estatus:&lt;/b&gt; cubierto</description>
        <styleUrl>#style-centro-electoral</styleUrl>
        <Point><coordinates>-63.199026,9.792513,0.0</coordinates></Point>
      </Placemark>
      <Placemark>
        <name>Centro De Votación Brisas De Sarrapial Renacer 2</name>
        <description>&lt;b&gt;Código CNE:&lt;/b&gt; 140707026&lt;br/&gt;&lt;b&gt;Parroquia:&lt;/b&gt; Boquerón&lt;br/&gt;&lt;b&gt;Mesas:&lt;/b&gt; 2 (01, 02)&lt;br/&gt;&lt;b&gt;Electores:&lt;/b&gt; 1,534&lt;br/&gt;&lt;b&gt;Estatus:&lt;/b&gt; cubierto</description>
        <styleUrl>#style-centro-electoral</styleUrl>
        <Point><coordinates>-63.194439,9.782912,0.0</coordinates></Point>
      </Placemark>
      <Placemark>
        <name>Centro Educativo Inicial Simoncito Aquiles Nazoa</name>
        <description>&lt;b&gt;Código CNE:&lt;/b&gt; 140707030&lt;br/&gt;&lt;b&gt;Parroquia:&lt;/b&gt; Boquerón&lt;br/&gt;&lt;b&gt;Mesas:&lt;/b&gt; 1 (01)&lt;br/&gt;&lt;b&gt;Electores:&lt;/b&gt; 446&lt;br/&gt;&lt;b&gt;Estatus:&lt;/b&gt; cubierto</description>
        <styleUrl>#style-centro-electoral</styleUrl>
        <Point><coordinates>-63.190649,9.794405,0.0</coordinates></Point>
      </Placemark>
      <Placemark>
        <name>Escuela Basica Andres Bello</name>
        <description>&lt;b&gt;Código CNE:&lt;/b&gt; 140707003&lt;br/&gt;&lt;b&gt;Parroquia:&lt;/b&gt; Boquerón&lt;br/&gt;&lt;b&gt;Mesas:&lt;/b&gt; 3 (01, 02, 03)&lt;br/&gt;&lt;b&gt;Electores:&lt;/b&gt; 2,416&lt;br/&gt;&lt;b&gt;Estatus:&lt;/b&gt; cubierto</description>
        <styleUrl>#style-centro-electoral</styleUrl>
        <Point><coordinates>-63.202651,9.787711,0.0</coordinates></Point>
      </Placemark>
      <Placemark>
        <name>Escuela Basica Bolivariana Del Zamuro</name>
        <description>&lt;b&gt;Código CNE:&lt;/b&gt; 140707004&lt;br/&gt;&lt;b&gt;Parroquia:&lt;/b&gt; Boquerón&lt;br/&gt;&lt;b&gt;Mesas:&lt;/b&gt; 1 (01)&lt;br/&gt;&lt;b&gt;Electores:&lt;/b&gt; 749&lt;br/&gt;&lt;b&gt;Estatus:&lt;/b&gt; cubierto</description>
        <styleUrl>#style-centro-electoral</styleUrl>
        <Point><coordinates>-63.187984,9.784749,0.0</coordinates></Point>
      </Placemark>
      <Placemark>
        <name>Escuela Basica Carmen Hernandez De Milano</name>
        <description>&lt;b&gt;Código CNE:&lt;/b&gt; 140707005&lt;br/&gt;&lt;b&gt;Parroquia:&lt;/b&gt; Boquerón&lt;br/&gt;&lt;b&gt;Mesas:&lt;/b&gt; 2 (01, 02)&lt;br/&gt;&lt;b&gt;Electores:&lt;/b&gt; 1,070&lt;br/&gt;&lt;b&gt;Estatus:&lt;/b&gt; cubierto</description>
        <styleUrl>#style-centro-electoral</styleUrl>
        <Point><coordinates>-63.197287,9.797101,0.0</coordinates></Point>
      </Placemark>
      <Placemark>
        <name>Escuela Basica Menca De Leoni</name>
        <description>&lt;b&gt;Código CNE:&lt;/b&gt; 140707010&lt;br/&gt;&lt;b&gt;Parroquia:&lt;/b&gt; Boquerón&lt;br/&gt;&lt;b&gt;Mesas:&lt;/b&gt; 3 (01, 02, 03)&lt;br/&gt;&lt;b&gt;Electores:&lt;/b&gt; 2,928&lt;br/&gt;&lt;b&gt;Estatus:&lt;/b&gt; prioritario</description>
        <styleUrl>#style-centro-electoral</styleUrl>
        <Point><coordinates>-63.199269,9.781172,0.0</coordinates></Point>
      </Placemark>
      <Placemark>
        <name>Escuela Básica Bolivariana Guayabal</name>
        <description>&lt;b&gt;Código CNE:&lt;/b&gt; 140707002&lt;br/&gt;&lt;b&gt;Parroquia:&lt;/b&gt; Boquerón&lt;br/&gt;&lt;b&gt;Mesas:&lt;/b&gt; 1 (01)&lt;br/&gt;&lt;b&gt;Electores:&lt;/b&gt; 1,259&lt;br/&gt;&lt;b&gt;Estatus:&lt;/b&gt; cubierto</description>
        <styleUrl>#style-centro-electoral</styleUrl>
        <Point><coordinates>-63.185904,9.792163,0.0</coordinates></Point>
      </Placemark>
      <Placemark>
        <name>Escuela Básica Doctor Luis Beltran Prieto Figueroa</name>
        <description>&lt;b&gt;Código CNE:&lt;/b&gt; 140707017&lt;br/&gt;&lt;b&gt;Parroquia:&lt;/b&gt; Boquerón&lt;br/&gt;&lt;b&gt;Mesas:&lt;/b&gt; 2 (01, 02)&lt;br/&gt;&lt;b&gt;Electores:&lt;/b&gt; 1,103&lt;br/&gt;&lt;b&gt;Estatus:&lt;/b&gt; cubierto</description>
        <styleUrl>#style-centro-electoral</styleUrl>
        <Point><coordinates>-63.204317,9.792663,0.0</coordinates></Point>
      </Placemark>
      <Placemark>
        <name>Escuela Básica El Rincón Del Costo</name>
        <description>&lt;b&gt;Código CNE:&lt;/b&gt; 140707023&lt;br/&gt;&lt;b&gt;Parroquia:&lt;/b&gt; Boquerón&lt;br/&gt;&lt;b&gt;Mesas:&lt;/b&gt; 1 (01)&lt;br/&gt;&lt;b&gt;Electores:&lt;/b&gt; 764&lt;br/&gt;&lt;b&gt;Estatus:&lt;/b&gt; cubierto</description>
        <styleUrl>#style-centro-electoral</styleUrl>
        <Point><coordinates>-63.190569,9.779981,0.0</coordinates></Point>
      </Placemark>
      <Placemark>
        <name>Escuela Básica Luisa Teresa Sosa</name>
        <description>&lt;b&gt;Código CNE:&lt;/b&gt; 140707007&lt;br/&gt;&lt;b&gt;Parroquia:&lt;/b&gt; Boquerón&lt;br/&gt;&lt;b&gt;Mesas:&lt;/b&gt; 5 (01, 02, 03, 04, 05)&lt;br/&gt;&lt;b&gt;Electores:&lt;/b&gt; 4,567&lt;br/&gt;&lt;b&gt;Estatus:&lt;/b&gt; prioritario</description>
        <styleUrl>#style-centro-electoral</styleUrl>
        <Point><coordinates>-63.191764,9.798825,0.0</coordinates></Point>
      </Placemark>
      <Placemark>
        <name>Escuela Básica Rural Santa Elena De Viboral</name>
        <description>&lt;b&gt;Código CNE:&lt;/b&gt; 140707015&lt;br/&gt;&lt;b&gt;Parroquia:&lt;/b&gt; Boquerón&lt;br/&gt;&lt;b&gt;Mesas:&lt;/b&gt; 3 (02, 03, 04)&lt;br/&gt;&lt;b&gt;Electores:&lt;/b&gt; 3,672&lt;br/&gt;&lt;b&gt;Estatus:&lt;/b&gt; prioritario</description>
        <styleUrl>#style-centro-electoral</styleUrl>
        <Point><coordinates>-63.204649,9.783675,0.0</coordinates></Point>
      </Placemark>
      <Placemark>
        <name>Escuela Primaria Nacional Bolivariana La Sabana Del Zorro</name>
        <description>&lt;b&gt;Código CNE:&lt;/b&gt; 140707021&lt;br/&gt;&lt;b&gt;Parroquia:&lt;/b&gt; Boquerón&lt;br/&gt;&lt;b&gt;Mesas:&lt;/b&gt; 1 (02)&lt;br/&gt;&lt;b&gt;Electores:&lt;/b&gt; 1,069&lt;br/&gt;&lt;b&gt;Estatus:&lt;/b&gt; cubierto</description>
        <styleUrl>#style-centro-electoral</styleUrl>
        <Point><coordinates>-63.183789,9.786652,0.0</coordinates></Point>
      </Placemark>
      <Placemark>
        <name>Liceo Nacional Salvador Allende</name>
        <description>&lt;b&gt;Código CNE:&lt;/b&gt; 140707016&lt;br/&gt;&lt;b&gt;Parroquia:&lt;/b&gt; Boquerón&lt;br/&gt;&lt;b&gt;Mesas:&lt;/b&gt; 2 (01, 02)&lt;br/&gt;&lt;b&gt;Electores:&lt;/b&gt; 1,967&lt;br/&gt;&lt;b&gt;Estatus:&lt;/b&gt; cubierto</description>
        <styleUrl>#style-centro-electoral</styleUrl>
        <Point><coordinates>-63.201782,9.798188,0.0</coordinates></Point>
      </Placemark>
      <Placemark>
        <name>Liceo Simón Bolívar</name>
        <description>&lt;b&gt;Código CNE:&lt;/b&gt; 140707008&lt;br/&gt;&lt;b&gt;Parroquia:&lt;/b&gt; Boquerón&lt;br/&gt;&lt;b&gt;Mesas:&lt;/b&gt; 5 (01, 02, 04, 05, 06)&lt;br/&gt;&lt;b&gt;Electores:&lt;/b&gt; 5,186&lt;br/&gt;&lt;b&gt;Estatus:&lt;/b&gt; prioritario</description>
        <styleUrl>#style-centro-electoral</styleUrl>
        <Point><coordinates>-63.196555,9.777575,0.0</coordinates></Point>
      </Placemark>
      <Placemark>
        <name>Unidad Educativa Luisa Jimenez De Canelon</name>
        <description>&lt;b&gt;Código CNE:&lt;/b&gt; 140707011&lt;br/&gt;&lt;b&gt;Parroquia:&lt;/b&gt; Boquerón&lt;br/&gt;&lt;b&gt;Mesas:&lt;/b&gt; 3 (01, 02, 03)&lt;br/&gt;&lt;b&gt;Electores:&lt;/b&gt; 2,199&lt;br/&gt;&lt;b&gt;Estatus:&lt;/b&gt; cubierto</description>
        <styleUrl>#style-centro-electoral</styleUrl>
        <Point><coordinates>-63.185526,9.796604,0.0</coordinates></Point>
      </Placemark>
      <Placemark>
        <name>Unidad Educativa José Gregorio Monagas</name>
        <description>&lt;b&gt;Código CNE:&lt;/b&gt; 140703001&lt;br/&gt;&lt;b&gt;Parroquia:&lt;/b&gt; El Corozo&lt;br/&gt;&lt;b&gt;Mesas:&lt;/b&gt; 3 (01, 02, 03)&lt;br/&gt;&lt;b&gt;Electores:&lt;/b&gt; 2,606&lt;br/&gt;&lt;b&gt;Estatus:&lt;/b&gt; prioritario</description>
        <styleUrl>#style-centro-electoral</styleUrl>
        <Point><coordinates>-63.216,9.676,0.0</coordinates></Point>
      </Placemark>
      <Placemark>
        <name>Grupo Escolar Felicia Rondón De Cabello</name>
        <description>&lt;b&gt;Código CNE:&lt;/b&gt; 140708001&lt;br/&gt;&lt;b&gt;Parroquia:&lt;/b&gt; El Furrial&lt;br/&gt;&lt;b&gt;Mesas:&lt;/b&gt; 5 (01, 02, 03, 04, 05)&lt;br/&gt;&lt;b&gt;Electores:&lt;/b&gt; 3,910&lt;br/&gt;&lt;b&gt;Estatus:&lt;/b&gt; prioritario</description>
        <styleUrl>#style-centro-electoral</styleUrl>
        <Point><coordinates>-63.366,9.726,0.0</coordinates></Point>
      </Placemark>
      <Placemark>
        <name>Liceo Nacional El Furrial</name>
        <description>&lt;b&gt;Código CNE:&lt;/b&gt; 140708002&lt;br/&gt;&lt;b&gt;Parroquia:&lt;/b&gt; El Furrial&lt;br/&gt;&lt;b&gt;Mesas:&lt;/b&gt; 3 (01, 02, 03)&lt;br/&gt;&lt;b&gt;Electores:&lt;/b&gt; 2,480&lt;br/&gt;&lt;b&gt;Estatus:&lt;/b&gt; cubierto</description>
        <styleUrl>#style-centro-electoral</styleUrl>
        <Point><coordinates>-63.372,9.731,0.0</coordinates></Point>
      </Placemark>
      <Placemark>
        <name>Escuela Básica Corocito De El Furrial</name>
        <description>&lt;b&gt;Código CNE:&lt;/b&gt; 140708003&lt;br/&gt;&lt;b&gt;Parroquia:&lt;/b&gt; El Furrial&lt;br/&gt;&lt;b&gt;Mesas:&lt;/b&gt; 2 (01, 02)&lt;br/&gt;&lt;b&gt;Electores:&lt;/b&gt; 1,390&lt;br/&gt;&lt;b&gt;Estatus:&lt;/b&gt; cubierto</description>
        <styleUrl>#style-centro-electoral</styleUrl>
        <Point><coordinates>-63.354,9.715,0.0</coordinates></Point>
      </Placemark>
      <Placemark>
        <name>Centro De Educaciòn Inicial Anexo Doctor José María Vargas</name>
        <description>&lt;b&gt;Código CNE:&lt;/b&gt; 140702006&lt;br/&gt;&lt;b&gt;Parroquia:&lt;/b&gt; Jusepín&lt;br/&gt;&lt;b&gt;Mesas:&lt;/b&gt; 1 (01)&lt;br/&gt;&lt;b&gt;Electores:&lt;/b&gt; 776&lt;br/&gt;&lt;b&gt;Estatus:&lt;/b&gt; cubierto</description>
        <styleUrl>#style-centro-electoral</styleUrl>
        <Point><coordinates>-63.50085,9.749,0.0</coordinates></Point>
      </Placemark>
      <Placemark>
        <name>Escuela Básica Bolivariana Barrancas</name>
        <description>&lt;b&gt;Código CNE:&lt;/b&gt; 140702004&lt;br/&gt;&lt;b&gt;Parroquia:&lt;/b&gt; Jusepín&lt;br/&gt;&lt;b&gt;Mesas:&lt;/b&gt; 1 (01)&lt;br/&gt;&lt;b&gt;Electores:&lt;/b&gt; 841&lt;br/&gt;&lt;b&gt;Estatus:&lt;/b&gt; cubierto</description>
        <styleUrl>#style-centro-electoral</styleUrl>
        <Point><coordinates>-63.508026,9.752513,0.0</coordinates></Point>
      </Placemark>
      <Placemark>
        <name>Escuela Básica Bolivariana Doctor José María Vargas</name>
        <description>&lt;b&gt;Código CNE:&lt;/b&gt; 140702001&lt;br/&gt;&lt;b&gt;Parroquia:&lt;/b&gt; Jusepín&lt;br/&gt;&lt;b&gt;Mesas:&lt;/b&gt; 3 (01, 02, 03)&lt;br/&gt;&lt;b&gt;Electores:&lt;/b&gt; 2,732&lt;br/&gt;&lt;b&gt;Estatus:&lt;/b&gt; prioritario</description>
        <styleUrl>#style-centro-electoral</styleUrl>
        <Point><coordinates>-63.504,9.749,0.0</coordinates></Point>
      </Placemark>
      <Placemark>
        <name>Escuela Básica Bolivariana Santiago Mariño</name>
        <description>&lt;b&gt;Código CNE:&lt;/b&gt; 140702002&lt;br/&gt;&lt;b&gt;Parroquia:&lt;/b&gt; Jusepín&lt;br/&gt;&lt;b&gt;Mesas:&lt;/b&gt; 1 (01)&lt;br/&gt;&lt;b&gt;Electores:&lt;/b&gt; 684&lt;br/&gt;&lt;b&gt;Estatus:&lt;/b&gt; cubierto</description>
        <styleUrl>#style-centro-electoral</styleUrl>
        <Point><coordinates>-63.503439,9.742912,0.0</coordinates></Point>
      </Placemark>
      <Placemark>
        <name>Escuela Básica Plácido Maneiro</name>
        <description>&lt;b&gt;Código CNE:&lt;/b&gt; 140702003&lt;br/&gt;&lt;b&gt;Parroquia:&lt;/b&gt; Jusepín&lt;br/&gt;&lt;b&gt;Mesas:&lt;/b&gt; 3 (01, 02, 03)&lt;br/&gt;&lt;b&gt;Electores:&lt;/b&gt; 3,086&lt;br/&gt;&lt;b&gt;Estatus:&lt;/b&gt; prioritario</description>
        <styleUrl>#style-centro-electoral</styleUrl>
        <Point><coordinates>-63.499649,9.754405,0.0</coordinates></Point>
      </Placemark>
      <Placemark>
        <name>Preescolar Jose Enrique Rodríguez  Antiguo El Cairo</name>
        <description>&lt;b&gt;Código CNE:&lt;/b&gt; 140702008&lt;br/&gt;&lt;b&gt;Parroquia:&lt;/b&gt; Jusepín&lt;br/&gt;&lt;b&gt;Mesas:&lt;/b&gt; 1 (01)&lt;br/&gt;&lt;b&gt;Electores:&lt;/b&gt; 437&lt;br/&gt;&lt;b&gt;Estatus:&lt;/b&gt; cubierto</description>
        <styleUrl>#style-centro-electoral</styleUrl>
        <Point><coordinates>-63.511651,9.747711,0.0</coordinates></Point>
      </Placemark>
      <Placemark>
        <name>Unidad Educativa Anatilde Salcedo Fe Y Alegría</name>
        <description>&lt;b&gt;Código CNE:&lt;/b&gt; 140702005&lt;br/&gt;&lt;b&gt;Parroquia:&lt;/b&gt; Jusepín&lt;br/&gt;&lt;b&gt;Mesas:&lt;/b&gt; 1 (01)&lt;br/&gt;&lt;b&gt;Electores:&lt;/b&gt; 756&lt;br/&gt;&lt;b&gt;Estatus:&lt;/b&gt; cubierto</description>
        <styleUrl>#style-centro-electoral</styleUrl>
        <Point><coordinates>-63.496984,9.744749,0.0</coordinates></Point>
      </Placemark>
      <Placemark>
        <name>Centro Educación Inicial Bolivariano Nuestra Señora De Lourdes</name>
        <description>&lt;b&gt;Código CNE:&lt;/b&gt; 140705012&lt;br/&gt;&lt;b&gt;Parroquia:&lt;/b&gt; La Pica&lt;br/&gt;&lt;b&gt;Mesas:&lt;/b&gt; 1 (01)&lt;br/&gt;&lt;b&gt;Electores:&lt;/b&gt; 993&lt;br/&gt;&lt;b&gt;Estatus:&lt;/b&gt; cubierto</description>
        <styleUrl>#style-centro-electoral</styleUrl>
        <Point><coordinates>-63.07585,9.776,0.0</coordinates></Point>
      </Placemark>
      <Placemark>
        <name>Complejo Educativo Fanny Centeno</name>
        <description>&lt;b&gt;Código CNE:&lt;/b&gt; 140705004&lt;br/&gt;&lt;b&gt;Parroquia:&lt;/b&gt; La Pica&lt;br/&gt;&lt;b&gt;Mesas:&lt;/b&gt; 1 (01)&lt;br/&gt;&lt;b&gt;Electores:&lt;/b&gt; 1,731&lt;br/&gt;&lt;b&gt;Estatus:&lt;/b&gt; cubierto</description>
        <styleUrl>#style-centro-electoral</styleUrl>
        <Point><coordinates>-63.083026,9.779513,0.0</coordinates></Point>
      </Placemark>
      <Placemark>
        <name>Complejo Educativo Nacional El Barril</name>
        <description>&lt;b&gt;Código CNE:&lt;/b&gt; 140705009&lt;br/&gt;&lt;b&gt;Parroquia:&lt;/b&gt; La Pica&lt;br/&gt;&lt;b&gt;Mesas:&lt;/b&gt; 1 (01)&lt;br/&gt;&lt;b&gt;Electores:&lt;/b&gt; 521&lt;br/&gt;&lt;b&gt;Estatus:&lt;/b&gt; cubierto</description>
        <styleUrl>#style-centro-electoral</styleUrl>
        <Point><coordinates>-63.078439,9.769912,0.0</coordinates></Point>
      </Placemark>
      <Placemark>
        <name>Escuela Básica Bolivariana La Esperanza</name>
        <description>&lt;b&gt;Código CNE:&lt;/b&gt; 140705005&lt;br/&gt;&lt;b&gt;Parroquia:&lt;/b&gt; La Pica&lt;br/&gt;&lt;b&gt;Mesas:&lt;/b&gt; 1 (01)&lt;br/&gt;&lt;b&gt;Electores:&lt;/b&gt; 580&lt;br/&gt;&lt;b&gt;Estatus:&lt;/b&gt; cubierto</description>
        <styleUrl>#style-centro-electoral</styleUrl>
        <Point><coordinates>-63.074649,9.781405,0.0</coordinates></Point>
      </Placemark>
      <Placemark>
        <name>Escuela Básica Bolivariana La Locación</name>
        <description>&lt;b&gt;Código CNE:&lt;/b&gt; 140705007&lt;br/&gt;&lt;b&gt;Parroquia:&lt;/b&gt; La Pica&lt;br/&gt;&lt;b&gt;Mesas:&lt;/b&gt; 1 (01)&lt;br/&gt;&lt;b&gt;Electores:&lt;/b&gt; 327&lt;br/&gt;&lt;b&gt;Estatus:&lt;/b&gt; cubierto</description>
        <styleUrl>#style-centro-electoral</styleUrl>
        <Point><coordinates>-63.086651,9.774711,0.0</coordinates></Point>
      </Placemark>
      <Placemark>
        <name>Internado Judicial De Monagas</name>
        <description>&lt;b&gt;Código CNE:&lt;/b&gt; 140705003&lt;br/&gt;&lt;b&gt;Parroquia:&lt;/b&gt; La Pica&lt;br/&gt;&lt;b&gt;Mesas:&lt;/b&gt; 1 (01)&lt;br/&gt;&lt;b&gt;Electores:&lt;/b&gt; 665&lt;br/&gt;&lt;b&gt;Estatus:&lt;/b&gt; cubierto</description>
        <styleUrl>#style-centro-electoral</styleUrl>
        <Point><coordinates>-63.092,9.761,0.0</coordinates></Point>
      </Placemark>
      <Placemark>
        <name>Liceo Nacional José Félix Ribas</name>
        <description>&lt;b&gt;Código CNE:&lt;/b&gt; 140705002&lt;br/&gt;&lt;b&gt;Parroquia:&lt;/b&gt; La Pica&lt;br/&gt;&lt;b&gt;Mesas:&lt;/b&gt; 2 (01, 02)&lt;br/&gt;&lt;b&gt;Electores:&lt;/b&gt; 1,278&lt;br/&gt;&lt;b&gt;Estatus:&lt;/b&gt; cubierto</description>
        <styleUrl>#style-centro-electoral</styleUrl>
        <Point><coordinates>-63.068,9.782,0.0</coordinates></Point>
      </Placemark>
      <Placemark>
        <name>Unidad Educativa Bolivariana Vuelta Larga</name>
        <description>&lt;b&gt;Código CNE:&lt;/b&gt; 140705006&lt;br/&gt;&lt;b&gt;Parroquia:&lt;/b&gt; La Pica&lt;br/&gt;&lt;b&gt;Mesas:&lt;/b&gt; 1 (01)&lt;br/&gt;&lt;b&gt;Electores:&lt;/b&gt; 801&lt;br/&gt;&lt;b&gt;Estatus:&lt;/b&gt; cubierto</description>
        <styleUrl>#style-centro-electoral</styleUrl>
        <Point><coordinates>-63.071984,9.771749,0.0</coordinates></Point>
      </Placemark>
      <Placemark>
        <name>Casa De Abrigo Jose Mercedes Santeliz</name>
        <description>&lt;b&gt;Código CNE:&lt;/b&gt; 140708035&lt;br/&gt;&lt;b&gt;Parroquia:&lt;/b&gt; Las Cocuizas&lt;br/&gt;&lt;b&gt;Mesas:&lt;/b&gt; 1 (01)&lt;br/&gt;&lt;b&gt;Electores:&lt;/b&gt; 797&lt;br/&gt;&lt;b&gt;Estatus:&lt;/b&gt; cubierto</description>
        <styleUrl>#style-centro-electoral</styleUrl>
        <Point><coordinates>-63.14585,9.758,0.0</coordinates></Point>
      </Placemark>
      <Placemark>
        <name>Centro De Educación Inicial Doña Faustina Saez De Alfaro</name>
        <description>&lt;b&gt;Código CNE:&lt;/b&gt; 140708015&lt;br/&gt;&lt;b&gt;Parroquia:&lt;/b&gt; Las Cocuizas&lt;br/&gt;&lt;b&gt;Mesas:&lt;/b&gt; 2 (01, 02)&lt;br/&gt;&lt;b&gt;Electores:&lt;/b&gt; 1,452&lt;br/&gt;&lt;b&gt;Estatus:&lt;/b&gt; cubierto</description>
        <styleUrl>#style-centro-electoral</styleUrl>
        <Point><coordinates>-63.153026,9.761513,0.0</coordinates></Point>
      </Placemark>
      <Placemark>
        <name>Centro De Niño Y Familia Agustin Salazar</name>
        <description>&lt;b&gt;Código CNE:&lt;/b&gt; 140708030&lt;br/&gt;&lt;b&gt;Parroquia:&lt;/b&gt; Las Cocuizas&lt;br/&gt;&lt;b&gt;Mesas:&lt;/b&gt; 2 (01, 02)&lt;br/&gt;&lt;b&gt;Electores:&lt;/b&gt; 1,327&lt;br/&gt;&lt;b&gt;Estatus:&lt;/b&gt; cubierto</description>
        <styleUrl>#style-centro-electoral</styleUrl>
        <Point><coordinates>-63.148439,9.751912,0.0</coordinates></Point>
      </Placemark>
      <Placemark>
        <name>Centro De Servicio Social Residencial Y Ambulatorio Doctor Marcos Serres Padilla</name>
        <description>&lt;b&gt;Código CNE:&lt;/b&gt; 140708032&lt;br/&gt;&lt;b&gt;Parroquia:&lt;/b&gt; Las Cocuizas&lt;br/&gt;&lt;b&gt;Mesas:&lt;/b&gt; 1 (01)&lt;br/&gt;&lt;b&gt;Electores:&lt;/b&gt; 364&lt;br/&gt;&lt;b&gt;Estatus:&lt;/b&gt; cubierto</description>
        <styleUrl>#style-centro-electoral</styleUrl>
        <Point><coordinates>-63.144649,9.763405,0.0</coordinates></Point>
      </Placemark>
      <Placemark>
        <name>Centro De Votacion Juventud</name>
        <description>&lt;b&gt;Código CNE:&lt;/b&gt; 140708044&lt;br/&gt;&lt;b&gt;Parroquia:&lt;/b&gt; Las Cocuizas&lt;br/&gt;&lt;b&gt;Mesas:&lt;/b&gt; 1 (01)&lt;br/&gt;&lt;b&gt;Electores:&lt;/b&gt; 365&lt;br/&gt;&lt;b&gt;Estatus:&lt;/b&gt; cubierto</description>
        <styleUrl>#style-centro-electoral</styleUrl>
        <Point><coordinates>-63.156651,9.756711,0.0</coordinates></Point>
      </Placemark>
      <Placemark>
        <name>Centro De Votacion Los Capachos</name>
        <description>&lt;b&gt;Código CNE:&lt;/b&gt; 140708041&lt;br/&gt;&lt;b&gt;Parroquia:&lt;/b&gt; Las Cocuizas&lt;br/&gt;&lt;b&gt;Mesas:&lt;/b&gt; 1 (01)&lt;br/&gt;&lt;b&gt;Electores:&lt;/b&gt; 330&lt;br/&gt;&lt;b&gt;Estatus:&lt;/b&gt; cubierto</description>
        <styleUrl>#style-centro-electoral</styleUrl>
        <Point><coordinates>-63.141984,9.753749,0.0</coordinates></Point>
      </Placemark>
      <Placemark>
        <name>Centro De Votacion Socialista Terrazas De Campo Alegre</name>
        <description>&lt;b&gt;Código CNE:&lt;/b&gt; 140708046&lt;br/&gt;&lt;b&gt;Parroquia:&lt;/b&gt; Las Cocuizas&lt;br/&gt;&lt;b&gt;Mesas:&lt;/b&gt; 1 (01)&lt;br/&gt;&lt;b&gt;Electores:&lt;/b&gt; 227&lt;br/&gt;&lt;b&gt;Estatus:&lt;/b&gt; cubierto</description>
        <styleUrl>#style-centro-electoral</styleUrl>
        <Point><coordinates>-63.151287,9.766101,0.0</coordinates></Point>
      </Placemark>
      <Placemark>
        <name>Centro De Votacion Virgen Del Carmen</name>
        <description>&lt;b&gt;Código CNE:&lt;/b&gt; 140708045&lt;br/&gt;&lt;b&gt;Parroquia:&lt;/b&gt; Las Cocuizas&lt;br/&gt;&lt;b&gt;Mesas:&lt;/b&gt; 1 (01)&lt;br/&gt;&lt;b&gt;Electores:&lt;/b&gt; 674&lt;br/&gt;&lt;b&gt;Estatus:&lt;/b&gt; cubierto</description>
        <styleUrl>#style-centro-electoral</styleUrl>
        <Point><coordinates>-63.153269,9.750172,0.0</coordinates></Point>
      </Placemark>
      <Placemark>
        <name>Complejo Educativo  Angel De La Guarda Fe Y Alegría</name>
        <description>&lt;b&gt;Código CNE:&lt;/b&gt; 140708018&lt;br/&gt;&lt;b&gt;Parroquia:&lt;/b&gt; Las Cocuizas&lt;br/&gt;&lt;b&gt;Mesas:&lt;/b&gt; 4 (01, 02, 03, 04)&lt;br/&gt;&lt;b&gt;Electores:&lt;/b&gt; 4,212&lt;br/&gt;&lt;b&gt;Estatus:&lt;/b&gt; prioritario</description>
        <styleUrl>#style-centro-electoral</styleUrl>
        <Point><coordinates>-63.139904,9.761163,0.0</coordinates></Point>
      </Placemark>
      <Placemark>
        <name>Complejo Educativo General Ezequiel Zamora</name>
        <description>&lt;b&gt;Código CNE:&lt;/b&gt; 140708037&lt;br/&gt;&lt;b&gt;Parroquia:&lt;/b&gt; Las Cocuizas&lt;br/&gt;&lt;b&gt;Mesas:&lt;/b&gt; 1 (02)&lt;br/&gt;&lt;b&gt;Electores:&lt;/b&gt; 1,407&lt;br/&gt;&lt;b&gt;Estatus:&lt;/b&gt; cubierto</description>
        <styleUrl>#style-centro-electoral</styleUrl>
        <Point><coordinates>-63.158317,9.761663,0.0</coordinates></Point>
      </Placemark>
      <Placemark>
        <name>Complejo Educativo Nacional Andres Bello</name>
        <description>&lt;b&gt;Código CNE:&lt;/b&gt; 140708017&lt;br/&gt;&lt;b&gt;Parroquia:&lt;/b&gt; Las Cocuizas&lt;br/&gt;&lt;b&gt;Mesas:&lt;/b&gt; 4 (01, 02, 03, 04)&lt;br/&gt;&lt;b&gt;Electores:&lt;/b&gt; 3,593&lt;br/&gt;&lt;b&gt;Estatus:&lt;/b&gt; prioritario</description>
        <styleUrl>#style-centro-electoral</styleUrl>
        <Point><coordinates>-63.144569,9.748981,0.0</coordinates></Point>
      </Placemark>
      <Placemark>
        <name>Complejo Educativo Nacional Leonardo Infante</name>
        <description>&lt;b&gt;Código CNE:&lt;/b&gt; 140708008&lt;br/&gt;&lt;b&gt;Parroquia:&lt;/b&gt; Las Cocuizas&lt;br/&gt;&lt;b&gt;Mesas:&lt;/b&gt; 5 (01, 02, 04, 05, 06)&lt;br/&gt;&lt;b&gt;Electores:&lt;/b&gt; 5,526&lt;br/&gt;&lt;b&gt;Estatus:&lt;/b&gt; prioritario</description>
        <styleUrl>#style-centro-electoral</styleUrl>
        <Point><coordinates>-63.145764,9.767825,0.0</coordinates></Point>
      </Placemark>
      <Placemark>
        <name>Escuela Basica Bolivariana Pedro Maximo Campos</name>
        <description>&lt;b&gt;Código CNE:&lt;/b&gt; 140708010&lt;br/&gt;&lt;b&gt;Parroquia:&lt;/b&gt; Las Cocuizas&lt;br/&gt;&lt;b&gt;Mesas:&lt;/b&gt; 2 (01, 02)&lt;br/&gt;&lt;b&gt;Electores:&lt;/b&gt; 1,506&lt;br/&gt;&lt;b&gt;Estatus:&lt;/b&gt; cubierto</description>
        <styleUrl>#style-centro-electoral</styleUrl>
        <Point><coordinates>-63.158649,9.752675,0.0</coordinates></Point>
      </Placemark>
      <Placemark>
        <name>Escuela Basica Cecilio Acosta</name>
        <description>&lt;b&gt;Código CNE:&lt;/b&gt; 140708016&lt;br/&gt;&lt;b&gt;Parroquia:&lt;/b&gt; Las Cocuizas&lt;br/&gt;&lt;b&gt;Mesas:&lt;/b&gt; 1 (01)&lt;br/&gt;&lt;b&gt;Electores:&lt;/b&gt; 3,188&lt;br/&gt;&lt;b&gt;Estatus:&lt;/b&gt; prioritario</description>
        <styleUrl>#style-centro-electoral</styleUrl>
        <Point><coordinates>-63.137789,9.755652,0.0</coordinates></Point>
      </Placemark>
      <Placemark>
        <name>Escuela Basica Doctor Ernesto Che Guevara</name>
        <description>&lt;b&gt;Código CNE:&lt;/b&gt; 140708027&lt;br/&gt;&lt;b&gt;Parroquia:&lt;/b&gt; Las Cocuizas&lt;br/&gt;&lt;b&gt;Mesas:&lt;/b&gt; 1 (01)&lt;br/&gt;&lt;b&gt;Electores:&lt;/b&gt; 814&lt;br/&gt;&lt;b&gt;Estatus:&lt;/b&gt; cubierto</description>
        <styleUrl>#style-centro-electoral</styleUrl>
        <Point><coordinates>-63.155782,9.767188,0.0</coordinates></Point>
      </Placemark>
      <Placemark>
        <name>Escuela Basica Federico Hands</name>
        <description>&lt;b&gt;Código CNE:&lt;/b&gt; 140708001&lt;br/&gt;&lt;b&gt;Parroquia:&lt;/b&gt; Las Cocuizas&lt;br/&gt;&lt;b&gt;Mesas:&lt;/b&gt; 3 (01, 02, 03)&lt;br/&gt;&lt;b&gt;Electores:&lt;/b&gt; 2,580&lt;br/&gt;&lt;b&gt;Estatus:&lt;/b&gt; prioritario</description>
        <styleUrl>#style-centro-electoral</styleUrl>
        <Point><coordinates>-63.150555,9.746575,0.0</coordinates></Point>
      </Placemark>
      <Placemark>
        <name>Escuela Basica Francisco De Miranda</name>
        <description>&lt;b&gt;Código CNE:&lt;/b&gt; 140708006&lt;br/&gt;&lt;b&gt;Parroquia:&lt;/b&gt; Las Cocuizas&lt;br/&gt;&lt;b&gt;Mesas:&lt;/b&gt; 2 (01, 02)&lt;br/&gt;&lt;b&gt;Electores:&lt;/b&gt; 1,860&lt;br/&gt;&lt;b&gt;Estatus:&lt;/b&gt; cubierto</description>
        <styleUrl>#style-centro-electoral</styleUrl>
        <Point><coordinates>-63.139526,9.765604,0.0</coordinates></Point>
      </Placemark>
      <Placemark>
        <name>Escuela Basica Nacional Mereyal</name>
        <description>&lt;b&gt;Código CNE:&lt;/b&gt; 140708020&lt;br/&gt;&lt;b&gt;Parroquia:&lt;/b&gt; Las Cocuizas&lt;br/&gt;&lt;b&gt;Mesas:&lt;/b&gt; 2 (01, 02)&lt;br/&gt;&lt;b&gt;Electores:&lt;/b&gt; 1,536&lt;br/&gt;&lt;b&gt;Estatus:&lt;/b&gt; cubierto</description>
        <styleUrl>#style-centro-electoral</styleUrl>
        <Point><coordinates>-63.161664,9.758499,0.0</coordinates></Point>
      </Placemark>
      <Placemark>
        <name>Escuela Basica Pablo Emilio Castillo</name>
        <description>&lt;b&gt;Código CNE:&lt;/b&gt; 140708014&lt;br/&gt;&lt;b&gt;Parroquia:&lt;/b&gt; Las Cocuizas&lt;br/&gt;&lt;b&gt;Mesas:&lt;/b&gt; 3 (01, 03, 04)&lt;br/&gt;&lt;b&gt;Electores:&lt;/b&gt; 3,137&lt;br/&gt;&lt;b&gt;Estatus:&lt;/b&gt; prioritario</description>
        <styleUrl>#style-centro-electoral</styleUrl>
        <Point><coordinates>-63.139821,9.749299,0.0</coordinates></Point>
      </Placemark>
      <Placemark>
        <name>Escuela Basica Primero De Mayo</name>
        <description>&lt;b&gt;Código CNE:&lt;/b&gt; 140708019&lt;br/&gt;&lt;b&gt;Parroquia:&lt;/b&gt; Las Cocuizas&lt;br/&gt;&lt;b&gt;Mesas:&lt;/b&gt; 4 (02, 03, 04, 05)&lt;br/&gt;&lt;b&gt;Electores:&lt;/b&gt; 4,082&lt;br/&gt;&lt;b&gt;Estatus:&lt;/b&gt; prioritario</description>
        <styleUrl>#style-centro-electoral</styleUrl>
        <Point><coordinates>-63.14961,9.770576,0.0</coordinates></Point>
      </Placemark>
      <Placemark>
        <name>Escuela Basica Simon Rodriguez</name>
        <description>&lt;b&gt;Código CNE:&lt;/b&gt; 140708005&lt;br/&gt;&lt;b&gt;Parroquia:&lt;/b&gt; Las Cocuizas&lt;br/&gt;&lt;b&gt;Mesas:&lt;/b&gt; 2 (01, 02)&lt;br/&gt;&lt;b&gt;Electores:&lt;/b&gt; 1,816&lt;br/&gt;&lt;b&gt;Estatus:&lt;/b&gt; cubierto</description>
        <styleUrl>#style-centro-electoral</styleUrl>
        <Point><coordinates>-63.157638,9.748143,0.0</coordinates></Point>
      </Placemark>
      <Placemark>
        <name>Escuela Básica Gregorio Rondón</name>
        <description>&lt;b&gt;Código CNE:&lt;/b&gt; 140708002&lt;br/&gt;&lt;b&gt;Parroquia:&lt;/b&gt; Las Cocuizas&lt;br/&gt;&lt;b&gt;Mesas:&lt;/b&gt; 4 (01, 02, 03, 04)&lt;br/&gt;&lt;b&gt;Electores:&lt;/b&gt; 3,114&lt;br/&gt;&lt;b&gt;Estatus:&lt;/b&gt; prioritario</description>
        <styleUrl>#style-centro-electoral</styleUrl>
        <Point><coordinates>-63.135387,9.759744,0.0</coordinates></Point>
      </Placemark>
      <Placemark>
        <name>Escuela Nacional Inicial Simoncito La Florecita</name>
        <description>&lt;b&gt;Código CNE:&lt;/b&gt; 140708029&lt;br/&gt;&lt;b&gt;Parroquia:&lt;/b&gt; Las Cocuizas&lt;br/&gt;&lt;b&gt;Mesas:&lt;/b&gt; 1 (01)&lt;br/&gt;&lt;b&gt;Electores:&lt;/b&gt; 745&lt;br/&gt;&lt;b&gt;Estatus:&lt;/b&gt; cubierto</description>
        <styleUrl>#style-centro-electoral</styleUrl>
        <Point><coordinates>-63.160479,9.765608,0.0</coordinates></Point>
      </Placemark>
      <Placemark>
        <name>Escuela Tecnica Industrial Maturin Eti</name>
        <description>&lt;b&gt;Código CNE:&lt;/b&gt; 140708003&lt;br/&gt;&lt;b&gt;Parroquia:&lt;/b&gt; Las Cocuizas&lt;br/&gt;&lt;b&gt;Mesas:&lt;/b&gt; 3 (01, 02, 03)&lt;br/&gt;&lt;b&gt;Electores:&lt;/b&gt; 2,369&lt;br/&gt;&lt;b&gt;Estatus:&lt;/b&gt; cubierto</description>
        <styleUrl>#style-centro-electoral</styleUrl>
        <Point><coordinates>-63.145878,9.744779,0.0</coordinates></Point>
      </Placemark>
      <Placemark>
        <name>Instituto Nacional De Cooperación Educativa Inces</name>
        <description>&lt;b&gt;Código CNE:&lt;/b&gt; 140708011&lt;br/&gt;&lt;b&gt;Parroquia:&lt;/b&gt; Las Cocuizas&lt;br/&gt;&lt;b&gt;Mesas:&lt;/b&gt; 3 (01, 02, 03)&lt;br/&gt;&lt;b&gt;Electores:&lt;/b&gt; 2,172&lt;br/&gt;&lt;b&gt;Estatus:&lt;/b&gt; cubierto</description>
        <styleUrl>#style-centro-electoral</styleUrl>
        <Point><coordinates>-63.141806,9.769954,0.0</coordinates></Point>
      </Placemark>
      <Placemark>
        <name>Instituto Nacional De Cooperación Educativa Socialista Militar</name>
        <description>&lt;b&gt;Código CNE:&lt;/b&gt; 140708038&lt;br/&gt;&lt;b&gt;Parroquia:&lt;/b&gt; Las Cocuizas&lt;br/&gt;&lt;b&gt;Mesas:&lt;/b&gt; 1 (01)&lt;br/&gt;&lt;b&gt;Electores:&lt;/b&gt; 291&lt;br/&gt;&lt;b&gt;Estatus:&lt;/b&gt; cubierto</description>
        <styleUrl>#style-centro-electoral</styleUrl>
        <Point><coordinates>-63.163005,9.753746,0.0</coordinates></Point>
      </Placemark>
      <Placemark>
        <name>Jardin De Infancia Soledad Clavier</name>
        <description>&lt;b&gt;Código CNE:&lt;/b&gt; 140708004&lt;br/&gt;&lt;b&gt;Parroquia:&lt;/b&gt; Las Cocuizas&lt;br/&gt;&lt;b&gt;Mesas:&lt;/b&gt; 3 (01, 02, 03)&lt;br/&gt;&lt;b&gt;Electores:&lt;/b&gt; 2,043&lt;br/&gt;&lt;b&gt;Estatus:&lt;/b&gt; cubierto</description>
        <styleUrl>#style-centro-electoral</styleUrl>
        <Point><coordinates>-63.135448,9.752036,0.0</coordinates></Point>
      </Placemark>
      <Placemark>
        <name>Liceo Nacional Pablo Neruda</name>
        <description>&lt;b&gt;Código CNE:&lt;/b&gt; 140708023&lt;br/&gt;&lt;b&gt;Parroquia:&lt;/b&gt; Las Cocuizas&lt;br/&gt;&lt;b&gt;Mesas:&lt;/b&gt; 2 (01, 02)&lt;br/&gt;&lt;b&gt;Electores:&lt;/b&gt; 1,660&lt;br/&gt;&lt;b&gt;Estatus:&lt;/b&gt; cubierto</description>
        <styleUrl>#style-centro-electoral</styleUrl>
        <Point><coordinates>-63.154849,9.771313,0.0</coordinates></Point>
      </Placemark>
      <Placemark>
        <name>Liceo Rafael Maria Peña Saavedra</name>
        <description>&lt;b&gt;Código CNE:&lt;/b&gt; 140708007&lt;br/&gt;&lt;b&gt;Parroquia:&lt;/b&gt; Las Cocuizas&lt;br/&gt;&lt;b&gt;Mesas:&lt;/b&gt; 2 (01, 02)&lt;br/&gt;&lt;b&gt;Electores:&lt;/b&gt; 1,619&lt;br/&gt;&lt;b&gt;Estatus:&lt;/b&gt; cubierto</description>
        <styleUrl>#style-centro-electoral</styleUrl>
        <Point><coordinates>-63.154204,9.744223,0.0</coordinates></Point>
      </Placemark>
      <Placemark>
        <name>Taller De Educacion Laboral Bolivariano Ayacucho</name>
        <description>&lt;b&gt;Código CNE:&lt;/b&gt; 140708034&lt;br/&gt;&lt;b&gt;Parroquia:&lt;/b&gt; Las Cocuizas&lt;br/&gt;&lt;b&gt;Mesas:&lt;/b&gt; 1 (01)&lt;br/&gt;&lt;b&gt;Electores:&lt;/b&gt; 310&lt;br/&gt;&lt;b&gt;Estatus:&lt;/b&gt; cubierto</description>
        <styleUrl>#style-centro-electoral</styleUrl>
        <Point><coordinates>-63.135199,9.764906,0.0</coordinates></Point>
      </Placemark>
      <Placemark>
        <name>Unidad Educativa Jesus De Nazareth</name>
        <description>&lt;b&gt;Código CNE:&lt;/b&gt; 140708021&lt;br/&gt;&lt;b&gt;Parroquia:&lt;/b&gt; Las Cocuizas&lt;br/&gt;&lt;b&gt;Mesas:&lt;/b&gt; 2 (01, 03)&lt;br/&gt;&lt;b&gt;Electores:&lt;/b&gt; 2,891&lt;br/&gt;&lt;b&gt;Estatus:&lt;/b&gt; prioritario</description>
        <styleUrl>#style-centro-electoral</styleUrl>
        <Point><coordinates>-63.16428,9.761837,0.0</coordinates></Point>
      </Placemark>
      <Placemark>
        <name>Casa De Misiones Santa Ines Ii</name>
        <description>&lt;b&gt;Código CNE:&lt;/b&gt; 140710079&lt;br/&gt;&lt;b&gt;Parroquia:&lt;/b&gt; San Simón&lt;br/&gt;&lt;b&gt;Mesas:&lt;/b&gt; 2 (01, 02)&lt;br/&gt;&lt;b&gt;Electores:&lt;/b&gt; 1,503&lt;br/&gt;&lt;b&gt;Estatus:&lt;/b&gt; cubierto</description>
        <styleUrl>#style-centro-electoral</styleUrl>
        <Point><coordinates>-63.176569,9.737981,0.0</coordinates></Point>
      </Placemark>
      <Placemark>
        <name>Casa De Niños Maria Eva De Liscano</name>
        <description>&lt;b&gt;Código CNE:&lt;/b&gt; 140710013&lt;br/&gt;&lt;b&gt;Parroquia:&lt;/b&gt; San Simón&lt;br/&gt;&lt;b&gt;Mesas:&lt;/b&gt; 1 (01)&lt;br/&gt;&lt;b&gt;Electores:&lt;/b&gt; 989&lt;br/&gt;&lt;b&gt;Estatus:&lt;/b&gt; cubierto</description>
        <styleUrl>#style-centro-electoral</styleUrl>
        <Point><coordinates>-63.177764,9.756825,0.0</coordinates></Point>
      </Placemark>
      <Placemark>
        <name>Centro De Educacion Inicial Irma Saez Merida De Grisanti</name>
        <description>&lt;b&gt;Código CNE:&lt;/b&gt; 140710028&lt;br/&gt;&lt;b&gt;Parroquia:&lt;/b&gt; San Simón&lt;br/&gt;&lt;b&gt;Mesas:&lt;/b&gt; 1 (01)&lt;br/&gt;&lt;b&gt;Electores:&lt;/b&gt; 784&lt;br/&gt;&lt;b&gt;Estatus:&lt;/b&gt; cubierto</description>
        <styleUrl>#style-centro-electoral</styleUrl>
        <Point><coordinates>-63.190649,9.741675,0.0</coordinates></Point>
      </Placemark>
      <Placemark>
        <name>Centro De Votacion La Orquidea Del Sur</name>
        <description>&lt;b&gt;Código CNE:&lt;/b&gt; 140710080&lt;br/&gt;&lt;b&gt;Parroquia:&lt;/b&gt; San Simón&lt;br/&gt;&lt;b&gt;Mesas:&lt;/b&gt; 1 (01)&lt;br/&gt;&lt;b&gt;Electores:&lt;/b&gt; 858&lt;br/&gt;&lt;b&gt;Estatus:&lt;/b&gt; cubierto</description>
        <styleUrl>#style-centro-electoral</styleUrl>
        <Point><coordinates>-63.169789,9.744652,0.0</coordinates></Point>
      </Placemark>
      <Placemark>
        <name>Centro De Votacion Rosa Ines</name>
        <description>&lt;b&gt;Código CNE:&lt;/b&gt; 140710078&lt;br/&gt;&lt;b&gt;Parroquia:&lt;/b&gt; San Simón&lt;br/&gt;&lt;b&gt;Mesas:&lt;/b&gt; 2 (01, 02)&lt;br/&gt;&lt;b&gt;Electores:&lt;/b&gt; 1,553&lt;br/&gt;&lt;b&gt;Estatus:&lt;/b&gt; cubierto</description>
        <styleUrl>#style-centro-electoral</styleUrl>
        <Point><coordinates>-63.187782,9.756188,0.0</coordinates></Point>
      </Placemark>
      <Placemark>
        <name>Centro De Votacion Santa Ines V</name>
        <description>&lt;b&gt;Código CNE:&lt;/b&gt; 140710077&lt;br/&gt;&lt;b&gt;Parroquia:&lt;/b&gt; San Simón&lt;br/&gt;&lt;b&gt;Mesas:&lt;/b&gt; 1 (01)&lt;br/&gt;&lt;b&gt;Electores:&lt;/b&gt; 458&lt;br/&gt;&lt;b&gt;Estatus:&lt;/b&gt; cubierto</description>
        <styleUrl>#style-centro-electoral</styleUrl>
        <Point><coordinates>-63.182555,9.735575,0.0</coordinates></Point>
      </Placemark>
      <Placemark>
        <name>Colegio Privado Heroes De Monagas</name>
        <description>&lt;b&gt;Código CNE:&lt;/b&gt; 140710055&lt;br/&gt;&lt;b&gt;Parroquia:&lt;/b&gt; San Simón&lt;br/&gt;&lt;b&gt;Mesas:&lt;/b&gt; 2 (01, 02)&lt;br/&gt;&lt;b&gt;Electores:&lt;/b&gt; 1,161&lt;br/&gt;&lt;b&gt;Estatus:&lt;/b&gt; cubierto</description>
        <styleUrl>#style-centro-electoral</styleUrl>
        <Point><coordinates>-63.171526,9.754604,0.0</coordinates></Point>
      </Placemark>
      <Placemark>
        <name>Complejo Educativo Estadal Rosa Adela De Hernández</name>
        <description>&lt;b&gt;Código CNE:&lt;/b&gt; 140710001&lt;br/&gt;&lt;b&gt;Parroquia:&lt;/b&gt; San Simón&lt;br/&gt;&lt;b&gt;Mesas:&lt;/b&gt; 1 (01)&lt;br/&gt;&lt;b&gt;Electores:&lt;/b&gt; 1,003&lt;br/&gt;&lt;b&gt;Estatus:&lt;/b&gt; cubierto</description>
        <styleUrl>#style-centro-electoral</styleUrl>
        <Point><coordinates>-63.193664,9.747499,0.0</coordinates></Point>
      </Placemark>
      <Placemark>
        <name>Educacion Inicial Nacional El Libertador</name>
        <description>&lt;b&gt;Código CNE:&lt;/b&gt; 140710027&lt;br/&gt;&lt;b&gt;Parroquia:&lt;/b&gt; San Simón&lt;br/&gt;&lt;b&gt;Mesas:&lt;/b&gt; 2 (01, 02)&lt;br/&gt;&lt;b&gt;Electores:&lt;/b&gt; 1,093&lt;br/&gt;&lt;b&gt;Estatus:&lt;/b&gt; cubierto</description>
        <styleUrl>#style-centro-electoral</styleUrl>
        <Point><coordinates>-63.171821,9.738299,0.0</coordinates></Point>
      </Placemark>
      <Placemark>
        <name>Escuela Basica Isabel Padrino De Campos</name>
        <description>&lt;b&gt;Código CNE:&lt;/b&gt; 140710005&lt;br/&gt;&lt;b&gt;Parroquia:&lt;/b&gt; San Simón&lt;br/&gt;&lt;b&gt;Mesas:&lt;/b&gt; 3 (01, 02, 03)&lt;br/&gt;&lt;b&gt;Electores:&lt;/b&gt; 2,939&lt;br/&gt;&lt;b&gt;Estatus:&lt;/b&gt; prioritario</description>
        <styleUrl>#style-centro-electoral</styleUrl>
        <Point><coordinates>-63.18161,9.759576,0.0</coordinates></Point>
      </Placemark>
      <Placemark>
        <name>Escuela Basica Jorge Rodriguez</name>
        <description>&lt;b&gt;Código CNE:&lt;/b&gt; 140710074&lt;br/&gt;&lt;b&gt;Parroquia:&lt;/b&gt; San Simón&lt;br/&gt;&lt;b&gt;Mesas:&lt;/b&gt; 2 (01, 02)&lt;br/&gt;&lt;b&gt;Electores:&lt;/b&gt; 1,068&lt;br/&gt;&lt;b&gt;Estatus:&lt;/b&gt; cubierto</description>
        <styleUrl>#style-centro-electoral</styleUrl>
        <Point><coordinates>-63.189638,9.737143,0.0</coordinates></Point>
      </Placemark>
      <Placemark>
        <name>Escuela Basica Jose Damian Ramirez Labrador</name>
        <description>&lt;b&gt;Código CNE:&lt;/b&gt; 140710006&lt;br/&gt;&lt;b&gt;Parroquia:&lt;/b&gt; San Simón&lt;br/&gt;&lt;b&gt;Mesas:&lt;/b&gt; 3 (01, 02, 03)&lt;br/&gt;&lt;b&gt;Electores:&lt;/b&gt; 2,004&lt;br/&gt;&lt;b&gt;Estatus:&lt;/b&gt; cubierto</description>
        <styleUrl>#style-centro-electoral</styleUrl>
        <Point><coordinates>-63.167387,9.748744,0.0</coordinates></Point>
      </Placemark>
      <Placemark>
        <name>Escuela Basica Manuel Piar</name>
        <description>&lt;b&gt;Código CNE:&lt;/b&gt; 140710002&lt;br/&gt;&lt;b&gt;Parroquia:&lt;/b&gt; San Simón&lt;br/&gt;&lt;b&gt;Mesas:&lt;/b&gt; 3 (01, 02, 03)&lt;br/&gt;&lt;b&gt;Electores:&lt;/b&gt; 2,035&lt;br/&gt;&lt;b&gt;Estatus:&lt;/b&gt; cubierto</description>
        <styleUrl>#style-centro-electoral</styleUrl>
        <Point><coordinates>-63.192479,9.754608,0.0</coordinates></Point>
      </Placemark>
      <Placemark>
        <name>Escuela Basica Parare</name>
        <description>&lt;b&gt;Código CNE:&lt;/b&gt; 140710059&lt;br/&gt;&lt;b&gt;Parroquia:&lt;/b&gt; San Simón&lt;br/&gt;&lt;b&gt;Mesas:&lt;/b&gt; 2 (01, 02)&lt;br/&gt;&lt;b&gt;Electores:&lt;/b&gt; 1,468&lt;br/&gt;&lt;b&gt;Estatus:&lt;/b&gt; cubierto</description>
        <styleUrl>#style-centro-electoral</styleUrl>
        <Point><coordinates>-63.177878,9.733779,0.0</coordinates></Point>
      </Placemark>
      <Placemark>
        <name>Escuela Basica San Miguel</name>
        <description>&lt;b&gt;Código CNE:&lt;/b&gt; 140710057&lt;br/&gt;&lt;b&gt;Parroquia:&lt;/b&gt; San Simón&lt;br/&gt;&lt;b&gt;Mesas:&lt;/b&gt; 1 (01)&lt;br/&gt;&lt;b&gt;Electores:&lt;/b&gt; 561&lt;br/&gt;&lt;b&gt;Estatus:&lt;/b&gt; cubierto</description>
        <styleUrl>#style-centro-electoral</styleUrl>
        <Point><coordinates>-63.173806,9.758954,0.0</coordinates></Point>
      </Placemark>
      <Placemark>
        <name>Escuela Básica Bolivariana Altamira</name>
        <description>&lt;b&gt;Código CNE:&lt;/b&gt; 140710070&lt;br/&gt;&lt;b&gt;Parroquia:&lt;/b&gt; San Simón&lt;br/&gt;&lt;b&gt;Mesas:&lt;/b&gt; 1 (01)&lt;br/&gt;&lt;b&gt;Electores:&lt;/b&gt; 328&lt;br/&gt;&lt;b&gt;Estatus:&lt;/b&gt; cubierto</description>
        <styleUrl>#style-centro-electoral</styleUrl>
        <Point><coordinates>-63.195005,9.742746,0.0</coordinates></Point>
      </Placemark>
      <Placemark>
        <name>Escuela Básica Vicente Salias</name>
        <description>&lt;b&gt;Código CNE:&lt;/b&gt; 140710007&lt;br/&gt;&lt;b&gt;Parroquia:&lt;/b&gt; San Simón&lt;br/&gt;&lt;b&gt;Mesas:&lt;/b&gt; 4 (01, 02, 03, 04)&lt;br/&gt;&lt;b&gt;Electores:&lt;/b&gt; 3,105&lt;br/&gt;&lt;b&gt;Estatus:&lt;/b&gt; prioritario</description>
        <styleUrl>#style-centro-electoral</styleUrl>
        <Point><coordinates>-63.167448,9.741036,0.0</coordinates></Point>
      </Placemark>
      <Placemark>
        <name>Escuela De Artes Plasticas Eloy Palacios</name>
        <description>&lt;b&gt;Código CNE:&lt;/b&gt; 140710021&lt;br/&gt;&lt;b&gt;Parroquia:&lt;/b&gt; San Simón&lt;br/&gt;&lt;b&gt;Mesas:&lt;/b&gt; 2 (01, 03)&lt;br/&gt;&lt;b&gt;Electores:&lt;/b&gt; 2,346&lt;br/&gt;&lt;b&gt;Estatus:&lt;/b&gt; cubierto</description>
        <styleUrl>#style-centro-electoral</styleUrl>
        <Point><coordinates>-63.186849,9.760313,0.0</coordinates></Point>
      </Placemark>
      <Placemark>
        <name>Escuela Inicial Nacional Año Internacional Del Niño</name>
        <description>&lt;b&gt;Código CNE:&lt;/b&gt; 140710015&lt;br/&gt;&lt;b&gt;Parroquia:&lt;/b&gt; San Simón&lt;br/&gt;&lt;b&gt;Mesas:&lt;/b&gt; 1 (01)&lt;br/&gt;&lt;b&gt;Electores:&lt;/b&gt; 1,695&lt;br/&gt;&lt;b&gt;Estatus:&lt;/b&gt; cubierto</description>
        <styleUrl>#style-centro-electoral</styleUrl>
        <Point><coordinates>-63.186204,9.733223,0.0</coordinates></Point>
      </Placemark>
      <Placemark>
        <name>Escuela Nacional Primaria Valenzuela</name>
        <description>&lt;b&gt;Código CNE:&lt;/b&gt; 140710075&lt;br/&gt;&lt;b&gt;Parroquia:&lt;/b&gt; San Simón&lt;br/&gt;&lt;b&gt;Mesas:&lt;/b&gt; 1 (01)&lt;br/&gt;&lt;b&gt;Electores:&lt;/b&gt; 683&lt;br/&gt;&lt;b&gt;Estatus:&lt;/b&gt; cubierto</description>
        <styleUrl>#style-centro-electoral</styleUrl>
        <Point><coordinates>-63.167199,9.753906,0.0</coordinates></Point>
      </Placemark>
      <Placemark>
        <name>Escuela Primaria Estadal Boyaca</name>
        <description>&lt;b&gt;Código CNE:&lt;/b&gt; 140710029&lt;br/&gt;&lt;b&gt;Parroquia:&lt;/b&gt; San Simón&lt;br/&gt;&lt;b&gt;Mesas:&lt;/b&gt; 3 (01, 02, 03)&lt;br/&gt;&lt;b&gt;Electores:&lt;/b&gt; 2,112&lt;br/&gt;&lt;b&gt;Estatus:&lt;/b&gt; cubierto</description>
        <styleUrl>#style-centro-electoral</styleUrl>
        <Point><coordinates>-63.19628,9.750837,0.0</coordinates></Point>
      </Placemark>
      <Placemark>
        <name>Escuela Primaria Estadal Marcos Serres Padilla</name>
        <description>&lt;b&gt;Código CNE:&lt;/b&gt; 140710056&lt;br/&gt;&lt;b&gt;Parroquia:&lt;/b&gt; San Simón&lt;br/&gt;&lt;b&gt;Mesas:&lt;/b&gt; 3 (01, 02, 03)&lt;br/&gt;&lt;b&gt;Electores:&lt;/b&gt; 2,065&lt;br/&gt;&lt;b&gt;Estatus:&lt;/b&gt; cubierto</description>
        <styleUrl>#style-centro-electoral</styleUrl>
        <Point><coordinates>-63.172342,9.734173,0.0</coordinates></Point>
      </Placemark>
      <Placemark>
        <name>Escuela Primaria Nacional   Bolivariana Paula Bastardo</name>
        <description>&lt;b&gt;Código CNE:&lt;/b&gt; 140710017&lt;br/&gt;&lt;b&gt;Parroquia:&lt;/b&gt; San Simón&lt;br/&gt;&lt;b&gt;Mesas:&lt;/b&gt; 1 (01)&lt;br/&gt;&lt;b&gt;Electores:&lt;/b&gt; 2,486&lt;br/&gt;&lt;b&gt;Estatus:&lt;/b&gt; cubierto</description>
        <styleUrl>#style-centro-electoral</styleUrl>
        <Point><coordinates>-63.178252,9.762222,0.0</coordinates></Point>
      </Placemark>
      <Placemark>
        <name>Escuela Primaria Nacional  Felix Antonio Calderon</name>
        <description>&lt;b&gt;Código CNE:&lt;/b&gt; 140710014&lt;br/&gt;&lt;b&gt;Parroquia:&lt;/b&gt; San Simón&lt;br/&gt;&lt;b&gt;Mesas:&lt;/b&gt; 4 (01, 02, 03, 04)&lt;br/&gt;&lt;b&gt;Electores:&lt;/b&gt; 3,497&lt;br/&gt;&lt;b&gt;Estatus:&lt;/b&gt; prioritario</description>
        <styleUrl>#style-centro-electoral</styleUrl>
        <Point><coordinates>-63.193983,9.737426,0.0</coordinates></Point>
      </Placemark>
      <Placemark>
        <name>Escuela Primaria Nacional Alejandro De Humbolt</name>
        <description>&lt;b&gt;Código CNE:&lt;/b&gt; 140710003&lt;br/&gt;&lt;b&gt;Parroquia:&lt;/b&gt; San Simón&lt;br/&gt;&lt;b&gt;Mesas:&lt;/b&gt; 3 (01, 02, 03)&lt;br/&gt;&lt;b&gt;Electores:&lt;/b&gt; 2,621&lt;br/&gt;&lt;b&gt;Estatus:&lt;/b&gt; prioritario</description>
        <styleUrl>#style-centro-electoral</styleUrl>
        <Point><coordinates>-63.164437,9.745691,0.0</coordinates></Point>
      </Placemark>
      <Placemark>
        <name>Escuela Primaria Nacional Juan Francisco Mila De La Roca</name>
        <description>&lt;b&gt;Código CNE:&lt;/b&gt; 140710010&lt;br/&gt;&lt;b&gt;Parroquia:&lt;/b&gt; San Simón&lt;br/&gt;&lt;b&gt;Mesas:&lt;/b&gt; 1 (01)&lt;br/&gt;&lt;b&gt;Electores:&lt;/b&gt; 1,840&lt;br/&gt;&lt;b&gt;Estatus:&lt;/b&gt; cubierto</description>
        <styleUrl>#style-centro-electoral</styleUrl>
        <Point><coordinates>-63.192418,9.758758,0.0</coordinates></Point>
      </Placemark>
      <Placemark>
        <name>Escuela Primaria Nacional Ventura Vargas</name>
        <description>&lt;b&gt;Código CNE:&lt;/b&gt; 140710009&lt;br/&gt;&lt;b&gt;Parroquia:&lt;/b&gt; San Simón&lt;br/&gt;&lt;b&gt;Mesas:&lt;/b&gt; 3 (01, 02, 03)&lt;br/&gt;&lt;b&gt;Electores:&lt;/b&gt; 2,550&lt;br/&gt;&lt;b&gt;Estatus:&lt;/b&gt; prioritario</description>
        <styleUrl>#style-centro-electoral</styleUrl>
        <Point><coordinates>-63.180919,9.7308,0.0</coordinates></Point>
      </Placemark>
      <Placemark>
        <name>Escuela Tecnica Robinsoniana Comercial Felix Angel Lozada</name>
        <description>&lt;b&gt;Código CNE:&lt;/b&gt; 140710023&lt;br/&gt;&lt;b&gt;Parroquia:&lt;/b&gt; San Simón&lt;br/&gt;&lt;b&gt;Mesas:&lt;/b&gt; 2 (01, 02)&lt;br/&gt;&lt;b&gt;Electores:&lt;/b&gt; 1,208&lt;br/&gt;&lt;b&gt;Estatus:&lt;/b&gt; cubierto</description>
        <styleUrl>#style-centro-electoral</styleUrl>
        <Point><coordinates>-63.169441,9.759132,0.0</coordinates></Point>
      </Placemark>
      <Placemark>
        <name>Jardin De Infancia Monagas</name>
        <description>&lt;b&gt;Código CNE:&lt;/b&gt; 140710018&lt;br/&gt;&lt;b&gt;Parroquia:&lt;/b&gt; San Simón&lt;br/&gt;&lt;b&gt;Mesas:&lt;/b&gt; 3 (01, 02, 03)&lt;br/&gt;&lt;b&gt;Electores:&lt;/b&gt; 2,557&lt;br/&gt;&lt;b&gt;Estatus:&lt;/b&gt; prioritario</description>
        <styleUrl>#style-centro-electoral</styleUrl>
        <Point><coordinates>-63.198316,9.745474,0.0</coordinates></Point>
      </Placemark>
      <Placemark>
        <name>Jardin De Infancia San Simon</name>
        <description>&lt;b&gt;Código CNE:&lt;/b&gt; 140710081&lt;br/&gt;&lt;b&gt;Parroquia:&lt;/b&gt; San Simón&lt;br/&gt;&lt;b&gt;Mesas:&lt;/b&gt; 2 (01, 02)&lt;br/&gt;&lt;b&gt;Electores:&lt;/b&gt; 1,188&lt;br/&gt;&lt;b&gt;Estatus:&lt;/b&gt; cubierto</description>
        <styleUrl>#style-centro-electoral</styleUrl>
        <Point><coordinates>-63.167001,9.736879,0.0</coordinates></Point>
      </Placemark>
      <Placemark>
        <name>Liceo Bolivariano Doctor Jesus Rafael Zambrano</name>
        <description>&lt;b&gt;Código CNE:&lt;/b&gt; 140710076&lt;br/&gt;&lt;b&gt;Parroquia:&lt;/b&gt; San Simón&lt;br/&gt;&lt;b&gt;Mesas:&lt;/b&gt; 2 (01, 02)&lt;br/&gt;&lt;b&gt;Electores:&lt;/b&gt; 1,158&lt;br/&gt;&lt;b&gt;Estatus:&lt;/b&gt; cubierto</description>
        <styleUrl>#style-centro-electoral</styleUrl>
        <Point><coordinates>-63.184176,9.763641,0.0</coordinates></Point>
      </Placemark>
      <Placemark>
        <name>Liceo Nacional  Doctor Manuel Nuñez Tovar</name>
        <description>&lt;b&gt;Código CNE:&lt;/b&gt; 140710012&lt;br/&gt;&lt;b&gt;Parroquia:&lt;/b&gt; San Simón&lt;br/&gt;&lt;b&gt;Mesas:&lt;/b&gt; 3 (01, 02, 03)&lt;br/&gt;&lt;b&gt;Electores:&lt;/b&gt; 2,398&lt;br/&gt;&lt;b&gt;Estatus:&lt;/b&gt; cubierto</description>
        <styleUrl>#style-centro-electoral</styleUrl>
        <Point><coordinates>-63.190558,9.732539,0.0</coordinates></Point>
      </Placemark>
      <Placemark>
        <name>Liceo Nacional Francisco Isnardi</name>
        <description>&lt;b&gt;Código CNE:&lt;/b&gt; 140710030&lt;br/&gt;&lt;b&gt;Parroquia:&lt;/b&gt; San Simón&lt;br/&gt;&lt;b&gt;Mesas:&lt;/b&gt; 3 (01, 02, 03)&lt;br/&gt;&lt;b&gt;Electores:&lt;/b&gt; 2,806&lt;br/&gt;&lt;b&gt;Estatus:&lt;/b&gt; prioritario</description>
        <styleUrl>#style-centro-electoral</styleUrl>
        <Point><coordinates>-63.163523,9.751559,0.0</coordinates></Point>
      </Placemark>
      <Placemark>
        <name>Liceo Nacional Idelfonso Nuñez Mares</name>
        <description>&lt;b&gt;Código CNE:&lt;/b&gt; 140710026&lt;br/&gt;&lt;b&gt;Parroquia:&lt;/b&gt; San Simón&lt;br/&gt;&lt;b&gt;Mesas:&lt;/b&gt; 3 (01, 02, 03)&lt;br/&gt;&lt;b&gt;Electores:&lt;/b&gt; 2,038&lt;br/&gt;&lt;b&gt;Estatus:&lt;/b&gt; cubierto</description>
        <styleUrl>#style-centro-electoral</styleUrl>
        <Point><coordinates>-63.197278,9.754959,0.0</coordinates></Point>
      </Placemark>
      <Placemark>
        <name>Liceo Nacional Marco Antonio Saluzzo</name>
        <description>&lt;b&gt;Código CNE:&lt;/b&gt; 140710011&lt;br/&gt;&lt;b&gt;Parroquia:&lt;/b&gt; San Simón&lt;br/&gt;&lt;b&gt;Mesas:&lt;/b&gt; 2 (01, 02)&lt;br/&gt;&lt;b&gt;Electores:&lt;/b&gt; 2,487&lt;br/&gt;&lt;b&gt;Estatus:&lt;/b&gt; cubierto</description>
        <styleUrl>#style-centro-electoral</styleUrl>
        <Point><coordinates>-63.174581,9.730503,0.0</coordinates></Point>
      </Placemark>
      <Placemark>
        <name>Liceo Nacional Miguel Jose Sanz</name>
        <description>&lt;b&gt;Código CNE:&lt;/b&gt; 140710022&lt;br/&gt;&lt;b&gt;Parroquia:&lt;/b&gt; San Simón&lt;br/&gt;&lt;b&gt;Mesas:&lt;/b&gt; 3 (01, 02, 03)&lt;br/&gt;&lt;b&gt;Electores:&lt;/b&gt; 2,817&lt;br/&gt;&lt;b&gt;Estatus:&lt;/b&gt; prioritario</description>
        <styleUrl>#style-centro-electoral</styleUrl>
        <Point><coordinates>-63.173967,9.763446,0.0</coordinates></Point>
      </Placemark>
      <Placemark>
        <name>Unidad Educativa Colegio Privado Maturín</name>
        <description>&lt;b&gt;Código CNE:&lt;/b&gt; 140710008&lt;br/&gt;&lt;b&gt;Parroquia:&lt;/b&gt; San Simón&lt;br/&gt;&lt;b&gt;Mesas:&lt;/b&gt; 2 (01, 02)&lt;br/&gt;&lt;b&gt;Electores:&lt;/b&gt; 1,632&lt;br/&gt;&lt;b&gt;Estatus:&lt;/b&gt; cubierto</description>
        <styleUrl>#style-centro-electoral</styleUrl>
        <Point><coordinates>-63.198005,9.739328,0.0</coordinates></Point>
      </Placemark>
      <Placemark>
        <name>Unidad Educativa Doctora Lia Imber De Coronil Albergue</name>
        <description>&lt;b&gt;Código CNE:&lt;/b&gt; 140710020&lt;br/&gt;&lt;b&gt;Parroquia:&lt;/b&gt; San Simón&lt;br/&gt;&lt;b&gt;Mesas:&lt;/b&gt; 3 (01, 02, 03)&lt;br/&gt;&lt;b&gt;Electores:&lt;/b&gt; 2,903&lt;br/&gt;&lt;b&gt;Estatus:&lt;/b&gt; prioritario</description>
        <styleUrl>#style-centro-electoral</styleUrl>
        <Point><coordinates>-63.162857,9.74167,0.0</coordinates></Point>
      </Placemark>
      <Placemark>
        <name>Unidad Educativa El Rincon De Monagas</name>
        <description>&lt;b&gt;Código CNE:&lt;/b&gt; 140710033&lt;br/&gt;&lt;b&gt;Parroquia:&lt;/b&gt; San Simón&lt;br/&gt;&lt;b&gt;Mesas:&lt;/b&gt; 1 (01)&lt;br/&gt;&lt;b&gt;Electores:&lt;/b&gt; 932&lt;br/&gt;&lt;b&gt;Estatus:&lt;/b&gt; cubierto</description>
        <styleUrl>#style-centro-electoral</styleUrl>
        <Point><coordinates>-63.190682,9.76274,0.0</coordinates></Point>
      </Placemark>
      <Placemark>
        <name>Unidad Educativa Luis Padrino</name>
        <description>&lt;b&gt;Código CNE:&lt;/b&gt; 140710019&lt;br/&gt;&lt;b&gt;Parroquia:&lt;/b&gt; San Simón&lt;br/&gt;&lt;b&gt;Mesas:&lt;/b&gt; 4 (01, 02, 03, 04)&lt;br/&gt;&lt;b&gt;Electores:&lt;/b&gt; 3,685&lt;br/&gt;&lt;b&gt;Estatus:&lt;/b&gt; prioritario</description>
        <styleUrl>#style-centro-electoral</styleUrl>
        <Point><coordinates>-63.185059,9.729011,0.0</coordinates></Point>
      </Placemark>
      <Placemark>
        <name>Unidad Educativa Privada Cecilio Acosta</name>
        <description>&lt;b&gt;Código CNE:&lt;/b&gt; 140710025&lt;br/&gt;&lt;b&gt;Parroquia:&lt;/b&gt; San Simón&lt;br/&gt;&lt;b&gt;Mesas:&lt;/b&gt; 2 (01, 02)&lt;br/&gt;&lt;b&gt;Electores:&lt;/b&gt; 1,555&lt;br/&gt;&lt;b&gt;Estatus:&lt;/b&gt; cubierto</description>
        <styleUrl>#style-centro-electoral</styleUrl>
        <Point><coordinates>-63.165114,9.757744,0.0</coordinates></Point>
      </Placemark>
      <Placemark>
        <name>Universidad Bolivariana De Venezuela</name>
        <description>&lt;b&gt;Código CNE:&lt;/b&gt; 140710064&lt;br/&gt;&lt;b&gt;Parroquia:&lt;/b&gt; San Simón&lt;br/&gt;&lt;b&gt;Mesas:&lt;/b&gt; 3 (01, 02, 03)&lt;br/&gt;&lt;b&gt;Electores:&lt;/b&gt; 2,405&lt;br/&gt;&lt;b&gt;Estatus:&lt;/b&gt; cubierto</description>
        <styleUrl>#style-centro-electoral</styleUrl>
        <Point><coordinates>-63.200495,9.749317,0.0</coordinates></Point>
      </Placemark>
      <Placemark>
        <name>Centro De Votacion Los Arenales</name>
        <description>&lt;b&gt;Código CNE:&lt;/b&gt; 140711032&lt;br/&gt;&lt;b&gt;Parroquia:&lt;/b&gt; San Simón (Casco Central)&lt;br/&gt;&lt;b&gt;Mesas:&lt;/b&gt; 1 (01)&lt;br/&gt;&lt;b&gt;Electores:&lt;/b&gt; 167&lt;br/&gt;&lt;b&gt;Estatus:&lt;/b&gt; cubierto</description>
        <styleUrl>#style-centro-electoral</styleUrl>
        <Point><coordinates>-63.17485,9.749,0.0</coordinates></Point>
      </Placemark>
      <Placemark>
        <name>Centro Educativo Gran Cacique Alberto Tovar</name>
        <description>&lt;b&gt;Código CNE:&lt;/b&gt; 140711035&lt;br/&gt;&lt;b&gt;Parroquia:&lt;/b&gt; San Simón (Casco Central)&lt;br/&gt;&lt;b&gt;Mesas:&lt;/b&gt; 1 (01)&lt;br/&gt;&lt;b&gt;Electores:&lt;/b&gt; 573&lt;br/&gt;&lt;b&gt;Estatus:&lt;/b&gt; cubierto</description>
        <styleUrl>#style-centro-electoral</styleUrl>
        <Point><coordinates>-63.182026,9.752513,0.0</coordinates></Point>
      </Placemark>
      <Placemark>
        <name>Complejo Educativo Manuela Sáenz</name>
        <description>&lt;b&gt;Código CNE:&lt;/b&gt; 140711013&lt;br/&gt;&lt;b&gt;Parroquia:&lt;/b&gt; San Simón (Casco Central)&lt;br/&gt;&lt;b&gt;Mesas:&lt;/b&gt; 1 (01)&lt;br/&gt;&lt;b&gt;Electores:&lt;/b&gt; 549&lt;br/&gt;&lt;b&gt;Estatus:&lt;/b&gt; cubierto</description>
        <styleUrl>#style-centro-electoral</styleUrl>
        <Point><coordinates>-63.177439,9.742912,0.0</coordinates></Point>
      </Placemark>
      <Placemark>
        <name>Escuela Basica Bolivariana El Respiro</name>
        <description>&lt;b&gt;Código CNE:&lt;/b&gt; 140711017&lt;br/&gt;&lt;b&gt;Parroquia:&lt;/b&gt; San Simón (Casco Central)&lt;br/&gt;&lt;b&gt;Mesas:&lt;/b&gt; 1 (01)&lt;br/&gt;&lt;b&gt;Electores:&lt;/b&gt; 606&lt;br/&gt;&lt;b&gt;Estatus:&lt;/b&gt; cubierto</description>
        <styleUrl>#style-centro-electoral</styleUrl>
        <Point><coordinates>-63.173649,9.754405,0.0</coordinates></Point>
      </Placemark>
      <Placemark>
        <name>Escuela Basica Nicolas Lopez</name>
        <description>&lt;b&gt;Código CNE:&lt;/b&gt; 140711016&lt;br/&gt;&lt;b&gt;Parroquia:&lt;/b&gt; San Simón (Casco Central)&lt;br/&gt;&lt;b&gt;Mesas:&lt;/b&gt; 1 (01)&lt;br/&gt;&lt;b&gt;Electores:&lt;/b&gt; 1,674&lt;br/&gt;&lt;b&gt;Estatus:&lt;/b&gt; cubierto</description>
        <styleUrl>#style-centro-electoral</styleUrl>
        <Point><coordinates>-63.185651,9.747711,0.0</coordinates></Point>
      </Placemark>
      <Placemark>
        <name>Escuela Básica Bolivariana Curiepe</name>
        <description>&lt;b&gt;Código CNE:&lt;/b&gt; 140711003&lt;br/&gt;&lt;b&gt;Parroquia:&lt;/b&gt; San Simón (Casco Central)&lt;br/&gt;&lt;b&gt;Mesas:&lt;/b&gt; 1 (01)&lt;br/&gt;&lt;b&gt;Electores:&lt;/b&gt; 409&lt;br/&gt;&lt;b&gt;Estatus:&lt;/b&gt; cubierto</description>
        <styleUrl>#style-centro-electoral</styleUrl>
        <Point><coordinates>-63.170984,9.744749,0.0</coordinates></Point>
      </Placemark>
      <Placemark>
        <name>Escuela Básica José Tadeo Monagas</name>
        <description>&lt;b&gt;Código CNE:&lt;/b&gt; 140711001&lt;br/&gt;&lt;b&gt;Parroquia:&lt;/b&gt; San Simón (Casco Central)&lt;br/&gt;&lt;b&gt;Mesas:&lt;/b&gt; 2 (01, 02)&lt;br/&gt;&lt;b&gt;Electores:&lt;/b&gt; 1,625&lt;br/&gt;&lt;b&gt;Estatus:&lt;/b&gt; cubierto</description>
        <styleUrl>#style-centro-electoral</styleUrl>
        <Point><coordinates>-63.180287,9.757101,0.0</coordinates></Point>
      </Placemark>
      <Placemark>
        <name>Escuela Primaria Nacional Los Araguaneyes</name>
        <description>&lt;b&gt;Código CNE:&lt;/b&gt; 140711014&lt;br/&gt;&lt;b&gt;Parroquia:&lt;/b&gt; San Simón (Casco Central)&lt;br/&gt;&lt;b&gt;Mesas:&lt;/b&gt; 1 (01)&lt;br/&gt;&lt;b&gt;Electores:&lt;/b&gt; 117&lt;br/&gt;&lt;b&gt;Estatus:&lt;/b&gt; cubierto</description>
        <styleUrl>#style-centro-electoral</styleUrl>
        <Point><coordinates>-63.182269,9.741172,0.0</coordinates></Point>
      </Placemark>
      <Placemark>
        <name>Unidad Educativa Estadal  Los Pozos De Guanipa</name>
        <description>&lt;b&gt;Código CNE:&lt;/b&gt; 140711029&lt;br/&gt;&lt;b&gt;Parroquia:&lt;/b&gt; San Simón (Casco Central)&lt;br/&gt;&lt;b&gt;Mesas:&lt;/b&gt; 1 (01)&lt;br/&gt;&lt;b&gt;Electores:&lt;/b&gt; 250&lt;br/&gt;&lt;b&gt;Estatus:&lt;/b&gt; cubierto</description>
        <styleUrl>#style-centro-electoral</styleUrl>
        <Point><coordinates>-63.168904,9.752163,0.0</coordinates></Point>
      </Placemark>
      <Placemark>
        <name>Unidad Educativa Maria Teresa Rodríguez Del Toro</name>
        <description>&lt;b&gt;Código CNE:&lt;/b&gt; 140711028&lt;br/&gt;&lt;b&gt;Parroquia:&lt;/b&gt; San Simón (Casco Central)&lt;br/&gt;&lt;b&gt;Mesas:&lt;/b&gt; 1 (01)&lt;br/&gt;&lt;b&gt;Electores:&lt;/b&gt; 940&lt;br/&gt;&lt;b&gt;Estatus:&lt;/b&gt; cubierto</description>
        <styleUrl>#style-centro-electoral</styleUrl>
        <Point><coordinates>-63.187317,9.752663,0.0</coordinates></Point>
      </Placemark>
      <Placemark>
        <name>Casa De La Cultura Simón Bolívar</name>
        <description>&lt;b&gt;Código CNE:&lt;/b&gt; 140704005&lt;br/&gt;&lt;b&gt;Parroquia:&lt;/b&gt; San Vicente&lt;br/&gt;&lt;b&gt;Mesas:&lt;/b&gt; 1 (01)&lt;br/&gt;&lt;b&gt;Electores:&lt;/b&gt; 1,263&lt;br/&gt;&lt;b&gt;Estatus:&lt;/b&gt; cubierto</description>
        <styleUrl>#style-centro-electoral</styleUrl>
        <Point><coordinates>-63.28085,9.729,0.0</coordinates></Point>
      </Placemark>
      <Placemark>
        <name>Centro De Votación Juana Ramìrez</name>
        <description>&lt;b&gt;Código CNE:&lt;/b&gt; 140704006&lt;br/&gt;&lt;b&gt;Parroquia:&lt;/b&gt; San Vicente&lt;br/&gt;&lt;b&gt;Mesas:&lt;/b&gt; 1 (01)&lt;br/&gt;&lt;b&gt;Electores:&lt;/b&gt; 337&lt;br/&gt;&lt;b&gt;Estatus:&lt;/b&gt; cubierto</description>
        <styleUrl>#style-centro-electoral</styleUrl>
        <Point><coordinates>-63.288026,9.732513,0.0</coordinates></Point>
      </Placemark>
      <Placemark>
        <name>Escuela Básica Bolivariana Ismael Salazar</name>
        <description>&lt;b&gt;Código CNE:&lt;/b&gt; 140704002&lt;br/&gt;&lt;b&gt;Parroquia:&lt;/b&gt; San Vicente&lt;br/&gt;&lt;b&gt;Mesas:&lt;/b&gt; 4 (01, 02, 03, 04)&lt;br/&gt;&lt;b&gt;Electores:&lt;/b&gt; 3,094&lt;br/&gt;&lt;b&gt;Estatus:&lt;/b&gt; prioritario</description>
        <styleUrl>#style-centro-electoral</styleUrl>
        <Point><coordinates>-63.284,9.729,0.0</coordinates></Point>
      </Placemark>
      <Placemark>
        <name>Escuela Inicial Nacional Ismael Salazar</name>
        <description>&lt;b&gt;Código CNE:&lt;/b&gt; 140704003&lt;br/&gt;&lt;b&gt;Parroquia:&lt;/b&gt; San Vicente&lt;br/&gt;&lt;b&gt;Mesas:&lt;/b&gt; 1 (02)&lt;br/&gt;&lt;b&gt;Electores:&lt;/b&gt; 1,108&lt;br/&gt;&lt;b&gt;Estatus:&lt;/b&gt; cubierto</description>
        <styleUrl>#style-centro-electoral</styleUrl>
        <Point><coordinates>-63.283439,9.722912,0.0</coordinates></Point>
      </Placemark>
      <Placemark>
        <name>Base De Misiones Arismendi</name>
        <description>&lt;b&gt;Código CNE:&lt;/b&gt; 140709017&lt;br/&gt;&lt;b&gt;Parroquia:&lt;/b&gt; Santa Cruz&lt;br/&gt;&lt;b&gt;Mesas:&lt;/b&gt; 1 (01)&lt;br/&gt;&lt;b&gt;Electores:&lt;/b&gt; 350&lt;br/&gt;&lt;b&gt;Estatus:&lt;/b&gt; cubierto</description>
        <styleUrl>#style-centro-electoral</styleUrl>
        <Point><coordinates>-63.23485,9.715,0.0</coordinates></Point>
      </Placemark>
      <Placemark>
        <name>Centro De Educacion Inicial Martha Lamas De Rengel</name>
        <description>&lt;b&gt;Código CNE:&lt;/b&gt; 140709006&lt;br/&gt;&lt;b&gt;Parroquia:&lt;/b&gt; Santa Cruz&lt;br/&gt;&lt;b&gt;Mesas:&lt;/b&gt; 1 (01)&lt;br/&gt;&lt;b&gt;Electores:&lt;/b&gt; 580&lt;br/&gt;&lt;b&gt;Estatus:&lt;/b&gt; cubierto</description>
        <styleUrl>#style-centro-electoral</styleUrl>
        <Point><coordinates>-63.242026,9.718513,0.0</coordinates></Point>
      </Placemark>
      <Placemark>
        <name>Centro De Educacion Inicial Samuel Robinson</name>
        <description>&lt;b&gt;Código CNE:&lt;/b&gt; 140709016&lt;br/&gt;&lt;b&gt;Parroquia:&lt;/b&gt; Santa Cruz&lt;br/&gt;&lt;b&gt;Mesas:&lt;/b&gt; 4 (01, 02, 03, 04)&lt;br/&gt;&lt;b&gt;Electores:&lt;/b&gt; 3,535&lt;br/&gt;&lt;b&gt;Estatus:&lt;/b&gt; prioritario</description>
        <styleUrl>#style-centro-electoral</styleUrl>
        <Point><coordinates>-63.237439,9.708912,0.0</coordinates></Point>
      </Placemark>
      <Placemark>
        <name>Complejo Educativo Nacional Padre Juan Vives Suria</name>
        <description>&lt;b&gt;Código CNE:&lt;/b&gt; 140709009&lt;br/&gt;&lt;b&gt;Parroquia:&lt;/b&gt; Santa Cruz&lt;br/&gt;&lt;b&gt;Mesas:&lt;/b&gt; 3 (01, 02, 04)&lt;br/&gt;&lt;b&gt;Electores:&lt;/b&gt; 3,436&lt;br/&gt;&lt;b&gt;Estatus:&lt;/b&gt; prioritario</description>
        <styleUrl>#style-centro-electoral</styleUrl>
        <Point><coordinates>-63.233649,9.720405,0.0</coordinates></Point>
      </Placemark>
      <Placemark>
        <name>Escuela Basica Carmen Ebelia Douglas</name>
        <description>&lt;b&gt;Código CNE:&lt;/b&gt; 140709008&lt;br/&gt;&lt;b&gt;Parroquia:&lt;/b&gt; Santa Cruz&lt;br/&gt;&lt;b&gt;Mesas:&lt;/b&gt; 4 (01, 02, 04, 05)&lt;br/&gt;&lt;b&gt;Electores:&lt;/b&gt; 5,428&lt;br/&gt;&lt;b&gt;Estatus:&lt;/b&gt; prioritario</description>
        <styleUrl>#style-centro-electoral</styleUrl>
        <Point><coordinates>-63.245651,9.713711,0.0</coordinates></Point>
      </Placemark>
      <Placemark>
        <name>Escuela Basica Castor Guevara</name>
        <description>&lt;b&gt;Código CNE:&lt;/b&gt; 140709002&lt;br/&gt;&lt;b&gt;Parroquia:&lt;/b&gt; Santa Cruz&lt;br/&gt;&lt;b&gt;Mesas:&lt;/b&gt; 4 (01, 02, 03, 04)&lt;br/&gt;&lt;b&gt;Electores:&lt;/b&gt; 3,214&lt;br/&gt;&lt;b&gt;Estatus:&lt;/b&gt; prioritario</description>
        <styleUrl>#style-centro-electoral</styleUrl>
        <Point><coordinates>-63.230984,9.710749,0.0</coordinates></Point>
      </Placemark>
      <Placemark>
        <name>Escuela Basica San Jaime</name>
        <description>&lt;b&gt;Código CNE:&lt;/b&gt; 140709005&lt;br/&gt;&lt;b&gt;Parroquia:&lt;/b&gt; Santa Cruz&lt;br/&gt;&lt;b&gt;Mesas:&lt;/b&gt; 2 (01, 02)&lt;br/&gt;&lt;b&gt;Electores:&lt;/b&gt; 1,788&lt;br/&gt;&lt;b&gt;Estatus:&lt;/b&gt; cubierto</description>
        <styleUrl>#style-centro-electoral</styleUrl>
        <Point><coordinates>-63.240287,9.723101,0.0</coordinates></Point>
      </Placemark>
      <Placemark>
        <name>Escuela Básica Alberto Lovera</name>
        <description>&lt;b&gt;Código CNE:&lt;/b&gt; 140709010&lt;br/&gt;&lt;b&gt;Parroquia:&lt;/b&gt; Santa Cruz&lt;br/&gt;&lt;b&gt;Mesas:&lt;/b&gt; 1 (01)&lt;br/&gt;&lt;b&gt;Electores:&lt;/b&gt; 750&lt;br/&gt;&lt;b&gt;Estatus:&lt;/b&gt; cubierto</description>
        <styleUrl>#style-centro-electoral</styleUrl>
        <Point><coordinates>-63.242269,9.707172,0.0</coordinates></Point>
      </Placemark>
      <Placemark>
        <name>Escuela Básica Caripe</name>
        <description>&lt;b&gt;Código CNE:&lt;/b&gt; 140709001&lt;br/&gt;&lt;b&gt;Parroquia:&lt;/b&gt; Santa Cruz&lt;br/&gt;&lt;b&gt;Mesas:&lt;/b&gt; 3 (01, 02, 03)&lt;br/&gt;&lt;b&gt;Electores:&lt;/b&gt; 3,553&lt;br/&gt;&lt;b&gt;Estatus:&lt;/b&gt; prioritario</description>
        <styleUrl>#style-centro-electoral</styleUrl>
        <Point><coordinates>-63.228904,9.718163,0.0</coordinates></Point>
      </Placemark>
      <Placemark>
        <name>Jardin De Infancia Caripe</name>
        <description>&lt;b&gt;Código CNE:&lt;/b&gt; 140709015&lt;br/&gt;&lt;b&gt;Parroquia:&lt;/b&gt; Santa Cruz&lt;br/&gt;&lt;b&gt;Mesas:&lt;/b&gt; 2 (01, 02)&lt;br/&gt;&lt;b&gt;Electores:&lt;/b&gt; 1,240&lt;br/&gt;&lt;b&gt;Estatus:&lt;/b&gt; cubierto</description>
        <styleUrl>#style-centro-electoral</styleUrl>
        <Point><coordinates>-63.247317,9.718663,0.0</coordinates></Point>
      </Placemark>
      <Placemark>
        <name>Unidad Educativa  Diego Sifonte Sosa</name>
        <description>&lt;b&gt;Código CNE:&lt;/b&gt; 140709004&lt;br/&gt;&lt;b&gt;Parroquia:&lt;/b&gt; Santa Cruz&lt;br/&gt;&lt;b&gt;Mesas:&lt;/b&gt; 3 (01, 02, 03)&lt;br/&gt;&lt;b&gt;Electores:&lt;/b&gt; 2,774&lt;br/&gt;&lt;b&gt;Estatus:&lt;/b&gt; prioritario</description>
        <styleUrl>#style-centro-electoral</styleUrl>
        <Point><coordinates>-63.233569,9.705981,0.0</coordinates></Point>
      </Placemark>
      <Placemark>
        <name>Unidad Educativa Complejo Educativo Las Carolinas</name>
        <description>&lt;b&gt;Código CNE:&lt;/b&gt; 140709011&lt;br/&gt;&lt;b&gt;Parroquia:&lt;/b&gt; Santa Cruz&lt;br/&gt;&lt;b&gt;Mesas:&lt;/b&gt; 3 (01, 03, 06)&lt;br/&gt;&lt;b&gt;Electores:&lt;/b&gt; 5,271&lt;br/&gt;&lt;b&gt;Estatus:&lt;/b&gt; prioritario</description>
        <styleUrl>#style-centro-electoral</styleUrl>
        <Point><coordinates>-63.234764,9.724825,0.0</coordinates></Point>
      </Placemark>
    </Folder>
  </Document>
</kml>