{
  "type": "FeatureCollection",
  "features": [
    {
      "type": "Feature",
      "properties": {
        "ADM1_ES": "Monagas",
        "ADM2_ES": "Caripe",
        "parroquias_count": 6,
        "id": "caripe",
        "nombre": "Caripe",
        "capital": "Caripe",
        "poblacion": 38000,
        "electores": 27000,
        "color": "#dc2626"
      },
      "geometry": {
        "type": "Polygon",
        "coordinates": [
          [
            [
              -63.52857,
              10.12849
            ],
            [
              -63.53101,
              10.1281
            ],
            [
              -63.53606,
              10.12784
            ],
            [
              -63.53977,
              10.12782
            ],
            [
              -63.54004,
              10.12632
            ],
            [
              -63.53875,
              10.12414
            ],
            [
              -63.5412,
              10.12051
            ],
            [
              -63.54503,
              10.11813
            ],
            [
              -63.5499,
              10.11755
            ],
            [
              -63.55397,
              10.1153
            ],
            [
              -63.55765,
              10.11371
            ],
            [
              -63.55911,
              10.11437
            ],
            [
              -63.56089,
              10.11867
            ],
            [
              -63.5627,
              10.12041
            ],
            [
              -63.56426,
              10.12285
            ],
            [
              -63.5647,
              10.12554
            ],
            [
              -63.56631,
              10.12751
            ],
            [
              -63.56802,
              10.13025
            ],
            [
              -63.57147,
              10.12654
            ],
            [
              -63.57378,
              10.12391
            ],
            [
              -63.57571,
              10.11962
            ],
            [
              -63.57914,
              10.11378
            ],
            [
              -63.58286,
              10.11192
            ],
            [
              -63.58891,
              10.10801
            ],
            [
              -63.59388,
              10.10836
            ],
            [
              -63.59757,
              10.10725
            ],
            [
              -63.60351,
              10.10552
            ],
            [
              -63.60869,
              10.10515
            ],
            [
              -63.61378,
              10.10376
            ],
            [
              -63.61719,
              10.10039
            ],
            [
              -63.61751,
              10.10284
            ],
            [
              -63.61795,
              10.10679
            ],
            [
              -63.61974,
              10.1106
            ],
            [
              -63.62099,
              10.11434
            ],
            [
              -63.62052,
              10.11728
            ],
            [
              -63.61819,
              10.12032
            ],
            [
              -63.61738,
              10.12281
            ],
            [
              -63.61716,
              10.12618
            ],
            [
              -63.6174,
              10.12657
            ],
            [
              -63.61923,
              10.12904
            ],
            [
              -63.62215,
              10.13169
            ],
            [
              -63.62329,
              10.13425
            ],
            [
              -63.62386,
              10.13661
            ],
            [
              -63.6219,
              10.13822
            ],
            [
              -63.62033,
              10.13883
            ],
            [
              -63.61778,
              10.13975
            ],
            [
              -63.61138,
              10.14156
            ],
            [
              -63.60686,
              10.14355
            ],
            [
              -63.60259,
              10.14738
            ],
            [
              -63.60002,
              10.14936
            ],
            [
              -63.59609,
              10.15165
            ],
            [
              -63.59202,
              10.15563
            ],
            [
              -63.58951,
              10.15825
            ],
            [
              -63.58566,
              10.16211
            ],
            [
              -63.58156,
              10.16345
            ],
            [
              -63.56802,
              10.1636
            ],
            [
              -63.56926,
              10.17284
            ],
            [
              -63.57198,
              10.17483
            ],
            [
              -63.57252,
              10.17605
            ],
            [
              -63.57183,
              10.17913
            ],
            [
              -63.57524,
              10.18246
            ],
            [
              -63.5775,
              10.18924
            ],
            [
              -63.57869,
              10.1928
            ],
            [
              -63.58068,
              10.19878
            ],
            [
              -63.58088,
              10.19908
            ],
            [
              -63.58112,
              10.19942
            ],
            [
              -63.58145,
              10.19982
            ],
            [
              -63.58049,
              10.20099
            ],
            [
              -63.57922,
              10.20122
            ],
            [
              -63.57788,
              10.2016
            ],
            [
              -63.57343,
              10.20192
            ],
            [
              -63.57167,
              10.20194
            ],
            [
              -63.56841,
              10.20169
            ],
            [
              -63.56427,
              10.20492
            ],
            [
              -63.56247,
              10.20728
            ],
            [
              -63.56244,
              10.20731
            ],
            [
              -63.56242,
              10.20735
            ],
            [
              -63.5617,
              10.20856
            ],
            [
              -63.56142,
              10.20903
            ],
            [
              -63.55881,
              10.21428
            ],
            [
              -63.55873,
              10.21471
            ],
            [
              -63.55865,
              10.21514
            ],
            [
              -63.55783,
              10.21841
            ],
            [
              -63.55778,
              10.22096
            ],
            [
              -63.55788,
              10.22326
            ],
            [
              -63.55823,
              10.22536
            ],
            [
              -63.55743,
              10.22731
            ],
            [
              -63.55557,
              10.22931
            ],
            [
              -63.55457,
              10.23082
            ],
            [
              -63.54891,
              10.23336
            ],
            [
              -63.54888,
              10.23338
            ],
            [
              -63.54833,
              10.23521
            ],
            [
              -63.54791,
              10.23756
            ],
            [
              -63.54713,
              10.23912
            ],
            [
              -63.54665,
              10.24011
            ],
            [
              -63.54548,
              10.24268
            ],
            [
              -63.54349,
              10.24483
            ],
            [
              -63.5433,
              10.24706
            ],
            [
              -63.54238,
              10.24949
            ],
            [
              -63.54268,
              10.25204
            ],
            [
              -63.54383,
              10.25531
            ],
            [
              -63.54522,
              10.25789
            ],
            [
              -63.54713,
              10.25866
            ],
            [
              -63.54768,
              10.25888
            ],
            [
              -63.54926,
              10.26594
            ],
            [
              -63.54981,
              10.26829
            ],
            [
              -63.54827,
              10.26958
            ],
            [
              -63.54728,
              10.27001
            ],
            [
              -63.54713,
              10.27025
            ],
            [
              -63.54653,
              10.27122
            ],
            [
              -63.54472,
              10.27132
            ],
            [
              -63.54376,
              10.27237
            ],
            [
              -63.54111,
              10.27541
            ],
            [
              -63.5403,
              10.27542
            ],
            [
              -63.53855,
              10.27662
            ],
            [
              -63.53703,
              10.27786
            ],
            [
              -63.53581,
              10.27956
            ],
            [
              -63.53449,
              10.28136
            ],
            [
              -63.53327,
              10.28248
            ],
            [
              -63.53122,
              10.28382
            ],
            [
              -63.53002,
              10.28528
            ],
            [
              -63.5297,
              10.28567
            ],
            [
              -63.52868,
              10.28752
            ],
            [
              -63.52688,
              10.28829
            ],
            [
              -63.52447,
              10.28879
            ],
            [
              -63.52262,
              10.28965
            ],
            [
              -63.51931,
              10.29112
            ],
            [
              -63.51869,
              10.29139
            ],
            [
              -63.51684,
              10.292
            ],
            [
              -63.5168,
              10.29202
            ],
            [
              -63.51573,
              10.29348
            ],
            [
              -63.51561,
              10.29365
            ],
            [
              -63.51533,
              10.29499
            ],
            [
              -63.51379,
              10.29611
            ],
            [
              -63.51107,
              10.2963
            ],
            [
              -63.50933,
              10.29637
            ],
            [
              -63.50781,
              10.29605
            ],
            [
              -63.5048,
              10.29546
            ],
            [
              -63.50125,
              10.29573
            ],
            [
              -63.50123,
              10.29573
            ],
            [
              -63.50034,
              10.29563
            ],
            [
              -63.49902,
              10.29544
            ],
            [
              -63.49719,
              10.29559
            ],
            [
              -63.4955,
              10.29634
            ],
            [
              -63.49395,
              10.29662
            ],
            [
              -63.49218,
              10.29759
            ],
            [
              -63.48994,
              10.29932
            ],
            [
              -63.489,
              10.30009
            ],
            [
              -63.48751,
              10.30257
            ],
            [
              -63.4865,
              10.3049
            ],
            [
              -63.48296,
              10.308
            ],
            [
              -63.48062,
              10.30958
            ],
            [
              -63.4778,
              10.31086
            ],
            [
              -63.47795,
              10.31242
            ],
            [
              -63.47728,
              10.31431
            ],
            [
              -63.47502,
              10.31514
            ],
            [
              -63.47297,
              10.31568
            ],
            [
              -63.46981,
              10.31575
            ],
            [
              -63.46767,
              10.31597
            ],
            [
              -63.46585,
              10.31771
            ],
            [
              -63.46305,
              10.3186
            ],
            [
              -63.46053,
              10.31924
            ],
            [
              -63.45907,
              10.32066
            ],
            [
              -63.45907,
              10.32052
            ],
            [
              -63.45899,
              10.31843
            ],
            [
              -63.45856,
              10.31669
            ],
            [
              -63.45823,
              10.31541
            ],
            [
              -63.45742,
              10.31469
            ],
            [
              -63.45794,
              10.31188
            ],
            [
              -63.4576,
              10.30998
            ],
            [
              -63.4575,
              10.30835
            ],
            [
              -63.45726,
              10.30758
            ],
            [
              -63.45718,
              10.30752
            ],
            [
              -63.45471,
              10.30545
            ],
            [
              -63.4517,
              10.30338
            ],
            [
              -63.44872,
              10.30026
            ],
            [
              -63.44791,
              10.29817
            ],
            [
              -63.4473,
              10.29494
            ],
            [
              -63.4471,
              10.29211
            ],
            [
              -63.44708,
              10.29021
            ],
            [
              -63.44604,
              10.28876
            ],
            [
              -63.42727,
              10.2885
            ],
            [
              -63.42726,
              10.2876
            ],
            [
              -63.41145,
              10.28797
            ],
            [
              -63.41283,
              10.28528
            ],
            [
              -63.4194,
              10.2725
            ],
            [
              -63.42776,
              10.25621
            ],
            [
              -63.4282,
              10.25536
            ],
            [
              -63.42743,
              10.25546
            ],
            [
              -63.42739,
              10.25547
            ],
            [
              -63.40124,
              10.25916
            ],
            [
              -63.38833,
              10.23902
            ],
            [
              -63.35463,
              10.2445
            ],
            [
              -63.33568,
              10.2126
            ],
            [
              -63.31728,
              10.21255
            ],
            [
              -63.28714,
              10.21174
            ],
            [
              -63.25652,
              10.2024
            ],
            [
              -63.25534,
              10.19151
            ],
            [
              -63.22351,
              10.19164
            ],
            [
              -63.21213,
              10.16275
            ],
            [
              -63.19595,
              10.16202
            ],
            [
              -63.19578,
              10.16164
            ],
            [
              -63.20151,
              10.15478
            ],
            [
              -63.20237,
              10.15367
            ],
            [
              -63.21218,
              10.14111
            ],
            [
              -63.2216,
              10.12904
            ],
            [
              -63.22673,
              10.12246
            ],
            [
              -63.24363,
              10.09967
            ],
            [
              -63.3043,
              10.06763
            ],
            [
              -63.32356,
              10.07237
            ],
            [
              -63.34257,
              10.09146
            ],
            [
              -63.38398,
              10.08706
            ],
            [
              -63.40187,
              10.10751
            ],
            [
              -63.45452,
              10.1068
            ],
            [
              -63.45498,
              10.10713
            ],
            [
              -63.44433,
              10.12249
            ],
            [
              -63.45538,
              10.14076
            ],
            [
              -63.46444,
              10.13977
            ],
            [
              -63.46451,
              10.13979
            ],
            [
              -63.46441,
              10.1395
            ],
            [
              -63.49046,
              10.13691
            ],
            [
              -63.50187,
              10.13267
            ],
            [
              -63.50435,
              10.13083
            ],
            [
              -63.50736,
              10.12919
            ],
            [
              -63.51111,
              10.12784
            ],
            [
              -63.51702,
              10.12765
            ],
            [
              -63.519,
              10.12866
            ],
            [
              -63.5233,
              10.13028
            ],
            [
              -63.52656,
              10.12946
            ],
            [
              -63.52857,
              10.12849
            ]
          ]
        ]
      }
    },
    {
      "type": "Feature",
      "properties": {
        "ADM1_ES": "Monagas",
        "ADM2_ES": "Cedeño",
        "parroquias_count": 4,
        "id": "cedeno",
        "nombre": "Cedeño",
        "capital": "Caicara de Maturín",
        "poblacion": 40000,
        "electores": 26000,
        "color": "#7c3aed"
      },
      "geometry": {
        "type": "Polygon",
        "coordinates": [
          [
            [
              -63.70244,
              9.74888
            ],
            [
              -63.70464,
              9.68544
            ],
            [
              -63.70373,
              9.68437
            ],
            [
              -63.70466,
              9.68479
            ],
            [
              -63.71299,
              9.68282
            ],
            [
              -63.7257,
              9.68354
            ],
            [
              -63.72696,
              9.64509
            ],
            [
              -63.80991,
              9.55933
            ],
            [
              -63.81628,
              9.55275
            ],
            [
              -63.82497,
              9.54376
            ],
            [
              -63.82514,
              9.54359
            ],
            [
              -63.82525,
              9.54348
            ],
            [
              -63.82531,
              9.54355
            ],
            [
              -63.84486,
              9.56856
            ],
            [
              -63.90164,
              9.6412
            ],
            [
              -63.90493,
              9.64542
            ],
            [
              -63.90494,
              9.64543
            ],
            [
              -63.93603,
              9.68694
            ],
            [
              -63.94793,
              9.70499
            ],
            [
              -63.94924,
              9.70883
            ],
            [
              -63.9492,
              9.70977
            ],
            [
              -63.95013,
              9.71147
            ],
            [
              -63.95166,
              9.71596
            ],
            [
              -63.95171,
              9.71856
            ],
            [
              -63.95214,
              9.71941
            ],
            [
              -63.95175,
              9.72177
            ],
            [
              -63.95186,
              9.72192
            ],
            [
              -63.95105,
              9.72309
            ],
            [
              -63.9514,
              9.72403
            ],
            [
              -63.9523,
              9.72476
            ],
            [
              -63.95231,
              9.72577
            ],
            [
              -63.95328,
              9.72655
            ],
            [
              -63.95312,
              9.72761
            ],
            [
              -63.95278,
              9.7286
            ],
            [
              -63.95327,
              9.72981
            ],
            [
              -63.95383,
              9.73234
            ],
            [
              -63.95396,
              9.73436
            ],
            [
              -63.95514,
              9.73488
            ],
            [
              -63.95677,
              9.73529
            ],
            [
              -63.95856,
              9.7365
            ],
            [
              -63.95919,
              9.73832
            ],
            [
              -63.96031,
              9.74059
            ],
            [
              -63.96042,
              9.74094
            ],
            [
              -63.96057,
              9.74239
            ],
            [
              -63.96104,
              9.74574
            ],
            [
              -63.96093,
              9.74731
            ],
            [
              -63.96098,
              9.74874
            ],
            [
              -63.96085,
              9.74896
            ],
            [
              -63.96017,
              9.74968
            ],
            [
              -63.95934,
              9.75131
            ],
            [
              -63.95934,
              9.75166
            ],
            [
              -63.95856,
              9.75304
            ],
            [
              -63.95882,
              9.75439
            ],
            [
              -63.95854,
              9.75471
            ],
            [
              -63.95922,
              9.75647
            ],
            [
              -63.95973,
              9.75908
            ],
            [
              -63.96015,
              9.7601
            ],
            [
              -63.95992,
              9.76047
            ],
            [
              -63.95995,
              9.76148
            ],
            [
              -63.96035,
              9.76265
            ],
            [
              -63.96033,
              9.76371
            ],
            [
              -63.96049,
              9.76518
            ],
            [
              -63.96122,
              9.76743
            ],
            [
              -63.96062,
              9.76892
            ],
            [
              -63.96032,
              9.77009
            ],
            [
              -63.9604,
              9.77283
            ],
            [
              -63.95982,
              9.77349
            ],
            [
              -63.95852,
              9.77432
            ],
            [
              -63.95711,
              9.77628
            ],
            [
              -63.95679,
              9.77749
            ],
            [
              -63.95626,
              9.77808
            ],
            [
              -63.9527,
              9.78171
            ],
            [
              -63.95249,
              9.78187
            ],
            [
              -63.95033,
              9.78327
            ],
            [
              -63.94962,
              9.78482
            ],
            [
              -63.94959,
              9.78488
            ],
            [
              -63.94605,
              9.78848
            ],
            [
              -63.94606,
              9.79176
            ],
            [
              -63.94593,
              9.79268
            ],
            [
              -63.9451,
              9.79509
            ],
            [
              -63.94469,
              9.79904
            ],
            [
              -63.94505,
              9.80255
            ],
            [
              -63.94518,
              9.80565
            ],
            [
              -63.94625,
              9.80781
            ],
            [
              -63.94836,
              9.80996
            ],
            [
              -63.94941,
              9.81167
            ],
            [
              -63.95007,
              9.81532
            ],
            [
              -63.95166,
              9.81707
            ],
            [
              -63.95232,
              9.81909
            ],
            [
              -63.9539,
              9.82081
            ],
            [
              -63.9546,
              9.82228
            ],
            [
              -63.95439,
              9.82343
            ],
            [
              -63.95254,
              9.82545
            ],
            [
              -63.95111,
              9.82743
            ],
            [
              -63.94891,
              9.83072
            ],
            [
              -63.94818,
              9.83293
            ],
            [
              -63.94813,
              9.83332
            ],
            [
              -63.94555,
              9.83697
            ],
            [
              -63.94554,
              9.83697
            ],
            [
              -63.9445,
              9.83772
            ],
            [
              -63.94234,
              9.83825
            ],
            [
              -63.94146,
              9.83815
            ],
            [
              -63.93954,
              9.83889
            ],
            [
              -63.93799,
              9.8408
            ],
            [
              -63.93695,
              9.84372
            ],
            [
              -63.93601,
              9.84462
            ],
            [
              -63.9347,
              9.84486
            ],
            [
              -63.93412,
              9.84483
            ],
            [
              -63.93198,
              9.84371
            ],
            [
              -63.92901,
              9.84328
            ],
            [
              -63.92734,
              9.84391
            ],
            [
              -63.92576,
              9.84423
            ],
            [
              -63.9234,
              9.8444
            ],
            [
              -63.92152,
              9.84523
            ],
            [
              -63.91915,
              9.84613
            ],
            [
              -63.91482,
              9.84775
            ],
            [
              -63.91203,
              9.84828
            ],
            [
              -63.91095,
              9.84889
            ],
            [
              -63.91339,
              9.85198
            ],
            [
              -63.91757,
              9.85892
            ],
            [
              -63.92101,
              9.86234
            ],
            [
              -63.92569,
              9.86729
            ],
            [
              -63.92976,
              9.8693
            ],
            [
              -63.9322,
              9.87
            ],
            [
              -63.9328,
              9.87126
            ],
            [
              -63.9329,
              9.87312
            ],
            [
              -63.93318,
              9.87439
            ],
            [
              -63.93516,
              9.87555
            ],
            [
              -63.9358,
              9.87543
            ],
            [
              -63.93762,
              9.87509
            ],
            [
              -63.93913,
              9.87566
            ],
            [
              -63.94081,
              9.87715
            ],
            [
              -63.94269,
              9.87834
            ],
            [
              -63.94272,
              9.87862
            ],
            [
              -63.94275,
              9.87888
            ],
            [
              -63.94288,
              9.8802
            ],
            [
              -63.94272,
              9.88061
            ],
            [
              -63.94191,
              9.88275
            ],
            [
              -63.94292,
              9.88398
            ],
            [
              -63.94398,
              9.88462
            ],
            [
              -63.94515,
              9.88593
            ],
            [
              -63.94808,
              9.88861
            ],
            [
              -63.94992,
              9.89005
            ],
            [
              -63.95213,
              9.89147
            ],
            [
              -63.95359,
              9.89281
            ],
            [
              -63.95686,
              9.8964
            ],
            [
              -63.96073,
              9.89657
            ],
            [
              -63.96355,
              9.89705
            ],
            [
              -63.9638,
              9.89709
            ],
            [
              -63.96589,
              9.89805
            ],
            [
              -63.96933,
              9.8982
            ],
            [
              -63.97448,
              9.89849
            ],
            [
              -63.97678,
              9.89977
            ],
            [
              -63.97693,
              9.90006
            ],
            [
              -63.97784,
              9.90194
            ],
            [
              -63.9791,
              9.90366
            ],
            [
              -63.98177,
              9.90618
            ],
            [
              -63.98294,
              9.90772
            ],
            [
              -63.98313,
              9.90798
            ],
            [
              -63.98323,
              9.90811
            ],
            [
              -63.98325,
              9.90812
            ],
            [
              -63.98324,
              9.90813
            ],
            [
              -63.98374,
              9.90879
            ],
            [
              -63.98409,
              9.91009
            ],
            [
              -63.9843,
              9.91281
            ],
            [
              -63.98503,
              9.91609
            ],
            [
              -63.98604,
              9.91757
            ],
            [
              -63.9862,
              9.91817
            ],
            [
              -63.98678,
              9.91864
            ],
            [
              -63.98818,
              9.92109
            ],
            [
              -63.9881,
              9.92534
            ],
            [
              -63.98538,
              9.93552
            ],
            [
              -63.98475,
              9.93825
            ],
            [
              -63.98508,
              9.93911
            ],
            [
              -63.9859,
              9.93895
            ],
            [
              -63.99013,
              9.93675
            ],
            [
              -63.99094,
              9.93627
            ],
            [
              -63.99711,
              9.93262
            ],
            [
              -64.00147,
              9.93254
            ],
            [
              -64.00281,
              9.93194
            ],
            [
              -64.00435,
              9.93054
            ],
            [
              -64.00661,
              9.93036
            ],
            [
              -64.00762,
              9.93183
            ],
            [
              -64.00791,
              9.93226
            ],
            [
              -64.00951,
              9.9354
            ],
            [
              -64.01196,
              9.93714
            ],
            [
              -64.01487,
              9.93751
            ],
            [
              -64.0178,
              9.93505
            ],
            [
              -64.02096,
              9.93179
            ],
            [
              -64.02288,
              9.93186
            ],
            [
              -64.02697,
              9.93259
            ],
            [
              -64.03186,
              9.93171
            ],
            [
              -64.03592,
              9.93019
            ],
            [
              -64.03772,
              9.93019
            ],
            [
              -64.03854,
              9.93211
            ],
            [
              -64.03826,
              9.93512
            ],
            [
              -64.03744,
              9.93778
            ],
            [
              -64.03802,
              9.9393
            ],
            [
              -64.04132,
              9.9417
            ],
            [
              -64.04348,
              9.94436
            ],
            [
              -64.04392,
              9.94778
            ],
            [
              -64.0443,
              9.95648
            ],
            [
              -64.04449,
              9.95911
            ],
            [
              -64.04577,
              9.9631
            ],
            [
              -64.04585,
              9.9634
            ],
            [
              -64.04609,
              9.96686
            ],
            [
              -64.04763,
              9.9717
            ],
            [
              -64.04695,
              9.97857
            ],
            [
              -64.04816,
              9.98143
            ],
            [
              -64.05003,
              9.98549
            ],
            [
              -64.05126,
              9.98815
            ],
            [
              -64.05226,
              9.99068
            ],
            [
              -64.05702,
              9.99457
            ],
            [
              -64.05903,
              9.9956
            ],
            [
              -64.06045,
              9.99682
            ],
            [
              -64.06133,
              9.99872
            ],
            [
              -64.06272,
              10.0055
            ],
            [
              -64.06158,
              10.00821
            ],
            [
              -64.0605,
              10.01105
            ],
            [
              -64.0598,
              10.01492
            ],
            [
              -64.05816,
              10.01959
            ],
            [
              -64.05697,
              10.02333
            ],
            [
              -64.05642,
              10.02787
            ],
            [
              -64.05642,
              10.03039
            ],
            [
              -64.05749,
              10.03651
            ],
            [
              -64.06049,
              10.04077
            ],
            [
              -64.06264,
              10.04493
            ],
            [
              -64.0629,
              10.04964
            ],
            [
              -64.06116,
              10.05192
            ],
            [
              -64.05561,
              10.05304
            ],
            [
              -64.04942,
              10.05303
            ],
            [
              -64.04585,
              10.05163
            ],
            [
              -64.04308,
              10.04913
            ],
            [
              -64.03703,
              10.0466
            ],
            [
              -64.03238,
              10.04529
            ],
            [
              -64.02237,
              10.04105
            ],
            [
              -64.01667,
              10.03992
            ],
            [
              -64.01229,
              10.04008
            ],
            [
              -64.00912,
              10.04145
            ],
            [
              -64.0067,
              10.04204
            ],
            [
              -64.00419,
              10.04133
            ],
            [
              -64.00225,
              10.04135
            ],
            [
              -64.00099,
              10.04169
            ],
            [
              -63.99904,
              10.04221
            ],
            [
              -63.99702,
              10.04416
            ],
            [
              -63.99604,
              10.04634
            ],
            [
              -63.99453,
              10.0476
            ],
            [
              -63.99325,
              10.04739
            ],
            [
              -63.99121,
              10.04645
            ],
            [
              -63.98752,
              10.04725
            ],
            [
              -63.98508,
              10.04839
            ],
            [
              -63.98311,
              10.048
            ],
            [
              -63.97962,
              10.04875
            ],
            [
              -63.97507,
              10.05084
            ],
            [
              -63.97249,
              10.05109
            ],
            [
              -63.97015,
              10.05219
            ],
            [
              -63.96624,
              10.0534
            ],
            [
              -63.95856,
              10.05428
            ],
            [
              -63.95716,
              10.05539
            ],
            [
              -63.95624,
              10.05676
            ],
            [
              -63.95635,
              10.05922
            ],
            [
              -63.95636,
              10.05961
            ],
            [
              -63.95761,
              10.06236
            ],
            [
              -63.95874,
              10.06384
            ],
            [
              -63.95957,
              10.06544
            ],
            [
              -63.95953,
              10.06842
            ],
            [
              -63.95936,
              10.06911
            ],
            [
              -63.95805,
              10.07203
            ],
            [
              -63.95794,
              10.07237
            ],
            [
              -63.95744,
              10.07398
            ],
            [
              -63.95834,
              10.07671
            ],
            [
              -63.95882,
              10.07975
            ],
            [
              -63.95934,
              10.08297
            ],
            [
              -63.95641,
              10.08403
            ],
            [
              -63.95638,
              10.08405
            ],
            [
              -63.95202,
              10.08564
            ],
            [
              -63.94493,
              10.08823
            ],
            [
              -63.94415,
              10.08796
            ],
            [
              -63.93276,
              10.08397
            ],
            [
              -63.93255,
              10.08407
            ],
            [
              -63.93237,
              10.08386
            ],
            [
              -63.93149,
              10.08363
            ],
            [
              -63.92744,
              10.0826
            ],
            [
              -63.92344,
              10.07992
            ],
            [
              -63.91962,
              10.07775
            ],
            [
              -63.91896,
              10.07737
            ],
            [
              -63.91803,
              10.07375
            ],
            [
              -63.91348,
              10.07185
            ],
            [
              -63.90997,
              10.0687
            ],
            [
              -63.90996,
              10.06867
            ],
            [
              -63.90957,
              10.06535
            ],
            [
              -63.91081,
              10.05918
            ],
            [
              -63.91127,
              10.0539
            ],
            [
              -63.90628,
              10.05087
            ],
            [
              -63.89732,
              10.05102
            ],
            [
              -63.8928,
              10.05357
            ],
            [
              -63.89017,
              10.04859
            ],
            [
              -63.89321,
              10.04377
            ],
            [
              -63.89666,
              10.03851
            ],
            [
              -63.90108,
              10.03364
            ],
            [
              -63.89755,
              10.02907
            ],
            [
              -63.89091,
              10.02669
            ],
            [
              -63.88135,
              10.02578
            ],
            [
              -63.87298,
              10.02787
            ],
            [
              -63.86697,
              10.03038
            ],
            [
              -63.86166,
              10.03086
            ],
            [
              -63.85428,
              10.0319
            ],
            [
              -63.84386,
              10.03422
            ],
            [
              -63.83695,
              10.03647
            ],
            [
              -63.82897,
              10.03565
            ],
            [
              -63.81867,
              10.02016
            ],
            [
              -63.79451,
              10.02368
            ],
            [
              -63.79344,
              10.02505
            ],
            [
              -63.79263,
              10.02574
            ],
            [
              -63.79187,
              10.02682
            ],
            [
              -63.79073,
              10.02745
            ],
            [
              -63.78954,
              10.02871
            ],
            [
              -63.78879,
              10.02995
            ],
            [
              -63.78722,
              10.0307
            ],
            [
              -63.78556,
              10.03107
            ],
            [
              -63.78416,
              10.0316
            ],
            [
              -63.78266,
              10.03273
            ],
            [
              -63.78096,
              10.03396
            ],
            [
              -63.77928,
              10.03571
            ],
            [
              -63.77739,
              10.03617
            ],
            [
              -63.77408,
              10.03595
            ],
            [
              -63.77217,
              10.03641
            ],
            [
              -63.77045,
              10.03734
            ],
            [
              -63.76729,
              10.03795
            ],
            [
              -63.76571,
              10.03917
            ],
            [
              -63.76444,
              10.03937
            ],
            [
              -63.76338,
              10.03968
            ],
            [
              -63.76214,
              10.03936
            ],
            [
              -63.76091,
              10.03809
            ],
            [
              -63.75955,
              10.03834
            ],
            [
              -63.75763,
              10.03873
            ],
            [
              -63.75587,
              10.03973
            ],
            [
              -63.75447,
              10.04002
            ],
            [
              -63.75229,
              10.0403
            ],
            [
              -63.75105,
              10.04064
            ],
            [
              -63.74865,
              10.04125
            ],
            [
              -63.74723,
              10.04166
            ],
            [
              -63.74531,
              10.042
            ],
            [
              -63.74359,
              10.04261
            ],
            [
              -63.74168,
              10.04339
            ],
            [
              -63.73965,
              10.04451
            ],
            [
              -63.73763,
              10.04579
            ],
            [
              -63.73659,
              10.04661
            ],
            [
              -63.73448,
              10.04748
            ],
            [
              -63.73262,
              10.04754
            ],
            [
              -63.7302,
              10.04808
            ],
            [
              -63.72824,
              10.04656
            ],
            [
              -63.72614,
              10.04468
            ],
            [
              -63.72441,
              10.04439
            ],
            [
              -63.72379,
              10.04611
            ],
            [
              -63.72311,
              10.04581
            ],
            [
              -63.72224,
              10.04476
            ],
            [
              -63.72076,
              10.04373
            ],
            [
              -63.72172,
              10.04184
            ],
            [
              -63.72236,
              10.04083
            ],
            [
              -63.72294,
              10.04005
            ],
            [
              -63.72351,
              10.03907
            ],
            [
              -63.72344,
              10.0385
            ],
            [
              -63.72231,
              10.0386
            ],
            [
              -63.72127,
              10.0394
            ],
            [
              -63.72,
              10.03914
            ],
            [
              -63.71875,
              10.03782
            ],
            [
              -63.71729,
              10.0373
            ],
            [
              -63.7166,
              10.03665
            ],
            [
              -63.71587,
              10.03578
            ],
            [
              -63.7153,
              10.03456
            ],
            [
              -63.71465,
              10.03327
            ],
            [
              -63.71427,
              10.03241
            ],
            [
              -63.71435,
              10.0306
            ],
            [
              -63.71196,
              10.03012
            ],
            [
              -63.70957,
              10.03006
            ],
            [
              -63.70898,
              10.02898
            ],
            [
              -63.70904,
              10.02797
            ],
            [
              -63.70883,
              10.02577
            ],
            [
              -63.69295,
              10.03192
            ],
            [
              -63.6897,
              10.0308
            ],
            [
              -63.68592,
              10.02861
            ],
            [
              -63.68314,
              10.02731
            ],
            [
              -63.68091,
              10.02908
            ],
            [
              -63.67795,
              10.03252
            ],
            [
              -63.6731,
              10.03423
            ],
            [
              -63.66876,
              10.03547
            ],
            [
              -63.6676,
              10.0353
            ],
            [
              -63.66313,
              10.03808
            ],
            [
              -63.65835,
              10.04045
            ],
            [
              -63.65056,
              10.04548
            ],
            [
              -63.64691,
              10.04793
            ],
            [
              -63.64518,
              10.04924
            ],
            [
              -63.64357,
              10.05042
            ],
            [
              -63.63612,
              10.0579
            ],
            [
              -63.63411,
              10.06238
            ],
            [
              -63.6316,
              10.06488
            ],
            [
              -63.62856,
              10.06678
            ],
            [
              -63.62658,
              10.06572
            ],
            [
              -63.62348,
              10.06526
            ],
            [
              -63.62139,
              10.06519
            ],
            [
              -63.61814,
              10.06446
            ],
            [
              -63.61611,
              10.06229
            ],
            [
              -63.61535,
              10.05902
            ],
            [
              -63.61502,
              10.05455
            ],
            [
              -63.61502,
              10.05049
            ],
            [
              -63.61261,
              10.04619
            ],
            [
              -63.61259,
              10.04237
            ],
            [
              -63.61195,
              10.04067
            ],
            [
              -63.61378,
              10.0356
            ],
            [
              -63.61533,
              10.03019
            ],
            [
              -63.615,
              10.0288
            ],
            [
              -63.6132,
              10.02726
            ],
            [
              -63.61265,
              10.02606
            ],
            [
              -63.60937,
              10.02377
            ],
            [
              -63.60548,
              10.02085
            ],
            [
              -63.60372,
              10.0194
            ],
            [
              -63.6021,
              10.01695
            ],
            [
              -63.60187,
              10.01629
            ],
            [
              -63.60132,
              10.01475
            ],
            [
              -63.60204,
              10.01217
            ],
            [
              -63.6041,
              10.00962
            ],
            [
              -63.60623,
              10.00552
            ],
            [
              -63.60637,
              10.00251
            ],
            [
              -63.60593,
              9.99664
            ],
            [
              -63.60525,
              9.9959
            ],
            [
              -63.60359,
              9.9933
            ],
            [
              -63.60076,
              9.99035
            ],
            [
              -63.59962,
              9.98975
            ],
            [
              -63.59638,
              9.98812
            ],
            [
              -63.59323,
              9.98659
            ],
            [
              -63.58928,
              9.98595
            ],
            [
              -63.58636,
              9.98627
            ],
            [
              -63.58292,
              9.9861
            ],
            [
              -63.5781,
              9.9858
            ],
            [
              -63.57611,
              9.98435
            ],
            [
              -63.57499,
              9.98166
            ],
            [
              -63.57589,
              9.97919
            ],
            [
              -63.57547,
              9.97675
            ],
            [
              -63.57355,
              9.97399
            ],
            [
              -63.57235,
              9.97133
            ],
            [
              -63.57077,
              9.96787
            ],
            [
              -63.56872,
              9.96579
            ],
            [
              -63.5671,
              9.96314
            ],
            [
              -63.56555,
              9.9603
            ],
            [
              -63.56371,
              9.95837
            ],
            [
              -63.56149,
              9.95792
            ],
            [
              -63.56117,
              9.95696
            ],
            [
              -63.56086,
              9.95615
            ],
            [
              -63.56072,
              9.95374
            ],
            [
              -63.56026,
              9.95089
            ],
            [
              -63.5602,
              9.94882
            ],
            [
              -63.56122,
              9.94702
            ],
            [
              -63.56284,
              9.94571
            ],
            [
              -63.56359,
              9.94461
            ],
            [
              -63.56505,
              9.9429
            ],
            [
              -63.56654,
              9.94057
            ],
            [
              -63.56699,
              9.93961
            ],
            [
              -63.56847,
              9.93709
            ],
            [
              -63.5697,
              9.93471
            ],
            [
              -63.56795,
              9.93043
            ],
            [
              -63.56673,
              9.92707
            ],
            [
              -63.56573,
              9.92534
            ],
            [
              -63.56459,
              9.92347
            ],
            [
              -63.56232,
              9.92179
            ],
            [
              -63.55974,
              9.92007
            ],
            [
              -63.55827,
              9.91969
            ],
            [
              -63.55716,
              9.91858
            ],
            [
              -63.5553,
              9.91681
            ],
            [
              -63.55304,
              9.91543
            ],
            [
              -63.55113,
              9.91405
            ],
            [
              -63.55039,
              9.91238
            ],
            [
              -63.54994,
              9.91104
            ],
            [
              -63.5489,
              9.91006
            ],
            [
              -63.54732,
              9.90941
            ],
            [
              -63.54587,
              9.90797
            ],
            [
              -63.5445,
              9.90733
            ],
            [
              -63.54324,
              9.90596
            ],
            [
              -63.54279,
              9.90404
            ],
            [
              -63.54174,
              9.90339
            ],
            [
              -63.54041,
              9.90241
            ],
            [
              -63.53804,
              9.90061
            ],
            [
              -63.53645,
              9.89913
            ],
            [
              -63.53554,
              9.8991
            ],
            [
              -63.53391,
              9.89888
            ],
            [
              -63.53046,
              9.89866
            ],
            [
              -63.52814,
              9.89921
            ],
            [
              -63.52711,
              9.8986
            ],
            [
              -63.52453,
              9.89737
            ],
            [
              -63.52172,
              9.89669
            ],
            [
              -63.52243,
              9.89457
            ],
            [
              -63.52196,
              9.89213
            ],
            [
              -63.52018,
              9.89181
            ],
            [
              -63.5173,
              9.89217
            ],
            [
              -63.51668,
              9.89072
            ],
            [
              -63.51554,
              9.8906
            ],
            [
              -63.5149,
              9.88899
            ],
            [
              -63.51363,
              9.8864
            ],
            [
              -63.51215,
              9.88526
            ],
            [
              -63.51073,
              9.88462
            ],
            [
              -63.50939,
              9.88173
            ],
            [
              -63.50769,
              9.88108
            ],
            [
              -63.50761,
              9.87952
            ],
            [
              -63.50813,
              9.87812
            ],
            [
              -63.50863,
              9.87652
            ],
            [
              -63.50892,
              9.87504
            ],
            [
              -63.50963,
              9.87301
            ],
            [
              -63.50932,
              9.87224
            ],
            [
              -63.50969,
              9.87037
            ],
            [
              -63.5107,
              9.86847
            ],
            [
              -63.51055,
              9.867
            ],
            [
              -63.5097,
              9.86485
            ],
            [
              -63.50855,
              9.86278
            ],
            [
              -63.50651,
              9.86095
            ],
            [
              -63.50541,
              9.86018
            ],
            [
              -63.50452,
              9.85934
            ],
            [
              -63.50455,
              9.85771
            ],
            [
              -63.50368,
              9.85692
            ],
            [
              -63.50234,
              9.85635
            ],
            [
              -63.50135,
              9.85604
            ],
            [
              -63.49768,
              9.85443
            ],
            [
              -63.49653,
              9.85363
            ],
            [
              -63.49496,
              9.85315
            ],
            [
              -63.49401,
              9.85232
            ],
            [
              -63.49395,
              9.85049
            ],
            [
              -63.49391,
              9.84833
            ],
            [
              -63.49429,
              9.84727
            ],
            [
              -63.4938,
              9.84565
            ],
            [
              -63.49286,
              9.84372
            ],
            [
              -63.49191,
              9.84237
            ],
            [
              -63.49195,
              9.84065
            ],
            [
              -63.49236,
              9.83903
            ],
            [
              -63.49349,
              9.83785
            ],
            [
              -63.49468,
              9.83678
            ],
            [
              -63.49512,
              9.83594
            ],
            [
              -63.49546,
              9.83412
            ],
            [
              -63.49498,
              9.8323
            ],
            [
              -63.49438,
              9.83013
            ],
            [
              -63.49409,
              9.82736
            ],
            [
              -63.4936,
              9.82577
            ],
            [
              -63.49495,
              9.82385
            ],
            [
              -63.49592,
              9.82235
            ],
            [
              -63.49718,
              9.82108
            ],
            [
              -63.49764,
              9.81941
            ],
            [
              -63.49708,
              9.81555
            ],
            [
              -63.49637,
              9.81437
            ],
            [
              -63.49566,
              9.81302
            ],
            [
              -63.49556,
              9.81137
            ],
            [
              -63.49576,
              9.80973
            ],
            [
              -63.49606,
              9.80827
            ],
            [
              -63.49646,
              9.80698
            ],
            [
              -63.49645,
              9.80498
            ],
            [
              -63.49575,
              9.80204
            ],
            [
              -63.49459,
              9.80055
            ],
            [
              -63.49414,
              9.79935
            ],
            [
              -63.49391,
              9.79793
            ],
            [
              -63.4942,
              9.79683
            ],
            [
              -63.48014,
              9.7698
            ],
            [
              -63.49041,
              9.73434
            ],
            [
              -63.50259,
              9.6913
            ],
            [
              -63.54484,
              9.6758
            ],
            [
              -63.60572,
              9.74285
            ],
            [
              -63.62591,
              9.74411
            ],
            [
              -63.63041,
              9.74566
            ],
            [
              -63.70244,
              9.74888
            ]
          ]
        ]
      }
    },
    {
      "type": "Feature",
      "properties": {
        "ADM1_ES": "Monagas",
        "ADM2_ES": "Ezequiel Zamora",
        "parroquias_count": 2,
        "id": "ezequiel-zamora",
        "nombre": "Ezequiel Zamora",
        "capital": "Punta de Mata",
        "poblacion": 72000,
        "electores": 48000,
        "color": "#ea580c"
      },
      "geometry": {
        "type": "Polygon",
        "coordinates": [
          [
            [
              -63.6374,
              9.64506
            ],
            [
              -63.64103,
              9.49837
            ],
            [
              -63.64503,
              9.49646
            ],
            [
              -63.64736,
              9.49509
            ],
            [
              -63.64961,
              9.494
            ],
            [
              -63.65326,
              9.49455
            ],
            [
              -63.65617,
              9.49555
            ],
            [
              -63.65838,
              9.4976
            ],
            [
              -63.65927,
              9.49826
            ],
            [
              -63.66098,
              9.49955
            ],
            [
              -63.66253,
              9.49917
            ],
            [
              -63.66372,
              9.49755
            ],
            [
              -63.66507,
              9.49642
            ],
            [
              -63.66709,
              9.49689
            ],
            [
              -63.66813,
              9.49793
            ],
            [
              -63.66956,
              9.49887
            ],
            [
              -63.67127,
              9.50044
            ],
            [
              -63.67266,
              9.50287
            ],
            [
              -63.6743,
              9.5044
            ],
            [
              -63.67615,
              9.50553
            ],
            [
              -63.67977,
              9.50712
            ],
            [
              -63.68341,
              9.50891
            ],
            [
              -63.68552,
              9.51043
            ],
            [
              -63.68821,
              9.51061
            ],
            [
              -63.69224,
              9.51081
            ],
            [
              -63.69488,
              9.51081
            ],
            [
              -63.69746,
              9.51299
            ],
            [
              -63.69962,
              9.5146
            ],
            [
              -63.70098,
              9.51579
            ],
            [
              -63.70393,
              9.51766
            ],
            [
              -63.70732,
              9.51808
            ],
            [
              -63.70947,
              9.51814
            ],
            [
              -63.71236,
              9.5182
            ],
            [
              -63.71443,
              9.51745
            ],
            [
              -63.71543,
              9.51624
            ],
            [
              -63.71596,
              9.51467
            ],
            [
              -63.71691,
              9.51344
            ],
            [
              -63.71865,
              9.51252
            ],
            [
              -63.72093,
              9.51303
            ],
            [
              -63.72269,
              9.51467
            ],
            [
              -63.72353,
              9.51639
            ],
            [
              -63.72403,
              9.51941
            ],
            [
              -63.72457,
              9.52128
            ],
            [
              -63.72688,
              9.52344
            ],
            [
              -63.73068,
              9.52376
            ],
            [
              -63.73146,
              9.52249
            ],
            [
              -63.73211,
              9.52087
            ],
            [
              -63.73201,
              9.51906
            ],
            [
              -63.73296,
              9.51648
            ],
            [
              -63.73267,
              9.51458
            ],
            [
              -63.73465,
              9.51402
            ],
            [
              -63.73659,
              9.51398
            ],
            [
              -63.73858,
              9.51399
            ],
            [
              -63.74007,
              9.51293
            ],
            [
              -63.74296,
              9.51263
            ],
            [
              -63.74628,
              9.51351
            ],
            [
              -63.74818,
              9.51469
            ],
            [
              -63.74944,
              9.51641
            ],
            [
              -63.75132,
              9.51722
            ],
            [
              -63.75527,
              9.51813
            ],
            [
              -63.75793,
              9.51898
            ],
            [
              -63.76071,
              9.51895
            ],
            [
              -63.76269,
              9.51977
            ],
            [
              -63.76475,
              9.52122
            ],
            [
              -63.76542,
              9.52251
            ],
            [
              -63.76517,
              9.52417
            ],
            [
              -63.76616,
              9.5253
            ],
            [
              -63.76768,
              9.52722
            ],
            [
              -63.76924,
              9.52898
            ],
            [
              -63.77113,
              9.53114
            ],
            [
              -63.77218,
              9.53287
            ],
            [
              -63.77308,
              9.53285
            ],
            [
              -63.77501,
              9.53222
            ],
            [
              -63.77731,
              9.53128
            ],
            [
              -63.77911,
              9.53084
            ],
            [
              -63.77986,
              9.52993
            ],
            [
              -63.78013,
              9.52853
            ],
            [
              -63.78199,
              9.52739
            ],
            [
              -63.78483,
              9.52697
            ],
            [
              -63.78724,
              9.52739
            ],
            [
              -63.78953,
              9.52856
            ],
            [
              -63.79189,
              9.5296
            ],
            [
              -63.79279,
              9.53109
            ],
            [
              -63.79308,
              9.53191
            ],
            [
              -63.7936,
              9.53339
            ],
            [
              -63.79497,
              9.53502
            ],
            [
              -63.7968,
              9.53547
            ],
            [
              -63.79854,
              9.53555
            ],
            [
              -63.80103,
              9.53651
            ],
            [
              -63.80246,
              9.53612
            ],
            [
              -63.80419,
              9.5354
            ],
            [
              -63.80633,
              9.53508
            ],
            [
              -63.8067,
              9.53514
            ],
            [
              -63.80868,
              9.53545
            ],
            [
              -63.81045,
              9.53638
            ],
            [
              -63.81192,
              9.53691
            ],
            [
              -63.81361,
              9.53823
            ],
            [
              -63.81389,
              9.53844
            ],
            [
              -63.81568,
              9.53977
            ],
            [
              -63.81725,
              9.54105
            ],
            [
              -63.81921,
              9.54173
            ],
            [
              -63.82148,
              9.54233
            ],
            [
              -63.82354,
              9.54321
            ],
            [
              -63.82447,
              9.5433
            ],
            [
              -63.82509,
              9.54337
            ],
            [
              -63.82532,
              9.54341
            ],
            [
              -63.82525,
              9.54348
            ],
            [
              -63.82514,
              9.54359
            ],
            [
              -63.82497,
              9.54376
            ],
            [
              -63.81628,
              9.55275
            ],
            [
              -63.80991,
              9.55933
            ],
            [
              -63.72696,
              9.64509
            ],
            [
              -63.7257,
              9.68354
            ],
            [
              -63.71299,
              9.68282
            ],
            [
              -63.70466,
              9.68479
            ],
            [
              -63.70373,
              9.68437
            ],
            [
              -63.70464,
              9.68544
            ],
            [
              -63.70244,
              9.74888
            ],
            [
              -63.63041,
              9.74566
            ],
            [
              -63.62591,
              9.74411
            ],
            [
              -63.60572,
              9.74285
            ],
            [
              -63.54484,
              9.6758
            ],
            [
              -63.54137,
              9.66938
            ],
            [
              -63.54067,
              9.66812
            ],
            [
              -63.5402,
              9.66676
            ],
            [
              -63.53932,
              9.66562
            ],
            [
              -63.53728,
              9.66505
            ],
            [
              -63.5356,
              9.66479
            ],
            [
              -63.5344,
              9.66435
            ],
            [
              -63.53141,
              9.65969
            ],
            [
              -63.53164,
              9.65813
            ],
            [
              -63.53069,
              9.6565
            ],
            [
              -63.5289,
              9.65607
            ],
            [
              -63.52792,
              9.65464
            ],
            [
              -63.52748,
              9.65433
            ],
            [
              -63.52631,
              9.6538
            ],
            [
              -63.52487,
              9.65346
            ],
            [
              -63.52414,
              9.65283
            ],
            [
              -63.52298,
              9.6514
            ],
            [
              -63.52284,
              9.64962
            ],
            [
              -63.52229,
              9.64759
            ],
            [
              -63.52206,
              9.64441
            ],
            [
              -63.5224,
              9.64261
            ],
            [
              -63.52288,
              9.64086
            ],
            [
              -63.52218,
              9.63808
            ],
            [
              -63.5218,
              9.63602
            ],
            [
              -63.52307,
              9.63604
            ],
            [
              -63.52398,
              9.6361
            ],
            [
              -63.52501,
              9.63555
            ],
            [
              -63.52694,
              9.63476
            ],
            [
              -63.52879,
              9.63452
            ],
            [
              -63.53004,
              9.63457
            ],
            [
              -63.53101,
              9.63331
            ],
            [
              -63.53225,
              9.63235
            ],
            [
              -63.53313,
              9.63238
            ],
            [
              -63.53401,
              9.63253
            ],
            [
              -63.53495,
              9.63192
            ],
            [
              -63.53627,
              9.63201
            ],
            [
              -63.5371,
              9.63307
            ],
            [
              -63.53719,
              9.63431
            ],
            [
              -63.53903,
              9.63372
            ],
            [
              -63.54023,
              9.63357
            ],
            [
              -63.54223,
              9.63378
            ],
            [
              -63.54268,
              9.63304
            ],
            [
              -63.54314,
              9.6317
            ],
            [
              -63.54421,
              9.63159
            ],
            [
              -63.54549,
              9.63084
            ],
            [
              -63.5463,
              9.63094
            ],
            [
              -63.5476,
              9.63114
            ],
            [
              -63.54843,
              9.63212
            ],
            [
              -63.54905,
              9.63341
            ],
            [
              -63.54998,
              9.63339
            ],
            [
              -63.5505,
              9.63435
            ],
            [
              -63.55141,
              9.6361
            ],
            [
              -63.55279,
              9.63653
            ],
            [
              -63.55328,
              9.63716
            ],
            [
              -63.55428,
              9.63738
            ],
            [
              -63.55485,
              9.63782
            ],
            [
              -63.55556,
              9.63745
            ],
            [
              -63.55621,
              9.63739
            ],
            [
              -63.55617,
              9.63805
            ],
            [
              -63.5561,
              9.63948
            ],
            [
              -63.55675,
              9.63967
            ],
            [
              -63.55807,
              9.63933
            ],
            [
              -63.5587,
              9.63822
            ],
            [
              -63.55957,
              9.63772
            ],
            [
              -63.56056,
              9.63727
            ],
            [
              -63.56198,
              9.63674
            ],
            [
              -63.56324,
              9.63559
            ],
            [
              -63.56429,
              9.635
            ],
            [
              -63.56575,
              9.63481
            ],
            [
              -63.5681,
              9.63443
            ],
            [
              -63.56972,
              9.63543
            ],
            [
              -63.57159,
              9.63531
            ],
            [
              -63.57309,
              9.63512
            ],
            [
              -63.57461,
              9.63463
            ],
            [
              -63.57664,
              9.63391
            ],
            [
              -63.57748,
              9.63309
            ],
            [
              -63.57899,
              9.6322
            ],
            [
              -63.58063,
              9.63164
            ],
            [
              -63.58244,
              9.63168
            ],
            [
              -63.5839,
              9.63204
            ],
            [
              -63.58582,
              9.63304
            ],
            [
              -63.58774,
              9.63337
            ],
            [
              -63.58883,
              9.63328
            ],
            [
              -63.59006,
              9.63223
            ],
            [
              -63.59179,
              9.63156
            ],
            [
              -63.59254,
              9.63115
            ],
            [
              -63.59388,
              9.63053
            ],
            [
              -63.59534,
              9.62952
            ],
            [
              -63.59708,
              9.62967
            ],
            [
              -63.59889,
              9.62987
            ],
            [
              -63.60044,
              9.63005
            ],
            [
              -63.60281,
              9.63028
            ],
            [
              -63.60475,
              9.63119
            ],
            [
              -63.60569,
              9.63087
            ],
            [
              -63.6077,
              9.6304
            ],
            [
              -63.60965,
              9.62925
            ],
            [
              -63.61111,
              9.62984
            ],
            [
              -63.61194,
              9.63074
            ],
            [
              -63.61355,
              9.63135
            ],
            [
              -63.61441,
              9.63189
            ],
            [
              -63.61562,
              9.63354
            ],
            [
              -63.61678,
              9.6351
            ],
            [
              -63.61829,
              9.63659
            ],
            [
              -63.61975,
              9.63796
            ],
            [
              -63.62045,
              9.63958
            ],
            [
              -63.62185,
              9.64045
            ],
            [
              -63.62318,
              9.64067
            ],
            [
              -63.62383,
              9.64105
            ],
            [
              -63.62787,
              9.64142
            ],
            [
              -63.62929,
              9.64217
            ],
            [
              -63.63104,
              9.64253
            ],
            [
              -63.6328,
              9.64282
            ],
            [
              -63.6345,
              9.64354
            ],
            [
              -63.63674,
              9.64447
            ],
            [
              -63.63825,
              9.64591
            ],
            [
              -63.6374,
              9.64506
            ]
          ]
        ]
      }
    },
    {
      "type": "Feature",
      "properties": {
        "ADM1_ES": "Monagas",
        "ADM2_ES": "Libertador",
        "parroquias_count": 4,
        "id": "libertador",
        "nombre": "Libertador",
        "capital": "Temblador",
        "poblacion": 55000,
        "electores": 36000,
        "color": "#059669"
      },
      "geometry": {
        "type": "Polygon",
        "coordinates": [
          [
            [
              -62.77811,
              8.6637
            ],
            [
              -62.77745,
              8.66413
            ],
            [
              -62.77596,
              8.66504
            ],
            [
              -62.77494,
              8.66617
            ],
            [
              -62.77362,
              8.66659
            ],
            [
              -62.77093,
              8.66714
            ],
            [
              -62.7703,
              8.66813
            ],
            [
              -62.76918,
              8.66911
            ],
            [
              -62.76762,
              8.66985
            ],
            [
              -62.76643,
              8.67019
            ],
            [
              -62.76549,
              8.671
            ],
            [
              -62.76483,
              8.67254
            ],
            [
              -62.76366,
              8.67336
            ],
            [
              -62.76293,
              8.67483
            ],
            [
              -62.76217,
              8.6755
            ],
            [
              -62.76174,
              8.67641
            ],
            [
              -62.76102,
              8.67668
            ],
            [
              -62.76072,
              8.67736
            ],
            [
              -62.75979,
              8.67781
            ],
            [
              -62.75885,
              8.67862
            ],
            [
              -62.75775,
              8.68008
            ],
            [
              -62.7564,
              8.68042
            ],
            [
              -62.75587,
              8.68113
            ],
            [
              -62.75515,
              8.68157
            ],
            [
              -62.75426,
              8.68126
            ],
            [
              -62.75391,
              8.68058
            ],
            [
              -62.75327,
              8.68097
            ],
            [
              -62.75164,
              8.68069
            ],
            [
              -62.74961,
              8.68078
            ],
            [
              -62.74875,
              8.68132
            ],
            [
              -62.74718,
              8.68179
            ],
            [
              -62.746,
              8.68234
            ],
            [
              -62.74509,
              8.68354
            ],
            [
              -62.74376,
              8.6842
            ],
            [
              -62.74331,
              8.68465
            ],
            [
              -62.7426,
              8.68422
            ],
            [
              -62.74058,
              8.684
            ],
            [
              -62.73915,
              8.68462
            ],
            [
              -62.73754,
              8.68484
            ],
            [
              -62.73606,
              8.6854
            ],
            [
              -62.73441,
              8.68592
            ],
            [
              -62.73332,
              8.68648
            ],
            [
              -62.73287,
              8.68659
            ],
            [
              -62.73142,
              8.68749
            ],
            [
              -62.73085,
              8.68758
            ],
            [
              -62.72958,
              8.68772
            ],
            [
              -62.72911,
              8.68705
            ],
            [
              -62.72869,
              8.68692
            ],
            [
              -62.72687,
              8.6871
            ],
            [
              -62.72517,
              8.68744
            ],
            [
              -62.72407,
              8.68689
            ],
            [
              -62.72223,
              8.68732
            ],
            [
              -62.7212,
              8.68749
            ],
            [
              -62.72034,
              8.68627
            ],
            [
              -62.71944,
              8.68554
            ],
            [
              -62.71823,
              8.68543
            ],
            [
              -62.71665,
              8.68638
            ],
            [
              -62.71413,
              8.68599
            ],
            [
              -62.71338,
              8.68501
            ],
            [
              -62.71169,
              8.68431
            ],
            [
              -62.70953,
              8.68478
            ],
            [
              -62.70841,
              8.68551
            ],
            [
              -62.70785,
              8.68486
            ],
            [
              -62.7071,
              8.68533
            ],
            [
              -62.70605,
              8.68568
            ],
            [
              -62.70524,
              8.68491
            ],
            [
              -62.70459,
              8.68423
            ],
            [
              -62.70442,
              8.683
            ],
            [
              -62.70357,
              8.68298
            ],
            [
              -62.70204,
              8.68288
            ],
            [
              -62.70171,
              8.68229
            ],
            [
              -62.70041,
              8.68154
            ],
            [
              -62.69941,
              8.68108
            ],
            [
              -62.69924,
              8.68101
            ],
            [
              -62.6983,
              8.6801
            ],
            [
              -62.697,
              8.67894
            ],
            [
              -62.69508,
              8.67878
            ],
            [
              -62.69181,
              8.6786
            ],
            [
              -62.68935,
              8.67699
            ],
            [
              -62.68782,
              8.67634
            ],
            [
              -62.68538,
              8.67672
            ],
            [
              -62.68402,
              8.67677
            ],
            [
              -62.68288,
              8.67672
            ],
            [
              -62.68201,
              8.67687
            ],
            [
              -62.68243,
              8.67494
            ],
            [
              -62.72098,
              8.5
            ],
            [
              -62.7226,
              8.49265
            ],
            [
              -62.72528,
              8.48048
            ],
            [
              -62.72568,
              8.47868
            ],
            [
              -62.7258,
              8.47864
            ],
            [
              -62.72574,
              8.47871
            ],
            [
              -62.7699,
              8.48969
            ],
            [
              -62.83646,
              8.50626
            ],
            [
              -63.00126,
              8.54727
            ],
            [
              -63.03917,
              8.59873
            ],
            [
              -63.03986,
              8.60112
            ],
            [
              -63.04031,
              8.6036
            ],
            [
              -63.0457,
              8.64512
            ],
            [
              -63.04258,
              8.6634
            ],
            [
              -63.04621,
              8.70341
            ],
            [
              -63.04566,
              8.70389
            ],
            [
              -63.04448,
              8.70693
            ],
            [
              -63.04303,
              8.70984
            ],
            [
              -63.0422,
              8.71148
            ],
            [
              -63.04273,
              8.71172
            ],
            [
              -63.04246,
              8.71244
            ],
            [
              -63.04189,
              8.7138
            ],
            [
              -63.04105,
              8.71555
            ],
            [
              -63.04061,
              8.71704
            ],
            [
              -63.03941,
              8.71788
            ],
            [
              -63.03848,
              8.71957
            ],
            [
              -63.0379,
              8.72118
            ],
            [
              -63.0369,
              8.7227
            ],
            [
              -63.03686,
              8.72376
            ],
            [
              -63.03615,
              8.72475
            ],
            [
              -63.03602,
              8.72576
            ],
            [
              -63.03526,
              8.72783
            ],
            [
              -63.03375,
              8.72982
            ],
            [
              -63.03272,
              8.73063
            ],
            [
              -63.03246,
              8.73277
            ],
            [
              -63.03147,
              8.73496
            ],
            [
              -63.03086,
              8.7366
            ],
            [
              -63.02957,
              8.73961
            ],
            [
              -63.02869,
              8.74213
            ],
            [
              -63.02836,
              8.74344
            ],
            [
              -63.02747,
              8.74455
            ],
            [
              -63.02686,
              8.74618
            ],
            [
              -63.02576,
              8.74727
            ],
            [
              -63.02532,
              8.74955
            ],
            [
              -63.02422,
              8.75034
            ],
            [
              -63.02361,
              8.75112
            ],
            [
              -63.02333,
              8.75129
            ],
            [
              -63.02117,
              8.75142
            ],
            [
              -63.02071,
              8.75234
            ],
            [
              -63.01876,
              8.75222
            ],
            [
              -63.01758,
              8.75209
            ],
            [
              -63.01678,
              8.75233
            ],
            [
              -63.01578,
              8.75204
            ],
            [
              -63.01544,
              8.75218
            ],
            [
              -63.01417,
              8.75185
            ],
            [
              -63.0132,
              8.75156
            ],
            [
              -63.01253,
              8.75095
            ],
            [
              -63.01172,
              8.75107
            ],
            [
              -63.01085,
              8.75137
            ],
            [
              -63.00923,
              8.75123
            ],
            [
              -63.00751,
              8.75117
            ],
            [
              -63.00537,
              8.7519
            ],
            [
              -63.00406,
              8.75173
            ],
            [
              -63.00339,
              8.75178
            ],
            [
              -63.00309,
              8.75089
            ],
            [
              -63.00234,
              8.74647
            ],
            [
              -63.0023,
              8.74644
            ],
            [
              -63.00095,
              8.74627
            ],
            [
              -62.99905,
              8.74631
            ],
            [
              -62.99804,
              8.74592
            ],
            [
              -62.99652,
              8.74542
            ],
            [
              -62.99624,
              8.74534
            ],
            [
              -62.99505,
              8.745
            ],
            [
              -62.99327,
              8.74449
            ],
            [
              -62.99154,
              8.74403
            ],
            [
              -62.98904,
              8.74398
            ],
            [
              -62.98787,
              8.74368
            ],
            [
              -62.98643,
              8.74405
            ],
            [
              -62.98643,
              8.74405
            ],
            [
              -62.98582,
              8.74275
            ],
            [
              -62.98492,
              8.74221
            ],
            [
              -62.98262,
              8.743
            ],
            [
              -62.98176,
              8.74352
            ],
            [
              -62.98084,
              8.74195
            ],
            [
              -62.97975,
              8.74311
            ],
            [
              -62.9786,
              8.74322
            ],
            [
              -62.97756,
              8.74326
            ],
            [
              -62.97651,
              8.74355
            ],
            [
              -62.97523,
              8.74344
            ],
            [
              -62.9738,
              8.74342
            ],
            [
              -62.9729,
              8.74398
            ],
            [
              -62.97236,
              8.74389
            ],
            [
              -62.97147,
              8.74477
            ],
            [
              -62.97111,
              8.74444
            ],
            [
              -62.97034,
              8.74488
            ],
            [
              -62.96909,
              8.74488
            ],
            [
              -62.96813,
              8.74516
            ],
            [
              -62.96753,
              8.74626
            ],
            [
              -62.9667,
              8.7465
            ],
            [
              -62.96516,
              8.74674
            ],
            [
              -62.96421,
              8.74785
            ],
            [
              -62.96331,
              8.74848
            ],
            [
              -62.96308,
              8.74956
            ],
            [
              -62.96245,
              8.75014
            ],
            [
              -62.96179,
              8.75032
            ],
            [
              -62.96068,
              8.74979
            ],
            [
              -62.95936,
              8.7503
            ],
            [
              -62.95867,
              8.75099
            ],
            [
              -62.95941,
              8.75162
            ],
            [
              -62.95882,
              8.7524
            ],
            [
              -62.9577,
              8.75336
            ],
            [
              -62.95688,
              8.75485
            ],
            [
              -62.95614,
              8.75481
            ],
            [
              -62.95511,
              8.75501
            ],
            [
              -62.95417,
              8.75353
            ],
            [
              -62.95294,
              8.75397
            ],
            [
              -62.95264,
              8.75581
            ],
            [
              -62.95168,
              8.75557
            ],
            [
              -62.95159,
              8.75631
            ],
            [
              -62.95096,
              8.75789
            ],
            [
              -62.95036,
              8.75903
            ],
            [
              -62.94908,
              8.76045
            ],
            [
              -62.94919,
              8.76148
            ],
            [
              -62.94786,
              8.76258
            ],
            [
              -62.94656,
              8.76402
            ],
            [
              -62.94527,
              8.76474
            ],
            [
              -62.94467,
              8.76593
            ],
            [
              -62.94363,
              8.76773
            ],
            [
              -62.9423,
              8.76812
            ],
            [
              -62.94114,
              8.76871
            ],
            [
              -62.93995,
              8.76947
            ],
            [
              -62.93904,
              8.76991
            ],
            [
              -62.93819,
              8.77123
            ],
            [
              -62.93737,
              8.77206
            ],
            [
              -62.93744,
              8.77324
            ],
            [
              -62.9375,
              8.77423
            ],
            [
              -62.93492,
              8.77603
            ],
            [
              -62.93357,
              8.77704
            ],
            [
              -62.93341,
              8.77697
            ],
            [
              -62.9334,
              8.7771
            ],
            [
              -62.93265,
              8.77795
            ],
            [
              -62.93234,
              8.779
            ],
            [
              -62.9319,
              8.77954
            ],
            [
              -62.93089,
              8.78095
            ],
            [
              -62.92988,
              8.78154
            ],
            [
              -62.92904,
              8.78271
            ],
            [
              -62.92888,
              8.78379
            ],
            [
              -62.92781,
              8.78434
            ],
            [
              -62.92663,
              8.78539
            ],
            [
              -62.92607,
              8.78589
            ],
            [
              -62.924,
              8.78906
            ],
            [
              -62.92332,
              8.78888
            ],
            [
              -62.92238,
              8.78962
            ],
            [
              -62.92163,
              8.79063
            ],
            [
              -62.92083,
              8.79199
            ],
            [
              -62.91999,
              8.7925
            ],
            [
              -62.91882,
              8.7927
            ],
            [
              -62.91746,
              8.79392
            ],
            [
              -62.91711,
              8.79508
            ],
            [
              -62.91655,
              8.7962
            ],
            [
              -62.91608,
              8.7959
            ],
            [
              -62.91483,
              8.79654
            ],
            [
              -62.91426,
              8.79798
            ],
            [
              -62.91357,
              8.79862
            ],
            [
              -62.91364,
              8.79995
            ],
            [
              -62.91251,
              8.80054
            ],
            [
              -62.91224,
              8.80124
            ],
            [
              -62.91137,
              8.802
            ],
            [
              -62.91093,
              8.80332
            ],
            [
              -62.91147,
              8.80394
            ],
            [
              -62.91058,
              8.80436
            ],
            [
              -62.90992,
              8.80453
            ],
            [
              -62.90929,
              8.80501
            ],
            [
              -62.9087,
              8.80485
            ],
            [
              -62.90829,
              8.80429
            ],
            [
              -62.90673,
              8.80462
            ],
            [
              -62.90581,
              8.80594
            ],
            [
              -62.90533,
              8.80726
            ],
            [
              -62.90478,
              8.80748
            ],
            [
              -62.90432,
              8.80748
            ],
            [
              -62.90339,
              8.80738
            ],
            [
              -62.90239,
              8.80904
            ],
            [
              -62.90116,
              8.81016
            ],
            [
              -62.90107,
              8.81124
            ],
            [
              -62.90028,
              8.81129
            ],
            [
              -62.89928,
              8.81121
            ],
            [
              -62.89811,
              8.81192
            ],
            [
              -62.89704,
              8.81246
            ],
            [
              -62.89629,
              8.81203
            ],
            [
              -62.89516,
              8.8129
            ],
            [
              -62.89443,
              8.81306
            ],
            [
              -62.89449,
              8.81407
            ],
            [
              -62.89542,
              8.81419
            ],
            [
              -62.89493,
              8.81531
            ],
            [
              -62.89376,
              8.81613
            ],
            [
              -62.8924,
              8.81746
            ],
            [
              -62.89095,
              8.81816
            ],
            [
              -62.88973,
              8.81896
            ],
            [
              -62.88896,
              8.81942
            ],
            [
              -62.88835,
              8.82084
            ],
            [
              -62.88765,
              8.8219
            ],
            [
              -62.88747,
              8.8227
            ],
            [
              -62.88618,
              8.82282
            ],
            [
              -62.88458,
              8.8232
            ],
            [
              -62.88352,
              8.82399
            ],
            [
              -62.88248,
              8.82515
            ],
            [
              -62.88105,
              8.82642
            ],
            [
              -62.88078,
              8.82833
            ],
            [
              -62.88026,
              8.82874
            ],
            [
              -62.87893,
              8.82954
            ],
            [
              -62.87825,
              8.83053
            ],
            [
              -62.87812,
              8.83182
            ],
            [
              -62.8775,
              8.83253
            ],
            [
              -62.87669,
              8.83432
            ],
            [
              -62.87555,
              8.83528
            ],
            [
              -62.87494,
              8.83702
            ],
            [
              -62.87402,
              8.83833
            ],
            [
              -62.87338,
              8.83845
            ],
            [
              -62.8722,
              8.83902
            ],
            [
              -62.87143,
              8.84053
            ],
            [
              -62.87065,
              8.84145
            ],
            [
              -62.86995,
              8.84292
            ],
            [
              -62.8702,
              8.84527
            ],
            [
              -62.86926,
              8.84677
            ],
            [
              -62.86825,
              8.84795
            ],
            [
              -62.86673,
              8.84938
            ],
            [
              -62.86575,
              8.85033
            ],
            [
              -62.86502,
              8.85116
            ],
            [
              -62.86489,
              8.85195
            ],
            [
              -62.86378,
              8.85315
            ],
            [
              -62.86263,
              8.85343
            ],
            [
              -62.86154,
              8.85447
            ],
            [
              -62.8603,
              8.85646
            ],
            [
              -62.85943,
              8.8573
            ],
            [
              -62.85857,
              8.859
            ],
            [
              -62.85734,
              8.85959
            ],
            [
              -62.85653,
              8.8607
            ],
            [
              -62.85432,
              8.86282
            ],
            [
              -62.85322,
              8.86306
            ],
            [
              -62.85248,
              8.86302
            ],
            [
              -62.85149,
              8.86306
            ],
            [
              -62.85098,
              8.86365
            ],
            [
              -62.85071,
              8.86451
            ],
            [
              -62.84947,
              8.86538
            ],
            [
              -62.84858,
              8.86566
            ],
            [
              -62.84743,
              8.8665
            ],
            [
              -62.84701,
              8.8681
            ],
            [
              -62.84603,
              8.86894
            ],
            [
              -62.84113,
              8.87626
            ],
            [
              -62.83947,
              8.87756
            ],
            [
              -62.83874,
              8.87797
            ],
            [
              -62.83725,
              8.87874
            ],
            [
              -62.83651,
              8.88002
            ],
            [
              -62.83562,
              8.88152
            ],
            [
              -62.83519,
              8.88348
            ],
            [
              -62.83388,
              8.88555
            ],
            [
              -62.83251,
              8.88656
            ],
            [
              -62.83148,
              8.88733
            ],
            [
              -62.82998,
              8.88864
            ],
            [
              -62.82835,
              8.88902
            ],
            [
              -62.82577,
              8.88989
            ],
            [
              -62.82412,
              8.89044
            ],
            [
              -62.82317,
              8.89148
            ],
            [
              -62.82171,
              8.89258
            ],
            [
              -62.81986,
              8.89437
            ],
            [
              -62.81854,
              8.89671
            ],
            [
              -62.81816,
              8.89887
            ],
            [
              -62.81767,
              8.90118
            ],
            [
              -62.81722,
              8.90257
            ],
            [
              -62.81695,
              8.90455
            ],
            [
              -62.81549,
              8.90627
            ],
            [
              -62.81452,
              8.90761
            ],
            [
              -62.81307,
              8.90845
            ],
            [
              -62.81276,
              8.9093
            ],
            [
              -62.81214,
              8.91054
            ],
            [
              -62.81093,
              8.91168
            ],
            [
              -62.81007,
              8.9127
            ],
            [
              -62.8095,
              8.91467
            ],
            [
              -62.80835,
              8.91617
            ],
            [
              -62.80871,
              8.91992
            ],
            [
              -62.80744,
              8.92122
            ],
            [
              -62.80635,
              8.92186
            ],
            [
              -62.80633,
              8.9241
            ],
            [
              -62.80585,
              8.92613
            ],
            [
              -62.80573,
              8.92785
            ],
            [
              -62.80466,
              8.92814
            ],
            [
              -62.80469,
              8.92906
            ],
            [
              -62.80445,
              8.92985
            ],
            [
              -62.80536,
              8.93025
            ],
            [
              -62.80642,
              8.93058
            ],
            [
              -62.80587,
              8.9314
            ],
            [
              -62.80475,
              8.93235
            ],
            [
              -62.80401,
              8.93353
            ],
            [
              -62.80422,
              8.93471
            ],
            [
              -62.80405,
              8.93582
            ],
            [
              -62.80405,
              8.93742
            ],
            [
              -62.80278,
              8.93822
            ],
            [
              -62.80099,
              8.93902
            ],
            [
              -62.80057,
              8.94027
            ],
            [
              -62.8004,
              8.94188
            ],
            [
              -62.80059,
              8.94311
            ],
            [
              -62.80093,
              8.94422
            ],
            [
              -62.79982,
              8.94476
            ],
            [
              -62.79908,
              8.94531
            ],
            [
              -62.79931,
              8.94592
            ],
            [
              -62.79928,
              8.94634
            ],
            [
              -62.79871,
              8.94707
            ],
            [
              -62.79854,
              8.94808
            ],
            [
              -62.79895,
              8.9496
            ],
            [
              -62.79842,
              8.95033
            ],
            [
              -62.79727,
              8.95049
            ],
            [
              -62.79661,
              8.95088
            ],
            [
              -62.79632,
              8.95226
            ],
            [
              -62.79595,
              8.95346
            ],
            [
              -62.79586,
              8.95541
            ],
            [
              -62.79583,
              8.95697
            ],
            [
              -62.79616,
              8.95822
            ],
            [
              -62.7962,
              8.95934
            ],
            [
              -62.79591,
              8.96063
            ],
            [
              -62.79638,
              8.96222
            ],
            [
              -62.79648,
              8.96354
            ],
            [
              -62.79644,
              8.96554
            ],
            [
              -62.79641,
              8.96693
            ],
            [
              -62.79524,
              8.96798
            ],
            [
              -62.79466,
              8.96855
            ],
            [
              -62.79392,
              8.97028
            ],
            [
              -62.79365,
              8.97173
            ],
            [
              -62.7924,
              8.97173
            ],
            [
              -62.79245,
              8.97278
            ],
            [
              -62.79263,
              8.97392
            ],
            [
              -62.79235,
              8.9745
            ],
            [
              -62.79187,
              8.97511
            ],
            [
              -62.79128,
              8.97614
            ],
            [
              -62.79034,
              8.97755
            ],
            [
              -62.78952,
              8.97852
            ],
            [
              -62.78918,
              8.97926
            ],
            [
              -62.78917,
              8.98077
            ],
            [
              -62.78798,
              8.98233
            ],
            [
              -62.78767,
              8.98278
            ],
            [
              -62.78799,
              8.98446
            ],
            [
              -62.78782,
              8.98527
            ],
            [
              -62.78724,
              8.98641
            ],
            [
              -62.78649,
              8.98756
            ],
            [
              -62.7849,
              8.98876
            ],
            [
              -62.78442,
              8.98894
            ],
            [
              -62.78379,
              8.98871
            ],
            [
              -62.78344,
              8.98881
            ],
            [
              -62.78268,
              8.98948
            ],
            [
              -62.7823,
              8.99032
            ],
            [
              -62.78103,
              8.99114
            ],
            [
              -62.7808,
              8.99221
            ],
            [
              -62.7809,
              8.99236
            ],
            [
              -62.77965,
              8.99362
            ],
            [
              -62.77877,
              8.99487
            ],
            [
              -62.77792,
              8.99656
            ],
            [
              -62.77804,
              8.99716
            ],
            [
              -62.77871,
              8.99697
            ],
            [
              -62.77874,
              8.99731
            ],
            [
              -62.77839,
              8.99773
            ],
            [
              -62.77794,
              8.99819
            ],
            [
              -62.77755,
              8.99902
            ],
            [
              -62.77735,
              8.99965
            ],
            [
              -62.77701,
              9.00006
            ],
            [
              -62.77632,
              9.0001
            ],
            [
              -62.77575,
              9.00104
            ],
            [
              -62.77622,
              9.00138
            ],
            [
              -62.77693,
              9.00105
            ],
            [
              -62.77698,
              9.00144
            ],
            [
              -62.77634,
              9.0017
            ],
            [
              -62.77616,
              9.00233
            ],
            [
              -62.77687,
              9.00236
            ],
            [
              -62.77715,
              9.00392
            ],
            [
              -62.77668,
              9.00514
            ],
            [
              -62.7769,
              9.00649
            ],
            [
              -62.7757,
              9.00651
            ],
            [
              -62.7752,
              9.00723
            ],
            [
              -62.77518,
              9.00794
            ],
            [
              -62.77498,
              9.00884
            ],
            [
              -62.77531,
              9.00932
            ],
            [
              -62.77523,
              9.01037
            ],
            [
              -62.77473,
              9.01066
            ],
            [
              -62.77474,
              9.01203
            ],
            [
              -62.77452,
              9.01243
            ],
            [
              -62.77504,
              9.01368
            ],
            [
              -62.77535,
              9.01428
            ],
            [
              -62.77519,
              9.01462
            ],
            [
              -62.77457,
              9.01475
            ],
            [
              -62.77453,
              9.01603
            ],
            [
              -62.7744,
              9.01645
            ],
            [
              -62.77509,
              9.01644
            ],
            [
              -62.77551,
              9.01806
            ],
            [
              -62.77568,
              9.01965
            ],
            [
              -62.77512,
              9.02089
            ],
            [
              -62.77425,
              9.02139
            ],
            [
              -62.77375,
              9.02261
            ],
            [
              -62.77425,
              9.02318
            ],
            [
              -62.77514,
              9.02486
            ],
            [
              -62.77562,
              9.02582
            ],
            [
              -62.77549,
              9.02686
            ],
            [
              -62.77471,
              9.02753
            ],
            [
              -62.7756,
              9.02814
            ],
            [
              -62.77519,
              9.02909
            ],
            [
              -62.7745,
              9.02958
            ],
            [
              -62.77392,
              9.0314
            ],
            [
              -62.77341,
              9.03278
            ],
            [
              -62.77303,
              9.03389
            ],
            [
              -62.77304,
              9.03502
            ],
            [
              -62.77312,
              9.03596
            ],
            [
              -62.77363,
              9.03623
            ],
            [
              -62.77395,
              9.0376
            ],
            [
              -62.77384,
              9.0387
            ],
            [
              -62.77372,
              9.03958
            ],
            [
              -62.77345,
              9.0405
            ],
            [
              -62.77283,
              9.04058
            ],
            [
              -62.77223,
              9.04088
            ],
            [
              -62.77342,
              9.0422
            ],
            [
              -62.77426,
              9.04265
            ],
            [
              -62.77485,
              9.04354
            ],
            [
              -62.7761,
              9.04425
            ],
            [
              -62.77634,
              9.04501
            ],
            [
              -62.77634,
              9.04662
            ],
            [
              -62.77699,
              9.04709
            ],
            [
              -62.77709,
              9.04794
            ],
            [
              -62.77759,
              9.04883
            ],
            [
              -62.77763,
              9.05028
            ],
            [
              -62.77755,
              9.05129
            ],
            [
              -62.7774,
              9.05234
            ],
            [
              -62.77687,
              9.05265
            ],
            [
              -62.77658,
              9.05318
            ],
            [
              -62.77644,
              9.05383
            ],
            [
              -62.77608,
              9.05443
            ],
            [
              -62.77616,
              9.05523
            ],
            [
              -62.77596,
              9.05638
            ],
            [
              -62.77583,
              9.05707
            ],
            [
              -62.77584,
              9.05746
            ],
            [
              -62.7761,
              9.05815
            ],
            [
              -62.77648,
              9.05888
            ],
            [
              -62.77659,
              9.06044
            ],
            [
              -62.77704,
              9.06135
            ],
            [
              -62.77719,
              9.06213
            ],
            [
              -62.77729,
              9.06346
            ],
            [
              -62.77715,
              9.065
            ],
            [
              -62.7771,
              9.06652
            ],
            [
              -62.77727,
              9.06794
            ],
            [
              -62.77657,
              9.06864
            ],
            [
              -62.7764,
              9.0699
            ],
            [
              -62.77625,
              9.07112
            ],
            [
              -62.77693,
              9.07256
            ],
            [
              -62.77771,
              9.07386
            ],
            [
              -62.7786,
              9.07504
            ],
            [
              -62.77975,
              9.07617
            ],
            [
              -62.78039,
              9.07743
            ],
            [
              -62.78079,
              9.07859
            ],
            [
              -62.78163,
              9.07904
            ],
            [
              -62.78329,
              9.07872
            ],
            [
              -62.78418,
              9.07919
            ],
            [
              -62.78503,
              9.07921
            ],
            [
              -62.78603,
              9.07949
            ],
            [
              -62.78704,
              9.0806
            ],
            [
              -62.78767,
              9.08172
            ],
            [
              -62.78747,
              9.08255
            ],
            [
              -62.78792,
              9.08349
            ],
            [
              -62.78885,
              9.0838
            ],
            [
              -62.78942,
              9.08526
            ],
            [
              -62.79006,
              9.08642
            ],
            [
              -62.79069,
              9.08662
            ],
            [
              -62.79157,
              9.08672
            ],
            [
              -62.79119,
              9.08827
            ],
            [
              -62.79117,
              9.08875
            ],
            [
              -62.79197,
              9.08957
            ],
            [
              -62.7914,
              9.09017
            ],
            [
              -62.79124,
              9.09059
            ],
            [
              -62.79136,
              9.09118
            ],
            [
              -62.79103,
              9.09266
            ],
            [
              -62.79102,
              9.09344
            ],
            [
              -62.79186,
              9.09421
            ],
            [
              -62.79187,
              9.09517
            ],
            [
              -62.79183,
              9.09558
            ],
            [
              -62.79234,
              9.09599
            ],
            [
              -62.79284,
              9.09686
            ],
            [
              -62.79315,
              9.09779
            ],
            [
              -62.79316,
              9.09883
            ],
            [
              -62.79275,
              9.09934
            ],
            [
              -62.79274,
              9.10053
            ],
            [
              -62.7937,
              9.10128
            ],
            [
              -62.79483,
              9.10129
            ],
            [
              -62.79574,
              9.10162
            ],
            [
              -62.79634,
              9.102
            ],
            [
              -62.79733,
              9.10321
            ],
            [
              -62.79715,
              9.10422
            ],
            [
              -62.79645,
              9.10561
            ],
            [
              -62.79655,
              9.10632
            ],
            [
              -62.79618,
              9.10763
            ],
            [
              -62.79658,
              9.10893
            ],
            [
              -62.79659,
              9.10978
            ],
            [
              -62.7972,
              9.11056
            ],
            [
              -62.79772,
              9.11131
            ],
            [
              -62.79829,
              9.11252
            ],
            [
              -62.79877,
              9.11373
            ],
            [
              -62.79991,
              9.11495
            ],
            [
              -62.80059,
              9.11593
            ],
            [
              -62.80091,
              9.11719
            ],
            [
              -62.80187,
              9.11791
            ],
            [
              -62.80302,
              9.11958
            ],
            [
              -62.80278,
              9.12075
            ],
            [
              -62.8027,
              9.12208
            ],
            [
              -62.80241,
              9.12305
            ],
            [
              -62.80249,
              9.12436
            ],
            [
              -62.8026,
              9.12523
            ],
            [
              -62.80249,
              9.12603
            ],
            [
              -62.80238,
              9.12675
            ],
            [
              -62.80322,
              9.12674
            ],
            [
              -62.80375,
              9.12719
            ],
            [
              -62.80377,
              9.12841
            ],
            [
              -62.80437,
              9.12854
            ],
            [
              -62.80498,
              9.12981
            ],
            [
              -62.80623,
              9.12952
            ],
            [
              -62.80656,
              9.13041
            ],
            [
              -62.80597,
              9.13132
            ],
            [
              -62.80534,
              9.13245
            ],
            [
              -62.80478,
              9.13381
            ],
            [
              -62.80465,
              9.13473
            ],
            [
              -62.80609,
              9.13559
            ],
            [
              -62.80668,
              9.13634
            ],
            [
              -62.80616,
              9.1377
            ],
            [
              -62.80573,
              9.13869
            ],
            [
              -62.80547,
              9.14019
            ],
            [
              -62.80468,
              9.14121
            ],
            [
              -62.80315,
              9.14162
            ],
            [
              -62.80193,
              9.14212
            ],
            [
              -62.80091,
              9.14332
            ],
            [
              -62.80039,
              9.14441
            ],
            [
              -62.79855,
              9.14494
            ],
            [
              -62.79816,
              9.14581
            ],
            [
              -62.79861,
              9.14682
            ],
            [
              -62.79874,
              9.14769
            ],
            [
              -62.79865,
              9.14833
            ],
            [
              -62.7974,
              9.14771
            ],
            [
              -62.79663,
              9.14689
            ],
            [
              -62.79545,
              9.14718
            ],
            [
              -62.79474,
              9.14795
            ],
            [
              -62.79415,
              9.14924
            ],
            [
              -62.79355,
              9.15076
            ],
            [
              -62.79286,
              9.15171
            ],
            [
              -62.79212,
              9.15324
            ],
            [
              -62.79146,
              9.15421
            ],
            [
              -62.79091,
              9.15502
            ],
            [
              -62.79029,
              9.15737
            ],
            [
              -62.7901,
              9.15841
            ],
            [
              -62.79095,
              9.15835
            ],
            [
              -62.79165,
              9.15699
            ],
            [
              -62.79234,
              9.15645
            ],
            [
              -62.79313,
              9.15694
            ],
            [
              -62.79353,
              9.15744
            ],
            [
              -62.79398,
              9.15808
            ],
            [
              -62.79394,
              9.15889
            ],
            [
              -62.79349,
              9.16011
            ],
            [
              -62.79269,
              9.1609
            ],
            [
              -62.79225,
              9.16265
            ],
            [
              -62.79214,
              9.16277
            ],
            [
              -62.79184,
              9.16325
            ],
            [
              -62.7923,
              9.16343
            ],
            [
              -62.79299,
              9.16446
            ],
            [
              -62.79285,
              9.16494
            ],
            [
              -62.79258,
              9.16552
            ],
            [
              -62.79122,
              9.16583
            ],
            [
              -62.79041,
              9.16786
            ],
            [
              -62.79119,
              9.16909
            ],
            [
              -62.79185,
              9.17023
            ],
            [
              -62.7926,
              9.17105
            ],
            [
              -62.79346,
              9.17155
            ],
            [
              -62.79417,
              9.17266
            ],
            [
              -62.79476,
              9.17355
            ],
            [
              -62.7947,
              9.17502
            ],
            [
              -62.79447,
              9.17672
            ],
            [
              -62.79453,
              9.17814
            ],
            [
              -62.79374,
              9.17995
            ],
            [
              -62.79424,
              9.18122
            ],
            [
              -62.79497,
              9.18179
            ],
            [
              -62.79577,
              9.183
            ],
            [
              -62.79606,
              9.18412
            ],
            [
              -62.7963,
              9.18554
            ],
            [
              -62.79649,
              9.18744
            ],
            [
              -62.79674,
              9.18893
            ],
            [
              -62.79682,
              9.18983
            ],
            [
              -62.79653,
              9.19151
            ],
            [
              -62.79616,
              9.19309
            ],
            [
              -62.79571,
              9.19425
            ],
            [
              -62.79514,
              9.1952
            ],
            [
              -62.79427,
              9.19606
            ],
            [
              -62.79394,
              9.19691
            ],
            [
              -62.79323,
              9.19821
            ],
            [
              -62.79253,
              9.19948
            ],
            [
              -62.7916,
              9.20087
            ],
            [
              -62.79002,
              9.20263
            ],
            [
              -62.78923,
              9.20386
            ],
            [
              -62.78825,
              9.20491
            ],
            [
              -62.78761,
              9.20588
            ],
            [
              -62.78711,
              9.20683
            ],
            [
              -62.78608,
              9.20746
            ],
            [
              -62.7854,
              9.20662
            ],
            [
              -62.78484,
              9.20644
            ],
            [
              -62.78316,
              9.2069
            ],
            [
              -62.78188,
              9.20816
            ],
            [
              -62.78089,
              9.20872
            ],
            [
              -62.77997,
              9.20926
            ],
            [
              -62.77975,
              9.21011
            ],
            [
              -62.77956,
              9.21161
            ],
            [
              -62.77965,
              9.21326
            ],
            [
              -62.77994,
              9.21463
            ],
            [
              -62.78046,
              9.21589
            ],
            [
              -62.78053,
              9.21814
            ],
            [
              -62.77884,
              9.21963
            ],
            [
              -62.77733,
              9.21898
            ],
            [
              -62.77534,
              9.2188
            ],
            [
              -62.77361,
              9.2196
            ],
            [
              -62.77298,
              9.22092
            ],
            [
              -62.77293,
              9.22221
            ],
            [
              -62.77162,
              9.22319
            ],
            [
              -62.77159,
              9.22436
            ],
            [
              -62.77137,
              9.22526
            ],
            [
              -62.77098,
              9.22629
            ],
            [
              -62.77053,
              9.22687
            ],
            [
              -62.76924,
              9.22749
            ],
            [
              -62.76838,
              9.22904
            ],
            [
              -62.76856,
              9.23066
            ],
            [
              -62.76833,
              9.23246
            ],
            [
              -62.76825,
              9.23377
            ],
            [
              -62.76752,
              9.23456
            ],
            [
              -62.76628,
              9.23554
            ],
            [
              -62.76481,
              9.23641
            ],
            [
              -62.76305,
              9.23675
            ],
            [
              -62.76065,
              9.23708
            ],
            [
              -62.75895,
              9.23777
            ],
            [
              -62.7576,
              9.23875
            ],
            [
              -62.75647,
              9.2395
            ],
            [
              -62.75523,
              9.23992
            ],
            [
              -62.75458,
              9.24023
            ],
            [
              -62.75338,
              9.2405
            ],
            [
              -62.75265,
              9.2409
            ],
            [
              -62.7518,
              9.24125
            ],
            [
              -62.75046,
              9.2421
            ],
            [
              -62.75004,
              9.24302
            ],
            [
              -62.74958,
              9.24383
            ],
            [
              -62.74849,
              9.24508
            ],
            [
              -62.74645,
              9.24522
            ],
            [
              -62.74486,
              9.24536
            ],
            [
              -62.74408,
              9.24629
            ],
            [
              -62.74251,
              9.24665
            ],
            [
              -62.74117,
              9.24697
            ],
            [
              -62.74007,
              9.24703
            ],
            [
              -62.73886,
              9.24654
            ],
            [
              -62.73747,
              9.24676
            ],
            [
              -62.73644,
              9.24765
            ],
            [
              -62.73516,
              9.24863
            ],
            [
              -62.73407,
              9.24855
            ],
            [
              -62.73329,
              9.24729
            ],
            [
              -62.73189,
              9.24616
            ],
            [
              -62.73128,
              9.24528
            ],
            [
              -62.73048,
              9.24444
            ],
            [
              -62.72985,
              9.24353
            ],
            [
              -62.73058,
              9.24244
            ],
            [
              -62.73043,
              9.24125
            ],
            [
              -62.72979,
              9.23978
            ],
            [
              -62.72924,
              9.23894
            ],
            [
              -62.72815,
              9.23808
            ],
            [
              -62.72668,
              9.23757
            ],
            [
              -62.72566,
              9.23678
            ],
            [
              -62.72565,
              9.23598
            ],
            [
              -62.72467,
              9.23525
            ],
            [
              -62.72319,
              9.23525
            ],
            [
              -62.72177,
              9.23626
            ],
            [
              -62.72015,
              9.23646
            ],
            [
              -62.71942,
              9.23557
            ],
            [
              -62.71865,
              9.23499
            ],
            [
              -62.7174,
              9.23489
            ],
            [
              -62.71633,
              9.23639
            ],
            [
              -62.71487,
              9.2376
            ],
            [
              -62.71377,
              9.23854
            ],
            [
              -62.71246,
              9.23929
            ],
            [
              -62.71155,
              9.24054
            ],
            [
              -62.71074,
              9.24119
            ],
            [
              -62.7102,
              9.24191
            ],
            [
              -62.70941,
              9.24231
            ],
            [
              -62.70845,
              9.24257
            ],
            [
              -62.70757,
              9.24279
            ],
            [
              -62.70624,
              9.2421
            ],
            [
              -62.70515,
              9.24131
            ],
            [
              -62.70491,
              9.24035
            ],
            [
              -62.7044,
              9.24014
            ],
            [
              -62.70363,
              9.24192
            ],
            [
              -62.70276,
              9.24324
            ],
            [
              -62.70173,
              9.2442
            ],
            [
              -62.70035,
              9.2443
            ],
            [
              -62.69917,
              9.24446
            ],
            [
              -62.69809,
              9.24298
            ],
            [
              -62.69796,
              9.24199
            ],
            [
              -62.69655,
              9.24155
            ],
            [
              -62.69658,
              9.24256
            ],
            [
              -62.69491,
              9.24387
            ],
            [
              -62.69473,
              9.24474
            ],
            [
              -62.69217,
              9.24549
            ],
            [
              -62.69078,
              9.24525
            ],
            [
              -62.6891,
              9.2455
            ],
            [
              -62.68878,
              9.2464
            ],
            [
              -62.68793,
              9.24689
            ],
            [
              -62.68709,
              9.24557
            ],
            [
              -62.6876,
              9.24393
            ],
            [
              -62.68766,
              9.24079
            ],
            [
              -62.68673,
              9.24075
            ],
            [
              -62.68535,
              9.24157
            ],
            [
              -62.68411,
              9.24221
            ],
            [
              -62.68332,
              9.24174
            ],
            [
              -62.68319,
              9.24015
            ],
            [
              -62.68294,
              9.23823
            ],
            [
              -62.68194,
              9.23801
            ],
            [
              -62.68091,
              9.23869
            ],
            [
              -62.67984,
              9.23859
            ],
            [
              -62.67899,
              9.23885
            ],
            [
              -62.67836,
              9.23863
            ],
            [
              -62.6787,
              9.23773
            ],
            [
              -62.67905,
              9.23644
            ],
            [
              -62.67833,
              9.23578
            ],
            [
              -62.67764,
              9.23643
            ],
            [
              -62.67699,
              9.23768
            ],
            [
              -62.67559,
              9.23873
            ],
            [
              -62.67469,
              9.23966
            ],
            [
              -62.6739,
              9.23878
            ],
            [
              -62.67393,
              9.2371
            ],
            [
              -62.67449,
              9.23611
            ],
            [
              -62.67367,
              9.23501
            ],
            [
              -62.67223,
              9.23469
            ],
            [
              -62.67113,
              9.23541
            ],
            [
              -62.67122,
              9.23667
            ],
            [
              -62.66998,
              9.23781
            ],
            [
              -62.66857,
              9.23781
            ],
            [
              -62.66685,
              9.23712
            ],
            [
              -62.66527,
              9.23608
            ],
            [
              -62.66357,
              9.23567
            ],
            [
              -62.66243,
              9.23529
            ],
            [
              -62.66236,
              9.23451
            ],
            [
              -62.66309,
              9.23432
            ],
            [
              -62.66499,
              9.23457
            ],
            [
              -62.66615,
              9.23419
            ],
            [
              -62.66632,
              9.23308
            ],
            [
              -62.66572,
              9.23157
            ],
            [
              -62.66464,
              9.23003
            ],
            [
              -62.66414,
              9.22886
            ],
            [
              -62.66332,
              9.22782
            ],
            [
              -62.66318,
              9.2274
            ],
            [
              -62.66366,
              9.22673
            ],
            [
              -62.66328,
              9.22598
            ],
            [
              -62.66258,
              9.225
            ],
            [
              -62.66288,
              9.22357
            ],
            [
              -62.66308,
              9.2224
            ],
            [
              -62.66309,
              9.22141
            ],
            [
              -62.66301,
              9.22079
            ],
            [
              -62.66285,
              9.22047
            ],
            [
              -62.66111,
              9.22024
            ],
            [
              -62.6608,
              9.21956
            ],
            [
              -62.66141,
              9.2182
            ],
            [
              -62.66186,
              9.21688
            ],
            [
              -62.66171,
              9.21578
            ],
            [
              -62.66018,
              9.21546
            ],
            [
              -62.659,
              9.21565
            ],
            [
              -62.65705,
              9.21634
            ],
            [
              -62.65568,
              9.21673
            ],
            [
              -62.65413,
              9.21606
            ],
            [
              -62.65276,
              9.21552
            ],
            [
              -62.65155,
              9.2148
            ],
            [
              -62.65119,
              9.21389
            ],
            [
              -62.65024,
              9.21383
            ],
            [
              -62.64997,
              9.21469
            ],
            [
              -62.64956,
              9.21499
            ],
            [
              -62.64856,
              9.21413
            ],
            [
              -62.64797,
              9.21317
            ],
            [
              -62.64937,
              9.21258
            ],
            [
              -62.64943,
              9.21175
            ],
            [
              -62.64802,
              9.21159
            ],
            [
              -62.64633,
              9.21179
            ],
            [
              -62.64513,
              9.21162
            ],
            [
              -62.64383,
              9.21095
            ],
            [
              -62.64333,
              9.21022
            ],
            [
              -62.64359,
              9.20872
            ],
            [
              -62.64349,
              9.20728
            ],
            [
              -62.64225,
              9.20621
            ],
            [
              -62.64038,
              9.20644
            ],
            [
              -62.63876,
              9.20674
            ],
            [
              -62.63756,
              9.20675
            ],
            [
              -62.63649,
              9.20601
            ],
            [
              -62.63548,
              9.20483
            ],
            [
              -62.63329,
              9.20309
            ],
            [
              -62.63191,
              9.20152
            ],
            [
              -62.62991,
              9.20072
            ],
            [
              -62.62854,
              9.20066
            ],
            [
              -62.6278,
              9.20037
            ],
            [
              -62.62629,
              9.19936
            ],
            [
              -62.62361,
              9.19964
            ],
            [
              -62.6227,
              9.19871
            ],
            [
              -62.62345,
              9.19788
            ],
            [
              -62.62418,
              9.197
            ],
            [
              -62.62412,
              9.1961
            ],
            [
              -62.62363,
              9.19514
            ],
            [
              -62.62199,
              9.1956
            ],
            [
              -62.62111,
              9.1954
            ],
            [
              -62.62086,
              9.19401
            ],
            [
              -62.62201,
              9.19319
            ],
            [
              -62.62207,
              9.19202
            ],
            [
              -62.62135,
              9.19203
            ],
            [
              -62.6202,
              9.19243
            ],
            [
              -62.61937,
              9.19292
            ],
            [
              -62.61838,
              9.19319
            ],
            [
              -62.61722,
              9.1932
            ],
            [
              -62.61628,
              9.1934
            ],
            [
              -62.61589,
              9.19411
            ],
            [
              -62.61569,
              9.19476
            ],
            [
              -62.61521,
              9.19497
            ],
            [
              -62.6146,
              9.19457
            ],
            [
              -62.61369,
              9.19391
            ],
            [
              -62.61255,
              9.19312
            ],
            [
              -62.6121,
              9.19402
            ],
            [
              -62.61228,
              9.19533
            ],
            [
              -62.61256,
              9.1962
            ],
            [
              -62.61268,
              9.19682
            ],
            [
              -62.61243,
              9.19721
            ],
            [
              -62.61109,
              9.19723
            ],
            [
              -62.60929,
              9.19709
            ],
            [
              -62.60831,
              9.19845
            ],
            [
              -62.60814,
              9.19956
            ],
            [
              -62.60784,
              9.20018
            ],
            [
              -62.60623,
              9.20082
            ],
            [
              -62.60465,
              9.19994
            ],
            [
              -62.60374,
              9.19915
            ],
            [
              -62.60283,
              9.19847
            ],
            [
              -62.60155,
              9.19817
            ],
            [
              -62.60005,
              9.19816
            ],
            [
              -62.59942,
              9.19787
            ],
            [
              -62.59856,
              9.1974
            ],
            [
              -62.59759,
              9.1973
            ],
            [
              -62.59704,
              9.19776
            ],
            [
              -62.59623,
              9.19791
            ],
            [
              -62.59563,
              9.19762
            ],
            [
              -62.59562,
              9.19688
            ],
            [
              -62.59615,
              9.1964
            ],
            [
              -62.59644,
              9.19563
            ],
            [
              -62.59666,
              9.19501
            ],
            [
              -62.59585,
              9.19449
            ],
            [
              -62.59491,
              9.19547
            ],
            [
              -62.59444,
              9.19662
            ],
            [
              -62.59417,
              9.19732
            ],
            [
              -62.59385,
              9.19812
            ],
            [
              -62.59337,
              9.19822
            ],
            [
              -62.59255,
              9.1975
            ],
            [
              -62.5914,
              9.19756
            ],
            [
              -62.59108,
              9.19843
            ],
            [
              -62.59,
              9.19934
            ],
            [
              -62.58916,
              9.20038
            ],
            [
              -62.5891,
              9.20112
            ],
            [
              -62.5889,
              9.20163
            ],
            [
              -62.58907,
              9.20241
            ],
            [
              -62.5892,
              9.20381
            ],
            [
              -62.5884,
              9.20466
            ],
            [
              -62.5874,
              9.20396
            ],
            [
              -62.58595,
              9.20277
            ],
            [
              -62.58492,
              9.20344
            ],
            [
              -62.58358,
              9.20376
            ],
            [
              -62.58207,
              9.20359
            ],
            [
              -62.58122,
              9.20356
            ],
            [
              -62.58034,
              9.20357
            ],
            [
              -62.57992,
              9.20355
            ],
            [
              -62.57924,
              9.20271
            ],
            [
              -62.57866,
              9.20191
            ],
            [
              -62.57814,
              9.2015
            ],
            [
              -62.57685,
              9.20159
            ],
            [
              -62.57603,
              9.20066
            ],
            [
              -62.57481,
              9.19959
            ],
            [
              -62.57311,
              9.19973
            ],
            [
              -62.57152,
              9.20034
            ],
            [
              -62.57039,
              9.20139
            ],
            [
              -62.56971,
              9.20269
            ],
            [
              -62.56915,
              9.20395
            ],
            [
              -62.5694,
              9.20531
            ],
            [
              -62.5697,
              9.20576
            ],
            [
              -62.57035,
              9.20621
            ],
            [
              -62.57096,
              9.2069
            ],
            [
              -62.57076,
              9.20736
            ],
            [
              -62.57016,
              9.20748
            ],
            [
              -62.56926,
              9.20731
            ],
            [
              -62.56876,
              9.2083
            ],
            [
              -62.56821,
              9.20934
            ],
            [
              -62.56716,
              9.20999
            ],
            [
              -62.56659,
              9.21064
            ],
            [
              -62.56546,
              9.211
            ],
            [
              -62.56398,
              9.2113
            ],
            [
              -62.56238,
              9.21125
            ],
            [
              -62.56167,
              9.21139
            ],
            [
              -62.56163,
              9.21249
            ],
            [
              -62.56153,
              9.21346
            ],
            [
              -62.56079,
              9.21374
            ],
            [
              -62.55986,
              9.21281
            ],
            [
              -62.55857,
              9.21182
            ],
            [
              -62.55842,
              9.21054
            ],
            [
              -62.55764,
              9.2088
            ],
            [
              -62.55676,
              9.20911
            ],
            [
              -62.55697,
              9.21055
            ],
            [
              -62.55626,
              9.21171
            ],
            [
              -62.55493,
              9.21225
            ],
            [
              -62.55367,
              9.21149
            ],
            [
              -62.55158,
              9.21069
            ],
            [
              -62.55004,
              9.20979
            ],
            [
              -62.54865,
              9.20909
            ],
            [
              -62.54802,
              9.2085
            ],
            [
              -62.54734,
              9.20778
            ],
            [
              -62.54616,
              9.20767
            ],
            [
              -62.54582,
              9.20828
            ],
            [
              -62.54508,
              9.2089
            ],
            [
              -62.54423,
              9.20921
            ],
            [
              -62.54349,
              9.20895
            ],
            [
              -62.54267,
              9.20806
            ],
            [
              -62.54168,
              9.20821
            ],
            [
              -62.54214,
              9.21009
            ],
            [
              -62.5427,
              9.211
            ],
            [
              -62.54275,
              9.2115
            ],
            [
              -62.54141,
              9.21177
            ],
            [
              -62.53925,
              9.21256
            ],
            [
              -62.54018,
              9.21291
            ],
            [
              -62.54101,
              9.21474
            ],
            [
              -62.54155,
              9.21588
            ],
            [
              -62.54186,
              9.21657
            ],
            [
              -62.54266,
              9.21757
            ],
            [
              -62.54292,
              9.21816
            ],
            [
              -62.54428,
              9.21808
            ],
            [
              -62.54546,
              9.21841
            ],
            [
              -62.54615,
              9.21982
            ],
            [
              -62.54661,
              9.22213
            ],
            [
              -62.5466,
              9.2231
            ],
            [
              -62.5471,
              9.22468
            ],
            [
              -62.5474,
              9.22607
            ],
            [
              -62.5472,
              9.22755
            ],
            [
              -62.54668,
              9.22872
            ],
            [
              -62.54626,
              9.22981
            ],
            [
              -62.54537,
              9.23085
            ],
            [
              -62.54476,
              9.23226
            ],
            [
              -62.54482,
              9.23423
            ],
            [
              -62.5453,
              9.23556
            ],
            [
              -62.54549,
              9.23622
            ],
            [
              -62.54615,
              9.23709
            ],
            [
              -62.54717,
              9.23767
            ],
            [
              -62.54871,
              9.2385
            ],
            [
              -62.54959,
              9.23911
            ],
            [
              -62.55085,
              9.23999
            ],
            [
              -62.55134,
              9.24208
            ],
            [
              -62.55172,
              9.24329
            ],
            [
              -62.55054,
              9.24505
            ],
            [
              -62.54986,
              9.2468
            ],
            [
              -62.54977,
              9.24866
            ],
            [
              -62.54941,
              9.25032
            ],
            [
              -62.54885,
              9.25157
            ],
            [
              -62.54861,
              9.25256
            ],
            [
              -62.54827,
              9.25343
            ],
            [
              -62.54791,
              9.25417
            ],
            [
              -62.54703,
              9.25432
            ],
            [
              -62.54522,
              9.25414
            ],
            [
              -62.54337,
              9.25393
            ],
            [
              -62.54129,
              9.25402
            ],
            [
              -62.54075,
              9.25545
            ],
            [
              -62.54,
              9.25645
            ],
            [
              -62.5399,
              9.25806
            ],
            [
              -62.53885,
              9.26206
            ],
            [
              -62.53915,
              9.26358
            ],
            [
              -62.53942,
              9.265
            ],
            [
              -62.53974,
              9.26676
            ],
            [
              -62.54007,
              9.26756
            ],
            [
              -62.54068,
              9.26811
            ],
            [
              -62.54058,
              9.27008
            ],
            [
              -62.54016,
              9.27139
            ],
            [
              -62.53981,
              9.27314
            ],
            [
              -62.53936,
              9.2745
            ],
            [
              -62.53826,
              9.27537
            ],
            [
              -62.53735,
              9.27483
            ],
            [
              -62.53595,
              9.27422
            ],
            [
              -62.53357,
              9.2737
            ],
            [
              -62.53166,
              9.27278
            ],
            [
              -62.52967,
              9.27255
            ],
            [
              -62.52775,
              9.27235
            ],
            [
              -62.52735,
              9.27169
            ],
            [
              -62.52676,
              9.271
            ],
            [
              -62.52586,
              9.27083
            ],
            [
              -62.52403,
              9.27048
            ],
            [
              -62.52219,
              9.27145
            ],
            [
              -62.52102,
              9.27245
            ],
            [
              -62.51965,
              9.27263
            ],
            [
              -62.51962,
              9.27132
            ],
            [
              -62.51685,
              9.26756
            ],
            [
              -62.51557,
              9.26668
            ],
            [
              -62.51471,
              9.26412
            ],
            [
              -62.51274,
              9.26387
            ],
            [
              -62.511,
              9.26336
            ],
            [
              -62.50941,
              9.26361
            ],
            [
              -62.50976,
              9.26629
            ],
            [
              -62.51007,
              9.2673
            ],
            [
              -62.51007,
              9.26941
            ],
            [
              -62.50946,
              9.27061
            ],
            [
              -62.50952,
              9.27206
            ],
            [
              -62.50935,
              9.27378
            ],
            [
              -62.50937,
              9.2755
            ],
            [
              -62.50917,
              9.27601
            ],
            [
              -62.50867,
              9.27698
            ],
            [
              -62.50742,
              9.27727
            ],
            [
              -62.5046,
              9.27733
            ],
            [
              -62.5029,
              9.27815
            ],
            [
              -62.50175,
              9.27883
            ],
            [
              -62.50131,
              9.2806
            ],
            [
              -62.50203,
              9.28161
            ],
            [
              -62.50286,
              9.28288
            ],
            [
              -62.5041,
              9.28424
            ],
            [
              -62.50519,
              9.28462
            ],
            [
              -62.50603,
              9.28558
            ],
            [
              -62.50478,
              9.28789
            ],
            [
              -62.50393,
              9.28996
            ],
            [
              -62.50403,
              9.29143
            ],
            [
              -62.50412,
              9.29297
            ],
            [
              -62.50484,
              9.2951
            ],
            [
              -62.50498,
              9.29741
            ],
            [
              -62.50508,
              9.2987
            ],
            [
              -62.50561,
              9.30012
            ],
            [
              -62.50632,
              9.30208
            ],
            [
              -62.50694,
              9.30396
            ],
            [
              -62.50745,
              9.3057
            ],
            [
              -62.50832,
              9.30693
            ],
            [
              -62.50769,
              9.30856
            ],
            [
              -62.50736,
              9.3108
            ],
            [
              -62.50651,
              9.31296
            ],
            [
              -62.50595,
              9.31465
            ],
            [
              -62.50468,
              9.31535
            ],
            [
              -62.50303,
              9.31627
            ],
            [
              -62.50083,
              9.31689
            ],
            [
              -62.49922,
              9.32028
            ],
            [
              -62.49913,
              9.32053
            ],
            [
              -62.49819,
              9.32138
            ],
            [
              -62.49764,
              9.32292
            ],
            [
              -62.49673,
              9.32462
            ],
            [
              -62.49481,
              9.32633
            ],
            [
              -62.4916,
              9.32783
            ],
            [
              -62.48979,
              9.32866
            ],
            [
              -62.4881,
              9.33011
            ],
            [
              -62.48631,
              9.33137
            ],
            [
              -62.48396,
              9.33296
            ],
            [
              -62.48284,
              9.33469
            ],
            [
              -62.48156,
              9.33621
            ],
            [
              -62.48035,
              9.33699
            ],
            [
              -62.47652,
              9.33789
            ],
            [
              -62.47425,
              9.3388
            ],
            [
              -62.47159,
              9.33979
            ],
            [
              -62.47029,
              9.34275
            ],
            [
              -62.46814,
              9.34439
            ],
            [
              -62.46684,
              9.3459
            ],
            [
              -62.46537,
              9.34701
            ],
            [
              -62.46411,
              9.34786
            ],
            [
              -62.46251,
              9.34952
            ],
            [
              -62.46091,
              9.3511
            ],
            [
              -62.45997,
              9.35193
            ],
            [
              -62.45924,
              9.35338
            ],
            [
              -62.41852,
              9.37025
            ],
            [
              -62.40516,
              9.37578
            ],
            [
              -62.38642,
              9.38354
            ],
            [
              -62.38285,
              9.38502
            ],
            [
              -62.37187,
              9.38945
            ],
            [
              -62.37171,
              9.38952
            ],
            [
              -62.37079,
              9.38914
            ],
            [
              -62.36768,
              9.38785
            ],
            [
              -62.36077,
              9.3868
            ],
            [
              -62.3539,
              9.38476
            ],
            [
              -62.34901,
              9.38243
            ],
            [
              -62.34377,
              9.37644
            ],
            [
              -62.33267,
              9.36898
            ],
            [
              -62.32713,
              9.36269
            ],
            [
              -62.3231,
              9.35386
            ],
            [
              -62.32543,
              9.34584
            ],
            [
              -62.33062,
              9.34014
            ],
            [
              -62.33773,
              9.33435
            ],
            [
              -62.34098,
              9.3282
            ],
            [
              -62.33988,
              9.3176
            ],
            [
              -62.33624,
              9.31095
            ],
            [
              -62.3332,
              9.30535
            ],
            [
              -62.32811,
              9.29712
            ],
            [
              -62.32165,
              9.29435
            ],
            [
              -62.3256,
              9.28059
            ],
            [
              -62.32673,
              9.27071
            ],
            [
              -62.32628,
              9.26199
            ],
            [
              -62.32433,
              9.25608
            ],
            [
              -62.31988,
              9.24973
            ],
            [
              -62.31425,
              9.2418
            ],
            [
              -62.30933,
              9.23486
            ],
            [
              -62.3019,
              9.23117
            ],
            [
              -62.29886,
              9.22558
            ],
            [
              -62.30084,
              9.2214
            ],
            [
              -62.30608,
              9.21652
            ],
            [
              -62.30719,
              9.21155
            ],
            [
              -62.3058,
              9.20588
            ],
            [
              -62.30296,
              9.19891
            ],
            [
              -62.30196,
              9.19022
            ],
            [
              -62.30485,
              9.18245
            ],
            [
              -62.30934,
              9.17897
            ],
            [
              -62.31667,
              9.17754
            ],
            [
              -62.32187,
              9.1773
            ],
            [
              -62.32163,
              9.17267
            ],
            [
              -62.32264,
              9.1658
            ],
            [
              -62.3239,
              9.15837
            ],
            [
              -62.32639,
              9.14816
            ],
            [
              -62.32601,
              9.1408
            ],
            [
              -62.32665,
              9.13185
            ],
            [
              -62.32356,
              9.12983
            ],
            [
              -62.32067,
              9.12794
            ],
            [
              -62.32497,
              9.1272
            ],
            [
              -62.32551,
              9.12711
            ],
            [
              -62.32646,
              9.12695
            ],
            [
              -62.32734,
              9.12408
            ],
            [
              -62.3283,
              9.1214
            ],
            [
              -62.32869,
              9.11973
            ],
            [
              -62.32918,
              9.11768
            ],
            [
              -62.32821,
              9.11535
            ],
            [
              -62.32649,
              9.11399
            ],
            [
              -62.32503,
              9.11289
            ],
            [
              -62.32452,
              9.1118
            ],
            [
              -62.32412,
              9.11066
            ],
            [
              -62.32337,
              9.10775
            ],
            [
              -62.32278,
              9.10549
            ],
            [
              -62.32342,
              9.10111
            ],
            [
              -62.32462,
              9.09733
            ],
            [
              -62.3248,
              9.09676
            ],
            [
              -62.32795,
              9.09295
            ],
            [
              -62.33188,
              9.08683
            ],
            [
              -62.33242,
              9.08534
            ],
            [
              -62.33417,
              9.08439
            ],
            [
              -62.33598,
              9.08268
            ],
            [
              -62.33735,
              9.08168
            ],
            [
              -62.33988,
              9.08125
            ],
            [
              -62.34213,
              9.08206
            ],
            [
              -62.34459,
              9.08369
            ],
            [
              -62.34692,
              9.08494
            ],
            [
              -62.34826,
              9.08552
            ],
            [
              -62.34975,
              9.08465
            ],
            [
              -62.35063,
              9.08206
            ],
            [
              -62.35106,
              9.07955
            ],
            [
              -62.35088,
              9.0773
            ],
            [
              -62.34791,
              9.07523
            ],
            [
              -62.34726,
              9.07386
            ],
            [
              -62.34764,
              9.07183
            ],
            [
              -62.34805,
              9.06923
            ],
            [
              -62.34949,
              9.06771
            ],
            [
              -62.35264,
              9.06641
            ],
            [
              -62.35495,
              9.06457
            ],
            [
              -62.35627,
              9.06233
            ],
            [
              -62.35684,
              9.0599
            ],
            [
              -62.35728,
              9.0575
            ],
            [
              -62.35775,
              9.05568
            ],
            [
              -62.35711,
              9.054
            ],
            [
              -62.35635,
              9.05299
            ],
            [
              -62.35531,
              9.05187
            ],
            [
              -62.35382,
              9.05102
            ],
            [
              -62.35264,
              9.05084
            ],
            [
              -62.35138,
              9.05029
            ],
            [
              -62.34894,
              9.0499
            ],
            [
              -62.34758,
              9.04888
            ],
            [
              -62.34608,
              9.04801
            ],
            [
              -62.34568,
              9.04655
            ],
            [
              -62.34522,
              9.04514
            ],
            [
              -62.34556,
              9.04391
            ],
            [
              -62.34618,
              9.04226
            ],
            [
              -62.34632,
              9.04173
            ],
            [
              -62.34736,
              9.04003
            ],
            [
              -62.34864,
              9.03914
            ],
            [
              -62.35057,
              9.03851
            ],
            [
              -62.35319,
              9.03957
            ],
            [
              -62.35622,
              9.04012
            ],
            [
              -62.35779,
              9.0396
            ],
            [
              -62.35923,
              9.03855
            ],
            [
              -62.36085,
              9.0391
            ],
            [
              -62.36163,
              9.03931
            ],
            [
              -62.36325,
              9.03892
            ],
            [
              -62.36455,
              9.03753
            ],
            [
              -62.36709,
              9.03571
            ],
            [
              -62.37024,
              9.03554
            ],
            [
              -62.37619,
              9.03537
            ],
            [
              -62.37863,
              9.03313
            ],
            [
              -62.38222,
              9.03187
            ],
            [
              -62.38371,
              9.0324
            ],
            [
              -62.38658,
              9.03326
            ],
            [
              -62.38764,
              9.03434
            ],
            [
              -62.38849,
              9.03427
            ],
            [
              -62.38927,
              9.0328
            ],
            [
              -62.38879,
              9.03176
            ],
            [
              -62.38877,
              9.03114
            ],
            [
              -62.38889,
              9.0296
            ],
            [
              -62.38924,
              9.02622
            ],
            [
              -62.39703,
              9.01732
            ],
            [
              -62.40596,
              9.00833
            ],
            [
              -62.40601,
              9.00608
            ],
            [
              -62.40684,
              9.0053
            ],
            [
              -62.40764,
              9.00443
            ],
            [
              -62.40878,
              9.00419
            ],
            [
              -62.41049,
              9.00444
            ],
            [
              -62.41222,
              9.00473
            ],
            [
              -62.41322,
              9.00342
            ],
            [
              -62.41379,
              9.00189
            ],
            [
              -62.4151,
              9.00109
            ],
            [
              -62.41648,
              9.00039
            ],
            [
              -62.41794,
              8.99994
            ],
            [
              -62.41936,
              8.99973
            ],
            [
              -62.42074,
              8.99839
            ],
            [
              -62.42188,
              8.99792
            ],
            [
              -62.42405,
              8.99763
            ],
            [
              -62.42598,
              8.99792
            ],
            [
              -62.4273,
              8.99917
            ],
            [
              -62.42793,
              8.99958
            ],
            [
              -62.4298,
              8.99988
            ],
            [
              -62.43229,
              9.0004
            ],
            [
              -62.43319,
              9.00141
            ],
            [
              -62.43319,
              9.00361
            ],
            [
              -62.43471,
              9.00463
            ],
            [
              -62.43595,
              9.0047
            ],
            [
              -62.43857,
              9.00488
            ],
            [
              -62.44036,
              9.00424
            ],
            [
              -62.44139,
              9.00221
            ],
            [
              -62.44204,
              9.00111
            ],
            [
              -62.44372,
              8.9996
            ],
            [
              -62.44537,
              8.99955
            ],
            [
              -62.44663,
              8.99951
            ],
            [
              -62.44671,
              8.99813
            ],
            [
              -62.44717,
              8.99718
            ],
            [
              -62.4483,
              8.99676
            ],
            [
              -62.45073,
              8.99662
            ],
            [
              -62.45471,
              8.99708
            ],
            [
              -62.45944,
              8.99798
            ],
            [
              -62.46195,
              8.99823
            ],
            [
              -62.46494,
              8.99851
            ],
            [
              -62.46702,
              8.99737
            ],
            [
              -62.46805,
              8.99643
            ],
            [
              -62.46903,
              8.99548
            ],
            [
              -62.47061,
              8.99424
            ],
            [
              -62.47513,
              8.99285
            ],
            [
              -62.48811,
              8.99643
            ],
            [
              -62.48967,
              8.99496
            ],
            [
              -62.49222,
              8.99328
            ],
            [
              -62.49681,
              8.9918
            ],
            [
              -62.49994,
              8.98948
            ],
            [
              -62.5017,
              8.98669
            ],
            [
              -62.50368,
              8.98605
            ],
            [
              -62.50497,
              8.98585
            ],
            [
              -62.50593,
              8.98602
            ],
            [
              -62.5064,
              8.98493
            ],
            [
              -62.50796,
              8.9846
            ],
            [
              -62.50946,
              8.98445
            ],
            [
              -62.51014,
              8.98356
            ],
            [
              -62.51072,
              8.98299
            ],
            [
              -62.5113,
              8.9813
            ],
            [
              -62.51278,
              8.98049
            ],
            [
              -62.5139,
              8.97958
            ],
            [
              -62.51589,
              8.97955
            ],
            [
              -62.51777,
              8.97862
            ],
            [
              -62.51965,
              8.97818
            ],
            [
              -62.52034,
              8.97745
            ],
            [
              -62.52078,
              8.9762
            ],
            [
              -62.52152,
              8.97487
            ],
            [
              -62.52295,
              8.97372
            ],
            [
              -62.52499,
              8.97383
            ],
            [
              -62.52685,
              8.97401
            ],
            [
              -62.52884,
              8.97463
            ],
            [
              -62.53056,
              8.97528
            ],
            [
              -62.53157,
              8.97581
            ],
            [
              -62.53311,
              8.97496
            ],
            [
              -62.534,
              8.97451
            ],
            [
              -62.53506,
              8.97457
            ],
            [
              -62.53649,
              8.97431
            ],
            [
              -62.53739,
              8.97483
            ],
            [
              -62.53758,
              8.97546
            ],
            [
              -62.53961,
              8.97546
            ],
            [
              -62.5416,
              8.97529
            ],
            [
              -62.54219,
              8.97445
            ],
            [
              -62.54334,
              8.9731
            ],
            [
              -62.54442,
              8.97238
            ],
            [
              -62.546,
              8.97198
            ],
            [
              -62.54646,
              8.97132
            ],
            [
              -62.55021,
              8.9699
            ],
            [
              -62.55455,
              8.96791
            ],
            [
              -62.55647,
              8.96559
            ],
            [
              -62.55896,
              8.9635
            ],
            [
              -62.55952,
              8.96201
            ],
            [
              -62.5636,
              8.95829
            ],
            [
              -62.5662,
              8.9554
            ],
            [
              -62.5697,
              8.95066
            ],
            [
              -62.56954,
              8.94676
            ],
            [
              -62.57207,
              8.94743
            ],
            [
              -62.57396,
              8.94293
            ],
            [
              -62.57508,
              8.94063
            ],
            [
              -62.57529,
              8.93902
            ],
            [
              -62.57577,
              8.93469
            ],
            [
              -62.5761,
              8.93075
            ],
            [
              -62.57765,
              8.92762
            ],
            [
              -62.58039,
              8.92543
            ],
            [
              -62.5812,
              8.92191
            ],
            [
              -62.58251,
              8.92065
            ],
            [
              -62.58387,
              8.91991
            ],
            [
              -62.58611,
              8.91914
            ],
            [
              -62.58802,
              8.91832
            ],
            [
              -62.58952,
              8.91753
            ],
            [
              -62.59328,
              8.91991
            ],
            [
              -62.59653,
              8.91404
            ],
            [
              -62.59972,
              8.91227
            ],
            [
              -62.60173,
              8.91088
            ],
            [
              -62.60368,
              8.90798
            ],
            [
              -62.60692,
              8.90485
            ],
            [
              -62.61156,
              8.90561
            ],
            [
              -62.61635,
              8.90406
            ],
            [
              -62.61898,
              8.90207
            ],
            [
              -62.62265,
              8.90285
            ],
            [
              -62.62225,
              8.89924
            ],
            [
              -62.62833,
              8.89877
            ],
            [
              -62.62977,
              8.89826
            ],
            [
              -62.63163,
              8.8972
            ],
            [
              -62.63323,
              8.90028
            ],
            [
              -62.63461,
              8.90121
            ],
            [
              -62.63559,
              8.90129
            ],
            [
              -62.63673,
              8.90047
            ],
            [
              -62.63796,
              8.89983
            ],
            [
              -62.64275,
              8.89698
            ],
            [
              -62.6427,
              8.89561
            ],
            [
              -62.64307,
              8.89443
            ],
            [
              -62.64413,
              8.89295
            ],
            [
              -62.64386,
              8.88964
            ],
            [
              -62.64729,
              8.89089
            ],
            [
              -62.64787,
              8.88977
            ],
            [
              -62.64918,
              8.88851
            ],
            [
              -62.6523,
              8.88939
            ],
            [
              -62.65294,
              8.88627
            ],
            [
              -62.65406,
              8.88538
            ],
            [
              -62.65528,
              8.88394
            ],
            [
              -62.65675,
              8.88318
            ],
            [
              -62.65797,
              8.88185
            ],
            [
              -62.66117,
              8.88374
            ],
            [
              -62.66268,
              8.87985
            ],
            [
              -62.664,
              8.87914
            ],
            [
              -62.66428,
              8.87812
            ],
            [
              -62.64872,
              8.83018
            ],
            [
              -62.77916,
              8.66274
            ],
            [
              -62.77811,
              8.6637
            ]
          ]
        ]
      }
    },
    {
      "type": "Feature",
      "properties": {
        "ADM1_ES": "Monagas",
        "ADM2_ES": "Maturín",
        "parroquias_count": 11,
        "id": "maturin",
        "nombre": "Maturín",
        "capital": "Maturín",
        "poblacion": 540000,
        "electores": 320000,
        "color": "#1d4ed8"
      },
      "geometry": {
        "type": "Polygon",
        "coordinates": [
          [
            [
              -63.45279,
              9.65345
            ],
            [
              -63.45388,
              9.65329
            ],
            [
              -63.45454,
              9.6539
            ],
            [
              -63.45607,
              9.65398
            ],
            [
              -63.45725,
              9.65398
            ],
            [
              -63.45766,
              9.65337
            ],
            [
              -63.4582,
              9.65281
            ],
            [
              -63.45875,
              9.65225
            ],
            [
              -63.45913,
              9.65167
            ],
            [
              -63.46057,
              9.65126
            ],
            [
              -63.46222,
              9.65107
            ],
            [
              -63.46394,
              9.65107
            ],
            [
              -63.4651,
              9.65095
            ],
            [
              -63.46607,
              9.65219
            ],
            [
              -63.46688,
              9.65225
            ],
            [
              -63.46812,
              9.65263
            ],
            [
              -63.46931,
              9.6524
            ],
            [
              -63.47126,
              9.65194
            ],
            [
              -63.47211,
              9.65148
            ],
            [
              -63.47237,
              9.65116
            ],
            [
              -63.47244,
              9.65009
            ],
            [
              -63.47259,
              9.64938
            ],
            [
              -63.47309,
              9.6488
            ],
            [
              -63.47443,
              9.6489
            ],
            [
              -63.47515,
              9.64884
            ],
            [
              -63.47547,
              9.64809
            ],
            [
              -63.47539,
              9.64738
            ],
            [
              -63.47532,
              9.64649
            ],
            [
              -63.4756,
              9.64514
            ],
            [
              -63.4769,
              9.6443
            ],
            [
              -63.47799,
              9.64327
            ],
            [
              -63.4783,
              9.64165
            ],
            [
              -63.47963,
              9.64207
            ],
            [
              -63.47997,
              9.64151
            ],
            [
              -63.48025,
              9.64057
            ],
            [
              -63.48072,
              9.63994
            ],
            [
              -63.4808,
              9.63857
            ],
            [
              -63.4814,
              9.63751
            ],
            [
              -63.48299,
              9.63699
            ],
            [
              -63.48404,
              9.63768
            ],
            [
              -63.48507,
              9.63798
            ],
            [
              -63.48674,
              9.63799
            ],
            [
              -63.48752,
              9.63838
            ],
            [
              -63.48864,
              9.63801
            ],
            [
              -63.4894,
              9.63826
            ],
            [
              -63.49035,
              9.63805
            ],
            [
              -63.49136,
              9.63762
            ],
            [
              -63.49203,
              9.63775
            ],
            [
              -63.49303,
              9.63848
            ],
            [
              -63.49417,
              9.63922
            ],
            [
              -63.49488,
              9.63868
            ],
            [
              -63.49512,
              9.63814
            ],
            [
              -63.49551,
              9.63723
            ],
            [
              -63.49598,
              9.63701
            ],
            [
              -63.49714,
              9.63692
            ],
            [
              -63.49791,
              9.63671
            ],
            [
              -63.49916,
              9.63672
            ],
            [
              -63.50008,
              9.63694
            ],
            [
              -63.50073,
              9.63696
            ],
            [
              -63.50148,
              9.63665
            ],
            [
              -63.50255,
              9.63704
            ],
            [
              -63.50395,
              9.63645
            ],
            [
              -63.50505,
              9.63563
            ],
            [
              -63.50712,
              9.63625
            ],
            [
              -63.50834,
              9.63703
            ],
            [
              -63.50904,
              9.63739
            ],
            [
              -63.51012,
              9.63684
            ],
            [
              -63.51227,
              9.63658
            ],
            [
              -63.51338,
              9.63692
            ],
            [
              -63.51441,
              9.63613
            ],
            [
              -63.5157,
              9.63535
            ],
            [
              -63.51647,
              9.63588
            ],
            [
              -63.51737,
              9.63552
            ],
            [
              -63.51815,
              9.63393
            ],
            [
              -63.51913,
              9.63449
            ],
            [
              -63.51961,
              9.63537
            ],
            [
              -63.52091,
              9.63539
            ],
            [
              -63.5218,
              9.63602
            ],
            [
              -63.52218,
              9.63808
            ],
            [
              -63.52288,
              9.64086
            ],
            [
              -63.5224,
              9.64261
            ],
            [
              -63.52206,
              9.64441
            ],
            [
              -63.52229,
              9.64759
            ],
            [
              -63.52284,
              9.64962
            ],
            [
              -63.52298,
              9.6514
            ],
            [
              -63.52414,
              9.65283
            ],
            [
              -63.52487,
              9.65346
            ],
            [
              -63.52631,
              9.6538
            ],
            [
              -63.52748,
              9.65433
            ],
            [
              -63.52792,
              9.65464
            ],
            [
              -63.5289,
              9.65607
            ],
            [
              -63.53069,
              9.6565
            ],
            [
              -63.53164,
              9.65813
            ],
            [
              -63.53141,
              9.65969
            ],
            [
              -63.5344,
              9.66435
            ],
            [
              -63.5356,
              9.66479
            ],
            [
              -63.53728,
              9.66505
            ],
            [
              -63.53932,
              9.66562
            ],
            [
              -63.5402,
              9.66676
            ],
            [
              -63.54067,
              9.66812
            ],
            [
              -63.54137,
              9.66938
            ],
            [
              -63.54484,
              9.6758
            ],
            [
              -63.50259,
              9.6913
            ],
            [
              -63.49041,
              9.73434
            ],
            [
              -63.48014,
              9.7698
            ],
            [
              -63.4942,
              9.79683
            ],
            [
              -63.49391,
              9.79793
            ],
            [
              -63.49414,
              9.79935
            ],
            [
              -63.49459,
              9.80055
            ],
            [
              -63.49575,
              9.80204
            ],
            [
              -63.49645,
              9.80498
            ],
            [
              -63.49646,
              9.80698
            ],
            [
              -63.49606,
              9.80827
            ],
            [
              -63.49576,
              9.80973
            ],
            [
              -63.49556,
              9.81137
            ],
            [
              -63.49566,
              9.81302
            ],
            [
              -63.49637,
              9.81437
            ],
            [
              -63.49708,
              9.81555
            ],
            [
              -63.49764,
              9.81941
            ],
            [
              -63.49718,
              9.82108
            ],
            [
              -63.49592,
              9.82235
            ],
            [
              -63.49495,
              9.82385
            ],
            [
              -63.4936,
              9.82577
            ],
            [
              -63.48974,
              9.82491
            ],
            [
              -63.48825,
              9.82548
            ],
            [
              -63.48663,
              9.82569
            ],
            [
              -63.48533,
              9.82554
            ],
            [
              -63.48382,
              9.82556
            ],
            [
              -63.48337,
              9.82573
            ],
            [
              -63.48203,
              9.82467
            ],
            [
              -63.48063,
              9.82432
            ],
            [
              -63.4792,
              9.82378
            ],
            [
              -63.47778,
              9.82215
            ],
            [
              -63.47671,
              9.82062
            ],
            [
              -63.47545,
              9.82026
            ],
            [
              -63.47452,
              9.81957
            ],
            [
              -63.47354,
              9.81783
            ],
            [
              -63.47335,
              9.81621
            ],
            [
              -63.47327,
              9.81442
            ],
            [
              -63.47263,
              9.81251
            ],
            [
              -63.47173,
              9.81113
            ],
            [
              -63.47026,
              9.81069
            ],
            [
              -63.46972,
              9.80841
            ],
            [
              -63.46998,
              9.80696
            ],
            [
              -63.46974,
              9.80538
            ],
            [
              -63.46968,
              9.80336
            ],
            [
              -63.46877,
              9.80254
            ],
            [
              -63.46779,
              9.80149
            ],
            [
              -63.46688,
              9.80062
            ],
            [
              -63.4659,
              9.79959
            ],
            [
              -63.46491,
              9.79849
            ],
            [
              -63.46437,
              9.79667
            ],
            [
              -63.46266,
              9.79614
            ],
            [
              -63.46137,
              9.79567
            ],
            [
              -63.45959,
              9.79508
            ],
            [
              -63.45818,
              9.79523
            ],
            [
              -63.45607,
              9.79594
            ],
            [
              -63.4549,
              9.7962
            ],
            [
              -63.45495,
              9.79594
            ],
            [
              -63.45393,
              9.79507
            ],
            [
              -63.45308,
              9.79471
            ],
            [
              -63.45238,
              9.79376
            ],
            [
              -63.45124,
              9.7929
            ],
            [
              -63.4495,
              9.79226
            ],
            [
              -63.44793,
              9.79226
            ],
            [
              -63.44672,
              9.79215
            ],
            [
              -63.44511,
              9.79183
            ],
            [
              -63.4432,
              9.7917
            ],
            [
              -63.44181,
              9.79107
            ],
            [
              -63.44067,
              9.78926
            ],
            [
              -63.43939,
              9.78788
            ],
            [
              -63.43783,
              9.78755
            ],
            [
              -63.43609,
              9.78739
            ],
            [
              -63.43421,
              9.78742
            ],
            [
              -63.43311,
              9.78654
            ],
            [
              -63.43169,
              9.7854
            ],
            [
              -63.43064,
              9.78516
            ],
            [
              -63.43021,
              9.78418
            ],
            [
              -63.42923,
              9.78407
            ],
            [
              -63.42645,
              9.78562
            ],
            [
              -63.42478,
              9.78553
            ],
            [
              -63.42334,
              9.78531
            ],
            [
              -63.42333,
              9.78531
            ],
            [
              -63.42206,
              9.78457
            ],
            [
              -63.42084,
              9.78274
            ],
            [
              -63.42041,
              9.78073
            ],
            [
              -63.41929,
              9.78049
            ],
            [
              -63.41845,
              9.78178
            ],
            [
              -63.41719,
              9.783
            ],
            [
              -63.41592,
              9.78311
            ],
            [
              -63.41381,
              9.7839
            ],
            [
              -63.41295,
              9.78326
            ],
            [
              -63.41185,
              9.78283
            ],
            [
              -63.40987,
              9.7833
            ],
            [
              -63.40746,
              9.78405
            ],
            [
              -63.40602,
              9.78501
            ],
            [
              -63.40471,
              9.78436
            ],
            [
              -63.40281,
              9.78303
            ],
            [
              -63.40124,
              9.78328
            ],
            [
              -63.4001,
              9.78378
            ],
            [
              -63.39849,
              9.78359
            ],
            [
              -63.39736,
              9.78231
            ],
            [
              -63.39653,
              9.78231
            ],
            [
              -63.39599,
              9.78313
            ],
            [
              -63.3948,
              9.7836
            ],
            [
              -63.39442,
              9.7826
            ],
            [
              -63.39379,
              9.78241
            ],
            [
              -63.39284,
              9.78379
            ],
            [
              -63.39209,
              9.78427
            ],
            [
              -63.39086,
              9.78428
            ],
            [
              -63.38953,
              9.78483
            ],
            [
              -63.38834,
              9.78529
            ],
            [
              -63.38587,
              9.78584
            ],
            [
              -63.3837,
              9.78609
            ],
            [
              -63.38235,
              9.78663
            ],
            [
              -63.3814,
              9.78801
            ],
            [
              -63.38167,
              9.78952
            ],
            [
              -63.38213,
              9.79065
            ],
            [
              -63.38155,
              9.79092
            ],
            [
              -63.38055,
              9.79058
            ],
            [
              -63.37963,
              9.7902
            ],
            [
              -63.37814,
              9.78909
            ],
            [
              -63.37664,
              9.79016
            ],
            [
              -63.37581,
              9.7912
            ],
            [
              -63.37481,
              9.79187
            ],
            [
              -63.3732,
              9.79223
            ],
            [
              -63.37139,
              9.79233
            ],
            [
              -63.37009,
              9.79296
            ],
            [
              -63.36831,
              9.79308
            ],
            [
              -63.36697,
              9.79337
            ],
            [
              -63.36589,
              9.79342
            ],
            [
              -63.36445,
              9.79348
            ],
            [
              -63.36399,
              9.79379
            ],
            [
              -63.36302,
              9.79378
            ],
            [
              -63.36137,
              9.79375
            ],
            [
              -63.35992,
              9.79398
            ],
            [
              -63.35885,
              9.79302
            ],
            [
              -63.35791,
              9.79357
            ],
            [
              -63.35593,
              9.7933
            ],
            [
              -63.35491,
              9.79186
            ],
            [
              -63.35398,
              9.79003
            ],
            [
              -63.35262,
              9.78974
            ],
            [
              -63.35071,
              9.79033
            ],
            [
              -63.34957,
              9.7916
            ],
            [
              -63.34823,
              9.79241
            ],
            [
              -63.34604,
              9.7928
            ],
            [
              -63.34291,
              9.79444
            ],
            [
              -63.34129,
              9.79541
            ],
            [
              -63.33994,
              9.79533
            ],
            [
              -63.33835,
              9.79537
            ],
            [
              -63.33692,
              9.79562
            ],
            [
              -63.33548,
              9.79494
            ],
            [
              -63.33464,
              9.79338
            ],
            [
              -63.33362,
              9.79311
            ],
            [
              -63.33255,
              9.79227
            ],
            [
              -63.33084,
              9.7919
            ],
            [
              -63.32946,
              9.79164
            ],
            [
              -63.32817,
              9.7911
            ],
            [
              -63.32699,
              9.79033
            ],
            [
              -63.32547,
              9.78998
            ],
            [
              -63.3232,
              9.78913
            ],
            [
              -63.32123,
              9.78946
            ],
            [
              -63.31923,
              9.78917
            ],
            [
              -63.31782,
              9.78916
            ],
            [
              -63.31673,
              9.78859
            ],
            [
              -63.31521,
              9.78808
            ],
            [
              -63.3134,
              9.788
            ],
            [
              -63.31217,
              9.78808
            ],
            [
              -63.3101,
              9.78783
            ],
            [
              -63.30788,
              9.78794
            ],
            [
              -63.30691,
              9.78758
            ],
            [
              -63.30446,
              9.7876
            ],
            [
              -63.30372,
              9.78858
            ],
            [
              -63.33507,
              9.85666
            ],
            [
              -63.33331,
              9.8561
            ],
            [
              -63.33249,
              9.85668
            ],
            [
              -63.33066,
              9.85684
            ],
            [
              -63.3296,
              9.85696
            ],
            [
              -63.32894,
              9.85733
            ],
            [
              -63.3284,
              9.8581
            ],
            [
              -63.32737,
              9.85829
            ],
            [
              -63.32655,
              9.85826
            ],
            [
              -63.32514,
              9.85835
            ],
            [
              -63.32402,
              9.85877
            ],
            [
              -63.32213,
              9.85864
            ],
            [
              -63.32143,
              9.85758
            ],
            [
              -63.32084,
              9.85734
            ],
            [
              -63.31816,
              9.85748
            ],
            [
              -63.31702,
              9.8574
            ],
            [
              -63.3151,
              9.85692
            ],
            [
              -63.31384,
              9.85661
            ],
            [
              -63.31225,
              9.85629
            ],
            [
              -63.31142,
              9.855
            ],
            [
              -63.31058,
              9.8548
            ],
            [
              -63.30916,
              9.85465
            ],
            [
              -63.30744,
              9.85449
            ],
            [
              -63.30538,
              9.85384
            ],
            [
              -63.30386,
              9.85273
            ],
            [
              -63.30288,
              9.85186
            ],
            [
              -63.30247,
              9.85139
            ],
            [
              -63.30046,
              9.85154
            ],
            [
              -63.29825,
              9.85132
            ],
            [
              -63.29634,
              9.85108
            ],
            [
              -63.2952,
              9.85083
            ],
            [
              -63.29365,
              9.85032
            ],
            [
              -63.29296,
              9.84968
            ],
            [
              -63.29122,
              9.84977
            ],
            [
              -63.28965,
              9.85075
            ],
            [
              -63.28794,
              9.85101
            ],
            [
              -63.28552,
              9.85162
            ],
            [
              -63.28301,
              9.85199
            ],
            [
              -63.28099,
              9.85193
            ],
            [
              -63.27982,
              9.85164
            ],
            [
              -63.27831,
              9.85168
            ],
            [
              -63.2764,
              9.85229
            ],
            [
              -63.27546,
              9.85314
            ],
            [
              -63.2753,
              9.85342
            ],
            [
              -63.27457,
              9.85387
            ],
            [
              -63.27246,
              9.8546
            ],
            [
              -63.27182,
              9.85556
            ],
            [
              -63.27068,
              9.85687
            ],
            [
              -63.2686,
              9.85714
            ],
            [
              -63.26657,
              9.85777
            ],
            [
              -63.26598,
              9.85817
            ],
            [
              -63.26463,
              9.85869
            ],
            [
              -63.26349,
              9.85925
            ],
            [
              -63.26267,
              9.85966
            ],
            [
              -63.26141,
              9.86043
            ],
            [
              -63.25909,
              9.86045
            ],
            [
              -63.25801,
              9.8608
            ],
            [
              -63.25615,
              9.86041
            ],
            [
              -63.25331,
              9.86012
            ],
            [
              -63.25201,
              9.86078
            ],
            [
              -63.25002,
              9.8612
            ],
            [
              -63.24828,
              9.86194
            ],
            [
              -63.24682,
              9.862
            ],
            [
              -63.24468,
              9.86107
            ],
            [
              -63.24331,
              9.8601
            ],
            [
              -63.24101,
              9.86002
            ],
            [
              -63.23964,
              9.85983
            ],
            [
              -63.23792,
              9.86052
            ],
            [
              -63.23585,
              9.86037
            ],
            [
              -63.23359,
              9.86073
            ],
            [
              -63.23211,
              9.86091
            ],
            [
              -63.22982,
              9.86051
            ],
            [
              -63.22815,
              9.86039
            ],
            [
              -63.22624,
              9.86084
            ],
            [
              -63.22479,
              9.86209
            ],
            [
              -63.22386,
              9.86283
            ],
            [
              -63.22277,
              9.86359
            ],
            [
              -63.22177,
              9.86417
            ],
            [
              -63.22108,
              9.86518
            ],
            [
              -63.22045,
              9.86598
            ],
            [
              -63.21953,
              9.86687
            ],
            [
              -63.21894,
              9.8679
            ],
            [
              -63.21833,
              9.86854
            ],
            [
              -63.21774,
              9.8691
            ],
            [
              -63.21715,
              9.87036
            ],
            [
              -63.21633,
              9.87157
            ],
            [
              -63.21592,
              9.87257
            ],
            [
              -63.21578,
              9.87398
            ],
            [
              -63.21534,
              9.87546
            ],
            [
              -63.21462,
              9.87713
            ],
            [
              -63.21421,
              9.87811
            ],
            [
              -63.21351,
              9.87875
            ],
            [
              -63.21288,
              9.8792
            ],
            [
              -63.21136,
              9.87963
            ],
            [
              -63.20993,
              9.88063
            ],
            [
              -63.20883,
              9.88177
            ],
            [
              -63.20802,
              9.88284
            ],
            [
              -63.20733,
              9.88383
            ],
            [
              -63.20665,
              9.88486
            ],
            [
              -63.20651,
              9.8864
            ],
            [
              -63.20576,
              9.88763
            ],
            [
              -63.20574,
              9.88874
            ],
            [
              -63.20657,
              9.88979
            ],
            [
              -63.20733,
              9.89062
            ],
            [
              -63.20816,
              9.892
            ],
            [
              -63.20827,
              9.89328
            ],
            [
              -63.20742,
              9.89354
            ],
            [
              -63.2072,
              9.89464
            ],
            [
              -63.20696,
              9.89594
            ],
            [
              -63.20635,
              9.89657
            ],
            [
              -63.20515,
              9.89841
            ],
            [
              -63.20694,
              9.89814
            ],
            [
              -63.20433,
              9.89853
            ],
            [
              -63.20355,
              9.89888
            ],
            [
              -63.20148,
              9.89971
            ],
            [
              -63.19912,
              9.89978
            ],
            [
              -63.19774,
              9.89876
            ],
            [
              -63.19647,
              9.89882
            ],
            [
              -63.1955,
              9.899
            ],
            [
              -63.19413,
              9.89968
            ],
            [
              -63.19232,
              9.89957
            ],
            [
              -63.19063,
              9.89913
            ],
            [
              -63.18978,
              9.89858
            ],
            [
              -63.18871,
              9.8985
            ],
            [
              -63.18771,
              9.8985
            ],
            [
              -63.18634,
              9.89833
            ],
            [
              -63.18529,
              9.89804
            ],
            [
              -63.18453,
              9.89696
            ],
            [
              -63.18382,
              9.89631
            ],
            [
              -63.18236,
              9.89635
            ],
            [
              -63.18082,
              9.89678
            ],
            [
              -63.1795,
              9.89767
            ],
            [
              -63.17761,
              9.89733
            ],
            [
              -63.17695,
              9.89695
            ],
            [
              -63.17612,
              9.89626
            ],
            [
              -63.17524,
              9.8956
            ],
            [
              -63.17422,
              9.8956
            ],
            [
              -63.17347,
              9.89562
            ],
            [
              -63.1723,
              9.89582
            ],
            [
              -63.17135,
              9.89609
            ],
            [
              -63.17042,
              9.89518
            ],
            [
              -63.16909,
              9.89579
            ],
            [
              -63.16846,
              9.89539
            ],
            [
              -63.16751,
              9.89556
            ],
            [
              -63.1665,
              9.89577
            ],
            [
              -63.16542,
              9.89655
            ],
            [
              -63.16404,
              9.89654
            ],
            [
              -63.16312,
              9.89678
            ],
            [
              -63.16231,
              9.89691
            ],
            [
              -63.16145,
              9.89684
            ],
            [
              -63.16059,
              9.89691
            ],
            [
              -63.16053,
              9.89719
            ],
            [
              -63.1594,
              9.89733
            ],
            [
              -63.15787,
              9.89733
            ],
            [
              -63.15644,
              9.89705
            ],
            [
              -63.15553,
              9.89742
            ],
            [
              -63.15566,
              9.89808
            ],
            [
              -63.15504,
              9.89823
            ],
            [
              -63.15378,
              9.89879
            ],
            [
              -63.1526,
              9.89977
            ],
            [
              -63.1516,
              9.90037
            ],
            [
              -63.15046,
              9.90081
            ],
            [
              -63.14933,
              9.90031
            ],
            [
              -63.14844,
              9.90013
            ],
            [
              -63.14844,
              9.89953
            ],
            [
              -63.14808,
              9.89892
            ],
            [
              -63.14663,
              9.89869
            ],
            [
              -63.14623,
              9.89909
            ],
            [
              -63.1464,
              9.90021
            ],
            [
              -63.1463,
              9.90076
            ],
            [
              -63.14563,
              9.90074
            ],
            [
              -63.14545,
              9.90007
            ],
            [
              -63.1452,
              9.89971
            ],
            [
              -63.14424,
              9.90024
            ],
            [
              -63.14351,
              9.90045
            ],
            [
              -63.14257,
              9.90075
            ],
            [
              -63.14166,
              9.90057
            ],
            [
              -63.14157,
              9.90144
            ],
            [
              -63.14111,
              9.90161
            ],
            [
              -63.13991,
              9.90176
            ],
            [
              -63.13966,
              9.90271
            ],
            [
              -63.13883,
              9.90303
            ],
            [
              -63.13825,
              9.90224
            ],
            [
              -63.13859,
              9.90207
            ],
            [
              -63.13809,
              9.9008
            ],
            [
              -63.13726,
              9.90082
            ],
            [
              -63.13545,
              9.90083
            ],
            [
              -63.13486,
              9.90146
            ],
            [
              -63.13417,
              9.90162
            ],
            [
              -63.13303,
              9.90153
            ],
            [
              -63.13341,
              9.90258
            ],
            [
              -63.13242,
              9.90286
            ],
            [
              -63.13263,
              9.90145
            ],
            [
              -63.13258,
              9.90058
            ],
            [
              -63.13172,
              9.90042
            ],
            [
              -63.13104,
              9.90003
            ],
            [
              -63.13002,
              9.89952
            ],
            [
              -63.12965,
              9.89873
            ],
            [
              -63.12904,
              9.89843
            ],
            [
              -63.12821,
              9.89783
            ],
            [
              -63.1274,
              9.89723
            ],
            [
              -63.12697,
              9.89671
            ],
            [
              -63.12683,
              9.89663
            ],
            [
              -63.12615,
              9.89648
            ],
            [
              -63.12589,
              9.89541
            ],
            [
              -63.12515,
              9.89479
            ],
            [
              -63.12444,
              9.89499
            ],
            [
              -63.12455,
              9.89581
            ],
            [
              -63.12383,
              9.89654
            ],
            [
              -63.1223,
              9.89723
            ],
            [
              -63.12239,
              9.89624
            ],
            [
              -63.12124,
              9.89526
            ],
            [
              -63.12063,
              9.89505
            ],
            [
              -63.11995,
              9.89463
            ],
            [
              -63.11946,
              9.8945
            ],
            [
              -63.11882,
              9.89425
            ],
            [
              -63.11806,
              9.89353
            ],
            [
              -63.11682,
              9.89317
            ],
            [
              -63.11609,
              9.89354
            ],
            [
              -63.11528,
              9.89365
            ],
            [
              -63.11373,
              9.89401
            ],
            [
              -63.1126,
              9.89409
            ],
            [
              -63.11156,
              9.89416
            ],
            [
              -63.11068,
              9.89414
            ],
            [
              -63.10928,
              9.8934
            ],
            [
              -63.10863,
              9.89314
            ],
            [
              -63.10735,
              9.89299
            ],
            [
              -63.10669,
              9.89282
            ],
            [
              -63.10638,
              9.89244
            ],
            [
              -63.10548,
              9.89194
            ],
            [
              -63.1049,
              9.89198
            ],
            [
              -63.1041,
              9.89138
            ],
            [
              -63.1034,
              9.89071
            ],
            [
              -63.10224,
              9.89065
            ],
            [
              -63.10175,
              9.89034
            ],
            [
              -63.1004,
              9.89019
            ],
            [
              -63.09995,
              9.89018
            ],
            [
              -63.09957,
              9.88964
            ],
            [
              -63.09934,
              9.88919
            ],
            [
              -63.09872,
              9.88851
            ],
            [
              -63.09857,
              9.88808
            ],
            [
              -63.09842,
              9.88763
            ],
            [
              -63.09726,
              9.88711
            ],
            [
              -63.09583,
              9.88793
            ],
            [
              -63.09472,
              9.88805
            ],
            [
              -63.0933,
              9.88781
            ],
            [
              -63.09234,
              9.88781
            ],
            [
              -63.09141,
              9.88827
            ],
            [
              -63.09065,
              9.88843
            ],
            [
              -63.09054,
              9.88788
            ],
            [
              -63.09014,
              9.88709
            ],
            [
              -63.08974,
              9.88614
            ],
            [
              -63.09011,
              9.88532
            ],
            [
              -63.0898,
              9.88437
            ],
            [
              -63.08897,
              9.88453
            ],
            [
              -63.08798,
              9.88552
            ],
            [
              -63.08642,
              9.88462
            ],
            [
              -63.08561,
              9.88379
            ],
            [
              -63.08459,
              9.88315
            ],
            [
              -63.08312,
              9.88269
            ],
            [
              -63.08181,
              9.88307
            ],
            [
              -63.08119,
              9.88336
            ],
            [
              -63.08119,
              9.88338
            ],
            [
              -63.07986,
              9.88374
            ],
            [
              -63.06894,
              9.88151
            ],
            [
              -63.05873,
              9.87832
            ],
            [
              -63.05873,
              9.87842
            ],
            [
              -63.05832,
              9.87898
            ],
            [
              -63.05782,
              9.87998
            ],
            [
              -63.05751,
              9.88107
            ],
            [
              -63.05749,
              9.88199
            ],
            [
              -63.0579,
              9.88246
            ],
            [
              -63.05747,
              9.88293
            ],
            [
              -63.05751,
              9.88357
            ],
            [
              -63.05805,
              9.88372
            ],
            [
              -63.0586,
              9.88368
            ],
            [
              -63.05829,
              9.88463
            ],
            [
              -63.05786,
              9.88588
            ],
            [
              -63.05687,
              9.88681
            ],
            [
              -63.05564,
              9.88776
            ],
            [
              -63.05556,
              9.88879
            ],
            [
              -63.05634,
              9.8901
            ],
            [
              -63.05614,
              9.89121
            ],
            [
              -63.05507,
              9.89122
            ],
            [
              -63.05453,
              9.89158
            ],
            [
              -63.05378,
              9.89233
            ],
            [
              -63.05352,
              9.89362
            ],
            [
              -63.05416,
              9.89402
            ],
            [
              -63.05469,
              9.89476
            ],
            [
              -63.05387,
              9.89511
            ],
            [
              -63.05354,
              9.89569
            ],
            [
              -63.054,
              9.89634
            ],
            [
              -62.98792,
              9.99729
            ],
            [
              -62.96046,
              10.03812
            ],
            [
              -62.94982,
              10.05394
            ],
            [
              -62.94305,
              10.06401
            ],
            [
              -62.93712,
              10.07282
            ],
            [
              -62.93577,
              10.07507
            ],
            [
              -62.93573,
              10.07501
            ],
            [
              -62.93304,
              10.07451
            ],
            [
              -62.92938,
              10.07659
            ],
            [
              -62.92441,
              10.08188
            ],
            [
              -62.9188,
              10.08774
            ],
            [
              -62.91597,
              10.08922
            ],
            [
              -62.90742,
              10.09281
            ],
            [
              -62.90019,
              10.09361
            ],
            [
              -62.89689,
              10.09247
            ],
            [
              -62.89309,
              10.08271
            ],
            [
              -62.89228,
              10.07696
            ],
            [
              -62.89367,
              10.07055
            ],
            [
              -62.899,
              10.06106
            ],
            [
              -62.89861,
              10.05755
            ],
            [
              -62.89482,
              10.05519
            ],
            [
              -62.88697,
              10.0529
            ],
            [
              -62.87796,
              10.05061
            ],
            [
              -62.87072,
              10.0501
            ],
            [
              -62.86578,
              10.05028
            ],
            [
              -62.86152,
              10.05266
            ],
            [
              -62.85799,
              10.05801
            ],
            [
              -62.85696,
              10.06296
            ],
            [
              -62.85635,
              10.06735
            ],
            [
              -62.85626,
              10.07369
            ],
            [
              -62.85445,
              10.07575
            ],
            [
              -62.84973,
              10.07763
            ],
            [
              -62.84487,
              10.07662
            ],
            [
              -62.83829,
              10.07213
            ],
            [
              -62.83558,
              10.06782
            ],
            [
              -62.8357,
              10.06049
            ],
            [
              -62.83492,
              10.05147
            ],
            [
              -62.83416,
              10.04666
            ],
            [
              -62.83017,
              10.04009
            ],
            [
              -62.82601,
              10.03672
            ],
            [
              -62.82124,
              10.03406
            ],
            [
              -62.81549,
              10.03381
            ],
            [
              -62.80653,
              10.03311
            ],
            [
              -62.8005,
              10.03272
            ],
            [
              -62.79491,
              10.03331
            ],
            [
              -62.78927,
              10.03319
            ],
            [
              -62.78682,
              10.03492
            ],
            [
              -62.78997,
              10.04458
            ],
            [
              -62.78962,
              10.0532
            ],
            [
              -62.78647,
              10.06286
            ],
            [
              -62.78331,
              10.06941
            ],
            [
              -62.77526,
              10.07769
            ],
            [
              -62.76895,
              10.08183
            ],
            [
              -62.76054,
              10.0839
            ],
            [
              -62.75284,
              10.08459
            ],
            [
              -62.74863,
              10.08321
            ],
            [
              -62.74548,
              10.07873
            ],
            [
              -62.73952,
              10.06803
            ],
            [
              -62.73287,
              10.06079
            ],
            [
              -62.72831,
              10.05872
            ],
            [
              -62.71921,
              10.05803
            ],
            [
              -62.70484,
              10.05803
            ],
            [
              -62.68908,
              10.06286
            ],
            [
              -62.68102,
              10.0632
            ],
            [
              -62.67471,
              10.0632
            ],
            [
              -62.66876,
              10.06562
            ],
            [
              -62.6565,
              10.07183
            ],
            [
              -62.64143,
              10.08494
            ],
            [
              -62.62707,
              10.09597
            ],
            [
              -62.61551,
              10.10115
            ],
            [
              -62.61096,
              10.10632
            ],
            [
              -62.6092,
              10.1115
            ],
            [
              -62.6092,
              10.11909
            ],
            [
              -62.61271,
              10.13185
            ],
            [
              -62.61866,
              10.15393
            ],
            [
              -62.63303,
              10.20118
            ],
            [
              -62.63548,
              10.22154
            ],
            [
              -62.63548,
              10.24085
            ],
            [
              -62.63479,
              10.24494
            ],
            [
              -62.63373,
              10.2512
            ],
            [
              -62.63285,
              10.25451
            ],
            [
              -62.63163,
              10.25914
            ],
            [
              -62.63143,
              10.26648
            ],
            [
              -62.6314,
              10.26743
            ],
            [
              -62.6,
              10.24274
            ],
            [
              -62.56886,
              10.23145
            ],
            [
              -62.55477,
              10.22321
            ],
            [
              -62.53916,
              10.21708
            ],
            [
              -62.52434,
              10.20511
            ],
            [
              -62.5169,
              10.19703
            ],
            [
              -62.50737,
              10.18756
            ],
            [
              -62.49756,
              10.17865
            ],
            [
              -62.49031,
              10.16302
            ],
            [
              -62.48495,
              10.14366
            ],
            [
              -62.47998,
              10.12575
            ],
            [
              -62.46687,
              10.09099
            ],
            [
              -62.46229,
              10.07213
            ],
            [
              -62.46072,
              10.05259
            ],
            [
              -62.44963,
              10.03836
            ],
            [
              -62.44042,
              10.02171
            ],
            [
              -62.43476,
              9.99727
            ],
            [
              -62.34816,
              9.99529
            ],
            [
              -62.32882,
              9.99485
            ],
            [
              -62.31418,
              9.99452
            ],
            [
              -62.29292,
              9.99403
            ],
            [
              -62.29673,
              9.98411
            ],
            [
              -62.29833,
              9.97776
            ],
            [
              -62.29839,
              9.9775
            ],
            [
              -62.30078,
              9.97231
            ],
            [
              -62.30125,
              9.96782
            ],
            [
              -62.30124,
              9.9631
            ],
            [
              -62.30075,
              9.95766
            ],
            [
              -62.29907,
              9.95458
            ],
            [
              -62.29763,
              9.95316
            ],
            [
              -62.29523,
              9.95268
            ],
            [
              -62.28459,
              9.94059
            ],
            [
              -62.28252,
              9.93824
            ],
            [
              -62.28802,
              9.93589
            ],
            [
              -62.29017,
              9.93471
            ],
            [
              -62.29086,
              9.93403
            ],
            [
              -62.29137,
              9.93353
            ],
            [
              -62.29256,
              9.93141
            ],
            [
              -62.2928,
              9.93046
            ],
            [
              -62.29638,
              9.92409
            ],
            [
              -62.29995,
              9.91559
            ],
            [
              -62.30257,
              9.90828
            ],
            [
              -62.30612,
              9.88654
            ],
            [
              -62.30849,
              9.87237
            ],
            [
              -62.31037,
              9.85678
            ],
            [
              -62.31034,
              9.83953
            ],
            [
              -62.31009,
              9.8341
            ],
            [
              -62.31032,
              9.82984
            ],
            [
              -62.31319,
              9.82607
            ],
            [
              -62.31868,
              9.81947
            ],
            [
              -62.31987,
              9.81687
            ],
            [
              -62.32058,
              9.81309
            ],
            [
              -62.32033,
              9.80955
            ],
            [
              -62.31937,
              9.806
            ],
            [
              -62.31577,
              9.80103
            ],
            [
              -62.31002,
              9.79605
            ],
            [
              -62.30019,
              9.78587
            ],
            [
              -62.29562,
              9.77687
            ],
            [
              -62.29537,
              9.76978
            ],
            [
              -62.29415,
              9.7582
            ],
            [
              -62.29629,
              9.74946
            ],
            [
              -62.29628,
              9.74403
            ],
            [
              -62.29628,
              9.74167
            ],
            [
              -62.29627,
              9.74025
            ],
            [
              -62.29531,
              9.73883
            ],
            [
              -62.30021,
              9.73397
            ],
            [
              -62.30087,
              9.73593
            ],
            [
              -62.30253,
              9.73887
            ],
            [
              -62.30615,
              9.73366
            ],
            [
              -62.31176,
              9.72878
            ],
            [
              -62.31439,
              9.72358
            ],
            [
              -62.31603,
              9.71967
            ],
            [
              -62.318,
              9.71511
            ],
            [
              -62.31899,
              9.71283
            ],
            [
              -62.32495,
              9.72067
            ],
            [
              -62.32494,
              9.71839
            ],
            [
              -62.32593,
              9.71611
            ],
            [
              -62.32955,
              9.71286
            ],
            [
              -62.33318,
              9.70895
            ],
            [
              -62.3368,
              9.70472
            ],
            [
              -62.33911,
              9.70277
            ],
            [
              -62.34109,
              9.70278
            ],
            [
              -62.34208,
              9.70343
            ],
            [
              -62.34835,
              9.70084
            ],
            [
              -62.35165,
              9.70085
            ],
            [
              -62.35627,
              9.69728
            ],
            [
              -62.3589,
              9.69402
            ],
            [
              -62.35989,
              9.69272
            ],
            [
              -62.36022,
              9.69109
            ],
            [
              -62.36021,
              9.68881
            ],
            [
              -62.35922,
              9.6875
            ],
            [
              -62.35367,
              9.67561
            ],
            [
              -62.35291,
              9.67392
            ],
            [
              -62.35348,
              9.67185
            ],
            [
              -62.35404,
              9.66715
            ],
            [
              -62.35307,
              9.65982
            ],
            [
              -62.35192,
              9.65624
            ],
            [
              -62.35058,
              9.65247
            ],
            [
              -62.35057,
              9.64664
            ],
            [
              -62.35342,
              9.64026
            ],
            [
              -62.35513,
              9.63819
            ],
            [
              -62.35893,
              9.63651
            ],
            [
              -62.36122,
              9.6352
            ],
            [
              -62.36578,
              9.63126
            ],
            [
              -62.37091,
              9.62375
            ],
            [
              -62.37396,
              9.62188
            ],
            [
              -62.37586,
              9.62169
            ],
            [
              -62.37815,
              9.62226
            ],
            [
              -62.37948,
              9.62283
            ],
            [
              -62.38691,
              9.62304
            ],
            [
              -62.38956,
              9.61533
            ],
            [
              -62.39336,
              9.61083
            ],
            [
              -62.40667,
              9.59638
            ],
            [
              -62.41085,
              9.59207
            ],
            [
              -62.41408,
              9.5885
            ],
            [
              -62.41446,
              9.58568
            ],
            [
              -62.41445,
              9.58418
            ],
            [
              -62.41388,
              9.58342
            ],
            [
              -62.41312,
              9.58248
            ],
            [
              -62.41197,
              9.58191
            ],
            [
              -62.43138,
              9.55565
            ],
            [
              -62.43408,
              9.552
            ],
            [
              -62.43962,
              9.5447
            ],
            [
              -62.4419,
              9.52826
            ],
            [
              -62.44326,
              9.51136
            ],
            [
              -62.44417,
              9.5004
            ],
            [
              -62.4423,
              9.49171
            ],
            [
              -62.43627,
              9.48439
            ],
            [
              -62.4284,
              9.48117
            ],
            [
              -62.41915,
              9.4816
            ],
            [
              -62.40619,
              9.4802
            ],
            [
              -62.40285,
              9.47934
            ],
            [
              -62.40037,
              9.47834
            ],
            [
              -62.39832,
              9.47686
            ],
            [
              -62.3982,
              9.47584
            ],
            [
              -62.39803,
              9.47427
            ],
            [
              -62.39958,
              9.47424
            ],
            [
              -62.40181,
              9.47418
            ],
            [
              -62.39901,
              9.46257
            ],
            [
              -62.40118,
              9.45155
            ],
            [
              -62.40842,
              9.4272
            ],
            [
              -62.41073,
              9.41372
            ],
            [
              -62.40893,
              9.40808
            ],
            [
              -62.4015,
              9.40308
            ],
            [
              -62.39405,
              9.39892
            ],
            [
              -62.38367,
              9.39448
            ],
            [
              -62.37752,
              9.39231
            ],
            [
              -62.37348,
              9.3903
            ],
            [
              -62.37301,
              9.39006
            ],
            [
              -62.37171,
              9.38952
            ],
            [
              -62.37187,
              9.38945
            ],
            [
              -62.38285,
              9.38502
            ],
            [
              -62.38642,
              9.38354
            ],
            [
              -62.40516,
              9.37578
            ],
            [
              -62.41852,
              9.37025
            ],
            [
              -62.45924,
              9.35338
            ],
            [
              -62.45997,
              9.35193
            ],
            [
              -62.46091,
              9.3511
            ],
            [
              -62.46251,
              9.34952
            ],
            [
              -62.46411,
              9.34786
            ],
            [
              -62.46537,
              9.34701
            ],
            [
              -62.46684,
              9.3459
            ],
            [
              -62.46814,
              9.34439
            ],
            [
              -62.47029,
              9.34275
            ],
            [
              -62.47159,
              9.33979
            ],
            [
              -62.47425,
              9.3388
            ],
            [
              -62.47652,
              9.33789
            ],
            [
              -62.48035,
              9.33699
            ],
            [
              -62.48156,
              9.33621
            ],
            [
              -62.48284,
              9.33469
            ],
            [
              -62.48396,
              9.33296
            ],
            [
              -62.48631,
              9.33137
            ],
            [
              -62.4881,
              9.33011
            ],
            [
              -62.48979,
              9.32866
            ],
            [
              -62.4916,
              9.32783
            ],
            [
              -62.49481,
              9.32633
            ],
            [
              -62.49673,
              9.32462
            ],
            [
              -62.49764,
              9.32292
            ],
            [
              -62.49819,
              9.32138
            ],
            [
              -62.49913,
              9.32053
            ],
            [
              -62.49922,
              9.32028
            ],
            [
              -62.50083,
              9.31689
            ],
            [
              -62.50303,
              9.31627
            ],
            [
              -62.50468,
              9.31535
            ],
            [
              -62.50595,
              9.31465
            ],
            [
              -62.50651,
              9.31296
            ],
            [
              -62.50736,
              9.3108
            ],
            [
              -62.50769,
              9.30856
            ],
            [
              -62.50832,
              9.30693
            ],
            [
              -62.50745,
              9.3057
            ],
            [
              -62.50694,
              9.30396
            ],
            [
              -62.50632,
              9.30208
            ],
            [
              -62.50561,
              9.30012
            ],
            [
              -62.50508,
              9.2987
            ],
            [
              -62.50498,
              9.29741
            ],
            [
              -62.50484,
              9.2951
            ],
            [
              -62.50412,
              9.29297
            ],
            [
              -62.50403,
              9.29143
            ],
            [
              -62.50393,
              9.28996
            ],
            [
              -62.50478,
              9.28789
            ],
            [
              -62.50603,
              9.28558
            ],
            [
              -62.50519,
              9.28462
            ],
            [
              -62.5041,
              9.28424
            ],
            [
              -62.50286,
              9.28288
            ],
            [
              -62.50203,
              9.28161
            ],
            [
              -62.50131,
              9.2806
            ],
            [
              -62.50175,
              9.27883
            ],
            [
              -62.5029,
              9.27815
            ],
            [
              -62.5046,
              9.27733
            ],
            [
              -62.50742,
              9.27727
            ],
            [
              -62.50867,
              9.27698
            ],
            [
              -62.50917,
              9.27601
            ],
            [
              -62.50937,
              9.2755
            ],
            [
              -62.50935,
              9.27378
            ],
            [
              -62.50952,
              9.27206
            ],
            [
              -62.50946,
              9.27061
            ],
            [
              -62.51007,
              9.26941
            ],
            [
              -62.51007,
              9.2673
            ],
            [
              -62.50976,
              9.26629
            ],
            [
              -62.50941,
              9.26361
            ],
            [
              -62.511,
              9.26336
            ],
            [
              -62.51274,
              9.26387
            ],
            [
              -62.51471,
              9.26412
            ],
            [
              -62.51557,
              9.26668
            ],
            [
              -62.51685,
              9.26756
            ],
            [
              -62.51962,
              9.27132
            ],
            [
              -62.51965,
              9.27263
            ],
            [
              -62.52102,
              9.27245
            ],
            [
              -62.52219,
              9.27145
            ],
            [
              -62.52403,
              9.27048
            ],
            [
              -62.52586,
              9.27083
            ],
            [
              -62.52676,
              9.271
            ],
            [
              -62.52735,
              9.27169
            ],
            [
              -62.52775,
              9.27235
            ],
            [
              -62.52967,
              9.27255
            ],
            [
              -62.53166,
              9.27278
            ],
            [
              -62.53357,
              9.2737
            ],
            [
              -62.53595,
              9.27422
            ],
            [
              -62.53735,
              9.27483
            ],
            [
              -62.53826,
              9.27537
            ],
            [
              -62.53936,
              9.2745
            ],
            [
              -62.53981,
              9.27314
            ],
            [
              -62.54016,
              9.27139
            ],
            [
              -62.54058,
              9.27008
            ],
            [
              -62.54068,
              9.26811
            ],
            [
              -62.54007,
              9.26756
            ],
            [
              -62.53974,
              9.26676
            ],
            [
              -62.53942,
              9.265
            ],
            [
              -62.53915,
              9.26358
            ],
            [
              -62.53885,
              9.26206
            ],
            [
              -62.5399,
              9.25806
            ],
            [
              -62.54,
              9.25645
            ],
            [
              -62.54075,
              9.25545
            ],
            [
              -62.54129,
              9.25402
            ],
            [
              -62.54337,
              9.25393
            ],
            [
              -62.54522,
              9.25414
            ],
            [
              -62.54703,
              9.25432
            ],
            [
              -62.54791,
              9.25417
            ],
            [
              -62.54827,
              9.25343
            ],
            [
              -62.54861,
              9.25256
            ],
            [
              -62.54885,
              9.25157
            ],
            [
              -62.54941,
              9.25032
            ],
            [
              -62.54977,
              9.24866
            ],
            [
              -62.54986,
              9.2468
            ],
            [
              -62.55054,
              9.24505
            ],
            [
              -62.55172,
              9.24329
            ],
            [
              -62.55134,
              9.24208
            ],
            [
              -62.55085,
              9.23999
            ],
            [
              -62.54959,
              9.23911
            ],
            [
              -62.54871,
              9.2385
            ],
            [
              -62.54717,
              9.23767
            ],
            [
              -62.54615,
              9.23709
            ],
            [
              -62.54549,
              9.23622
            ],
            [
              -62.5453,
              9.23556
            ],
            [
              -62.54482,
              9.23423
            ],
            [
              -62.54476,
              9.23226
            ],
            [
              -62.54537,
              9.23085
            ],
            [
              -62.54626,
              9.22981
            ],
            [
              -62.54668,
              9.22872
            ],
            [
              -62.5472,
              9.22755
            ],
            [
              -62.5474,
              9.22607
            ],
            [
              -62.5471,
              9.22468
            ],
            [
              -62.5466,
              9.2231
            ],
            [
              -62.54661,
              9.22213
            ],
            [
              -62.54615,
              9.21982
            ],
            [
              -62.54546,
              9.21841
            ],
            [
              -62.54428,
              9.21808
            ],
            [
              -62.54292,
              9.21816
            ],
            [
              -62.54266,
              9.21757
            ],
            [
              -62.54186,
              9.21657
            ],
            [
              -62.54155,
              9.21588
            ],
            [
              -62.54101,
              9.21474
            ],
            [
              -62.54018,
              9.21291
            ],
            [
              -62.53925,
              9.21256
            ],
            [
              -62.54141,
              9.21177
            ],
            [
              -62.54275,
              9.2115
            ],
            [
              -62.5427,
              9.211
            ],
            [
              -62.54214,
              9.21009
            ],
            [
              -62.54168,
              9.20821
            ],
            [
              -62.54267,
              9.20806
            ],
            [
              -62.54349,
              9.20895
            ],
            [
              -62.54423,
              9.20921
            ],
            [
              -62.54508,
              9.2089
            ],
            [
              -62.54582,
              9.20828
            ],
            [
              -62.54616,
              9.20767
            ],
            [
              -62.54734,
              9.20778
            ],
            [
              -62.54802,
              9.2085
            ],
            [
              -62.54865,
              9.20909
            ],
            [
              -62.55004,
              9.20979
            ],
            [
              -62.55158,
              9.21069
            ],
            [
              -62.55367,
              9.21149
            ],
            [
              -62.55493,
              9.21225
            ],
            [
              -62.55626,
              9.21171
            ],
            [
              -62.55697,
              9.21055
            ],
            [
              -62.55676,
              9.20911
            ],
            [
              -62.55764,
              9.2088
            ],
            [
              -62.55842,
              9.21054
            ],
            [
              -62.55857,
              9.21182
            ],
            [
              -62.55986,
              9.21281
            ],
            [
              -62.56079,
              9.21374
            ],
            [
              -62.56153,
              9.21346
            ],
            [
              -62.56163,
              9.21249
            ],
            [
              -62.56167,
              9.21139
            ],
            [
              -62.56238,
              9.21125
            ],
            [
              -62.56398,
              9.2113
            ],
            [
              -62.56546,
              9.211
            ],
            [
              -62.56659,
              9.21064
            ],
            [
              -62.56716,
              9.20999
            ],
            [
              -62.56821,
              9.20934
            ],
            [
              -62.56876,
              9.2083
            ],
            [
              -62.56926,
              9.20731
            ],
            [
              -62.57016,
              9.20748
            ],
            [
              -62.57076,
              9.20736
            ],
            [
              -62.57096,
              9.2069
            ],
            [
              -62.57035,
              9.20621
            ],
            [
              -62.5697,
              9.20576
            ],
            [
              -62.5694,
              9.20531
            ],
            [
              -62.56915,
              9.20395
            ],
            [
              -62.56971,
              9.20269
            ],
            [
              -62.57039,
              9.20139
            ],
            [
              -62.57152,
              9.20034
            ],
            [
              -62.57311,
              9.19973
            ],
            [
              -62.57481,
              9.19959
            ],
            [
              -62.57603,
              9.20066
            ],
            [
              -62.57685,
              9.20159
            ],
            [
              -62.57814,
              9.2015
            ],
            [
              -62.57866,
              9.20191
            ],
            [
              -62.57924,
              9.20271
            ],
            [
              -62.57992,
              9.20355
            ],
            [
              -62.58034,
              9.20357
            ],
            [
              -62.58122,
              9.20356
            ],
            [
              -62.58207,
              9.20359
            ],
            [
              -62.58358,
              9.20376
            ],
            [
              -62.58492,
              9.20344
            ],
            [
              -62.58595,
              9.20277
            ],
            [
              -62.5874,
              9.20396
            ],
            [
              -62.5884,
              9.20466
            ],
            [
              -62.5892,
              9.20381
            ],
            [
              -62.58907,
              9.20241
            ],
            [
              -62.5889,
              9.20163
            ],
            [
              -62.5891,
              9.20112
            ],
            [
              -62.58916,
              9.20038
            ],
            [
              -62.59,
              9.19934
            ],
            [
              -62.59108,
              9.19843
            ],
            [
              -62.5914,
              9.19756
            ],
            [
              -62.59255,
              9.1975
            ],
            [
              -62.59337,
              9.19822
            ],
            [
              -62.59385,
              9.19812
            ],
            [
              -62.59417,
              9.19732
            ],
            [
              -62.59444,
              9.19662
            ],
            [
              -62.59491,
              9.19547
            ],
            [
              -62.59585,
              9.19449
            ],
            [
              -62.59666,
              9.19501
            ],
            [
              -62.59644,
              9.19563
            ],
            [
              -62.59615,
              9.1964
            ],
            [
              -62.59562,
              9.19688
            ],
            [
              -62.59563,
              9.19762
            ],
            [
              -62.59623,
              9.19791
            ],
            [
              -62.59704,
              9.19776
            ],
            [
              -62.59759,
              9.1973
            ],
            [
              -62.59856,
              9.1974
            ],
            [
              -62.59942,
              9.19787
            ],
            [
              -62.60005,
              9.19816
            ],
            [
              -62.60155,
              9.19817
            ],
            [
              -62.60283,
              9.19847
            ],
            [
              -62.60374,
              9.19915
            ],
            [
              -62.60465,
              9.19994
            ],
            [
              -62.60623,
              9.20082
            ],
            [
              -62.60784,
              9.20018
            ],
            [
              -62.60814,
              9.19956
            ],
            [
              -62.60831,
              9.19845
            ],
            [
              -62.60929,
              9.19709
            ],
            [
              -62.61109,
              9.19723
            ],
            [
              -62.61243,
              9.19721
            ],
            [
              -62.61268,
              9.19682
            ],
            [
              -62.61256,
              9.1962
            ],
            [
              -62.61228,
              9.19533
            ],
            [
              -62.6121,
              9.19402
            ],
            [
              -62.61255,
              9.19312
            ],
            [
              -62.61369,
              9.19391
            ],
            [
              -62.6146,
              9.19457
            ],
            [
              -62.61521,
              9.19497
            ],
            [
              -62.61569,
              9.19476
            ],
            [
              -62.61589,
              9.19411
            ],
            [
              -62.61628,
              9.1934
            ],
            [
              -62.61722,
              9.1932
            ],
            [
              -62.61838,
              9.19319
            ],
            [
              -62.61937,
              9.19292
            ],
            [
              -62.6202,
              9.19243
            ],
            [
              -62.62135,
              9.19203
            ],
            [
              -62.62207,
              9.19202
            ],
            [
              -62.62201,
              9.19319
            ],
            [
              -62.62086,
              9.19401
            ],
            [
              -62.62111,
              9.1954
            ],
            [
              -62.62199,
              9.1956
            ],
            [
              -62.62363,
              9.19514
            ],
            [
              -62.62412,
              9.1961
            ],
            [
              -62.62418,
              9.197
            ],
            [
              -62.62345,
              9.19788
            ],
            [
              -62.6227,
              9.19871
            ],
            [
              -62.62361,
              9.19964
            ],
            [
              -62.62629,
              9.19936
            ],
            [
              -62.6278,
              9.20037
            ],
            [
              -62.62854,
              9.20066
            ],
            [
              -62.62991,
              9.20072
            ],
            [
              -62.63191,
              9.20152
            ],
            [
              -62.63329,
              9.20309
            ],
            [
              -62.63548,
              9.20483
            ],
            [
              -62.63649,
              9.20601
            ],
            [
              -62.63756,
              9.20675
            ],
            [
              -62.63876,
              9.20674
            ],
            [
              -62.64038,
              9.20644
            ],
            [
              -62.64225,
              9.20621
            ],
            [
              -62.64349,
              9.20728
            ],
            [
              -62.64359,
              9.20872
            ],
            [
              -62.64333,
              9.21022
            ],
            [
              -62.64383,
              9.21095
            ],
            [
              -62.64513,
              9.21162
            ],
            [
              -62.64633,
              9.21179
            ],
            [
              -62.64802,
              9.21159
            ],
            [
              -62.64943,
              9.21175
            ],
            [
              -62.64937,
              9.21258
            ],
            [
              -62.64797,
              9.21317
            ],
            [
              -62.64856,
              9.21413
            ],
            [
              -62.64956,
              9.21499
            ],
            [
              -62.64997,
              9.21469
            ],
            [
              -62.65024,
              9.21383
            ],
            [
              -62.65119,
              9.21389
            ],
            [
              -62.65155,
              9.2148
            ],
            [
              -62.65276,
              9.21552
            ],
            [
              -62.65413,
              9.21606
            ],
            [
              -62.65568,
              9.21673
            ],
            [
              -62.65705,
              9.21634
            ],
            [
              -62.659,
              9.21565
            ],
            [
              -62.66018,
              9.21546
            ],
            [
              -62.66171,
              9.21578
            ],
            [
              -62.66186,
              9.21688
            ],
            [
              -62.66141,
              9.2182
            ],
            [
              -62.6608,
              9.21956
            ],
            [
              -62.66111,
              9.22024
            ],
            [
              -62.66285,
              9.22047
            ],
            [
              -62.66301,
              9.22079
            ],
            [
              -62.66309,
              9.22141
            ],
            [
              -62.66308,
              9.2224
            ],
            [
              -62.66288,
              9.22357
            ],
            [
              -62.66258,
              9.225
            ],
            [
              -62.66328,
              9.22598
            ],
            [
              -62.66366,
              9.22673
            ],
            [
              -62.66318,
              9.2274
            ],
            [
              -62.66332,
              9.22782
            ],
            [
              -62.66414,
              9.22886
            ],
            [
              -62.66464,
              9.23003
            ],
            [
              -62.66572,
              9.23157
            ],
            [
              -62.66632,
              9.23308
            ],
            [
              -62.66615,
              9.23419
            ],
            [
              -62.66499,
              9.23457
            ],
            [
              -62.66309,
              9.23432
            ],
            [
              -62.66236,
              9.23451
            ],
            [
              -62.66243,
              9.23529
            ],
            [
              -62.66357,
              9.23567
            ],
            [
              -62.66527,
              9.23608
            ],
            [
              -62.66685,
              9.23712
            ],
            [
              -62.66857,
              9.23781
            ],
            [
              -62.66998,
              9.23781
            ],
            [
              -62.67122,
              9.23667
            ],
            [
              -62.67113,
              9.23541
            ],
            [
              -62.67223,
              9.23469
            ],
            [
              -62.67367,
              9.23501
            ],
            [
              -62.67449,
              9.23611
            ],
            [
              -62.67393,
              9.2371
            ],
            [
              -62.6739,
              9.23878
            ],
            [
              -62.67469,
              9.23966
            ],
            [
              -62.67559,
              9.23873
            ],
            [
              -62.67699,
              9.23768
            ],
            [
              -62.67764,
              9.23643
            ],
            [
              -62.67833,
              9.23578
            ],
            [
              -62.67905,
              9.23644
            ],
            [
              -62.6787,
              9.23773
            ],
            [
              -62.67836,
              9.23863
            ],
            [
              -62.67899,
              9.23885
            ],
            [
              -62.67984,
              9.23859
            ],
            [
              -62.68091,
              9.23869
            ],
            [
              -62.68194,
              9.23801
            ],
            [
              -62.68294,
              9.23823
            ],
            [
              -62.68319,
              9.24015
            ],
            [
              -62.68332,
              9.24174
            ],
            [
              -62.68411,
              9.24221
            ],
            [
              -62.68535,
              9.24157
            ],
            [
              -62.68673,
              9.24075
            ],
            [
              -62.68766,
              9.24079
            ],
            [
              -62.6876,
              9.24393
            ],
            [
              -62.68709,
              9.24557
            ],
            [
              -62.68793,
              9.24689
            ],
            [
              -62.68878,
              9.2464
            ],
            [
              -62.6891,
              9.2455
            ],
            [
              -62.69078,
              9.24525
            ],
            [
              -62.69217,
              9.24549
            ],
            [
              -62.69473,
              9.24474
            ],
            [
              -62.69491,
              9.24387
            ],
            [
              -62.69658,
              9.24256
            ],
            [
              -62.69655,
              9.24155
            ],
            [
              -62.69796,
              9.24199
            ],
            [
              -62.69809,
              9.24298
            ],
            [
              -62.69917,
              9.24446
            ],
            [
              -62.70035,
              9.2443
            ],
            [
              -62.70173,
              9.2442
            ],
            [
              -62.70276,
              9.24324
            ],
            [
              -62.70363,
              9.24192
            ],
            [
              -62.7044,
              9.24014
            ],
            [
              -62.70491,
              9.24035
            ],
            [
              -62.70515,
              9.24131
            ],
            [
              -62.70624,
              9.2421
            ],
            [
              -62.70757,
              9.24279
            ],
            [
              -62.70845,
              9.24257
            ],
            [
              -62.70941,
              9.24231
            ],
            [
              -62.7102,
              9.24191
            ],
            [
              -62.71074,
              9.24119
            ],
            [
              -62.71155,
              9.24054
            ],
            [
              -62.71246,
              9.23929
            ],
            [
              -62.71377,
              9.23854
            ],
            [
              -62.71487,
              9.2376
            ],
            [
              -62.71633,
              9.23639
            ],
            [
              -62.7174,
              9.23489
            ],
            [
              -62.71865,
              9.23499
            ],
            [
              -62.71942,
              9.23557
            ],
            [
              -62.72015,
              9.23646
            ],
            [
              -62.72177,
              9.23626
            ],
            [
              -62.72319,
              9.23525
            ],
            [
              -62.72467,
              9.23525
            ],
            [
              -62.72565,
              9.23598
            ],
            [
              -62.72566,
              9.23678
            ],
            [
              -62.72668,
              9.23757
            ],
            [
              -62.72815,
              9.23808
            ],
            [
              -62.72924,
              9.23894
            ],
            [
              -62.72979,
              9.23978
            ],
            [
              -62.73043,
              9.24125
            ],
            [
              -62.73058,
              9.24244
            ],
            [
              -62.72985,
              9.24353
            ],
            [
              -62.73048,
              9.24444
            ],
            [
              -62.73128,
              9.24528
            ],
            [
              -62.73189,
              9.24616
            ],
            [
              -62.73329,
              9.24729
            ],
            [
              -62.73407,
              9.24855
            ],
            [
              -62.73516,
              9.24863
            ],
            [
              -62.73644,
              9.24765
            ],
            [
              -62.73747,
              9.24676
            ],
            [
              -62.73886,
              9.24654
            ],
            [
              -62.74007,
              9.24703
            ],
            [
              -62.74117,
              9.24697
            ],
            [
              -62.74251,
              9.24665
            ],
            [
              -62.74408,
              9.24629
            ],
            [
              -62.74486,
              9.24536
            ],
            [
              -62.74645,
              9.24522
            ],
            [
              -62.74849,
              9.24508
            ],
            [
              -62.74958,
              9.24383
            ],
            [
              -62.75004,
              9.24302
            ],
            [
              -62.75046,
              9.2421
            ],
            [
              -62.7518,
              9.24125
            ],
            [
              -62.75265,
              9.2409
            ],
            [
              -62.75338,
              9.2405
            ],
            [
              -62.75458,
              9.24023
            ],
            [
              -62.75523,
              9.23992
            ],
            [
              -62.75647,
              9.2395
            ],
            [
              -62.7576,
              9.23875
            ],
            [
              -62.75895,
              9.23777
            ],
            [
              -62.76065,
              9.23708
            ],
            [
              -62.76305,
              9.23675
            ],
            [
              -62.76481,
              9.23641
            ],
            [
              -62.76628,
              9.23554
            ],
            [
              -62.76752,
              9.23456
            ],
            [
              -62.76825,
              9.23377
            ],
            [
              -62.76833,
              9.23246
            ],
            [
              -62.76856,
              9.23066
            ],
            [
              -62.76838,
              9.22904
            ],
            [
              -62.76924,
              9.22749
            ],
            [
              -62.77053,
              9.22687
            ],
            [
              -62.77098,
              9.22629
            ],
            [
              -62.77137,
              9.22526
            ],
            [
              -62.77159,
              9.22436
            ],
            [
              -62.77162,
              9.22319
            ],
            [
              -62.77293,
              9.22221
            ],
            [
              -62.77298,
              9.22092
            ],
            [
              -62.77361,
              9.2196
            ],
            [
              -62.77534,
              9.2188
            ],
            [
              -62.77733,
              9.21898
            ],
            [
              -62.77884,
              9.21963
            ],
            [
              -62.78053,
              9.21814
            ],
            [
              -62.78046,
              9.21589
            ],
            [
              -62.77994,
              9.21463
            ],
            [
              -62.77965,
              9.21326
            ],
            [
              -62.77956,
              9.21161
            ],
            [
              -62.77975,
              9.21011
            ],
            [
              -62.77997,
              9.20926
            ],
            [
              -62.78089,
              9.20872
            ],
            [
              -62.78188,
              9.20816
            ],
            [
              -62.78316,
              9.2069
            ],
            [
              -62.78484,
              9.20644
            ],
            [
              -62.7854,
              9.20662
            ],
            [
              -62.78608,
              9.20746
            ],
            [
              -62.78711,
              9.20683
            ],
            [
              -62.78761,
              9.20588
            ],
            [
              -62.78825,
              9.20491
            ],
            [
              -62.78923,
              9.20386
            ],
            [
              -62.79002,
              9.20263
            ],
            [
              -62.7916,
              9.20087
            ],
            [
              -62.79253,
              9.19948
            ],
            [
              -62.79323,
              9.19821
            ],
            [
              -62.79394,
              9.19691
            ],
            [
              -62.79427,
              9.19606
            ],
            [
              -62.79514,
              9.1952
            ],
            [
              -62.79571,
              9.19425
            ],
            [
              -62.79616,
              9.19309
            ],
            [
              -62.79653,
              9.19151
            ],
            [
              -62.79682,
              9.18983
            ],
            [
              -62.79674,
              9.18893
            ],
            [
              -62.79649,
              9.18744
            ],
            [
              -62.7963,
              9.18554
            ],
            [
              -62.79606,
              9.18412
            ],
            [
              -62.79577,
              9.183
            ],
            [
              -62.79497,
              9.18179
            ],
            [
              -62.79424,
              9.18122
            ],
            [
              -62.79374,
              9.17995
            ],
            [
              -62.79453,
              9.17814
            ],
            [
              -62.79447,
              9.17672
            ],
            [
              -62.7947,
              9.17502
            ],
            [
              -62.79476,
              9.17355
            ],
            [
              -62.79417,
              9.17266
            ],
            [
              -62.79346,
              9.17155
            ],
            [
              -62.7926,
              9.17105
            ],
            [
              -62.79185,
              9.17023
            ],
            [
              -62.79119,
              9.16909
            ],
            [
              -62.79041,
              9.16786
            ],
            [
              -62.79122,
              9.16583
            ],
            [
              -62.79258,
              9.16552
            ],
            [
              -62.79285,
              9.16494
            ],
            [
              -62.79299,
              9.16446
            ],
            [
              -62.7923,
              9.16343
            ],
            [
              -62.79184,
              9.16325
            ],
            [
              -62.79214,
              9.16277
            ],
            [
              -62.79225,
              9.16265
            ],
            [
              -62.79269,
              9.1609
            ],
            [
              -62.79349,
              9.16011
            ],
            [
              -62.79394,
              9.15889
            ],
            [
              -62.79398,
              9.15808
            ],
            [
              -62.79353,
              9.15744
            ],
            [
              -62.79313,
              9.15694
            ],
            [
              -62.79234,
              9.15645
            ],
            [
              -62.79165,
              9.15699
            ],
            [
              -62.79095,
              9.15835
            ],
            [
              -62.7901,
              9.15841
            ],
            [
              -62.79029,
              9.15737
            ],
            [
              -62.79091,
              9.15502
            ],
            [
              -62.79146,
              9.15421
            ],
            [
              -62.79212,
              9.15324
            ],
            [
              -62.79286,
              9.15171
            ],
            [
              -62.79355,
              9.15076
            ],
            [
              -62.79415,
              9.14924
            ],
            [
              -62.79474,
              9.14795
            ],
            [
              -62.79545,
              9.14718
            ],
            [
              -62.79663,
              9.14689
            ],
            [
              -62.7974,
              9.14771
            ],
            [
              -62.79865,
              9.14833
            ],
            [
              -62.79874,
              9.14769
            ],
            [
              -62.79861,
              9.14682
            ],
            [
              -62.79816,
              9.14581
            ],
            [
              -62.79855,
              9.14494
            ],
            [
              -62.80039,
              9.14441
            ],
            [
              -62.80091,
              9.14332
            ],
            [
              -62.80193,
              9.14212
            ],
            [
              -62.80315,
              9.14162
            ],
            [
              -62.80468,
              9.14121
            ],
            [
              -62.80547,
              9.14019
            ],
            [
              -62.80573,
              9.13869
            ],
            [
              -62.80616,
              9.1377
            ],
            [
              -62.80668,
              9.13634
            ],
            [
              -62.80609,
              9.13559
            ],
            [
              -62.80465,
              9.13473
            ],
            [
              -62.80478,
              9.13381
            ],
            [
              -62.80534,
              9.13245
            ],
            [
              -62.80597,
              9.13132
            ],
            [
              -62.80656,
              9.13041
            ],
            [
              -62.80623,
              9.12952
            ],
            [
              -62.80498,
              9.12981
            ],
            [
              -62.80437,
              9.12854
            ],
            [
              -62.80377,
              9.12841
            ],
            [
              -62.80375,
              9.12719
            ],
            [
              -62.80322,
              9.12674
            ],
            [
              -62.80238,
              9.12675
            ],
            [
              -62.80249,
              9.12603
            ],
            [
              -62.8026,
              9.12523
            ],
            [
              -62.80249,
              9.12436
            ],
            [
              -62.80241,
              9.12305
            ],
            [
              -62.8027,
              9.12208
            ],
            [
              -62.80278,
              9.12075
            ],
            [
              -62.80302,
              9.11958
            ],
            [
              -62.80187,
              9.11791
            ],
            [
              -62.80091,
              9.11719
            ],
            [
              -62.80059,
              9.11593
            ],
            [
              -62.79991,
              9.11495
            ],
            [
              -62.79877,
              9.11373
            ],
            [
              -62.79829,
              9.11252
            ],
            [
              -62.79772,
              9.11131
            ],
            [
              -62.7972,
              9.11056
            ],
            [
              -62.79659,
              9.10978
            ],
            [
              -62.79658,
              9.10893
            ],
            [
              -62.79618,
              9.10763
            ],
            [
              -62.79655,
              9.10632
            ],
            [
              -62.79645,
              9.10561
            ],
            [
              -62.79715,
              9.10422
            ],
            [
              -62.79733,
              9.10321
            ],
            [
              -62.79634,
              9.102
            ],
            [
              -62.79574,
              9.10162
            ],
            [
              -62.79483,
              9.10129
            ],
            [
              -62.7937,
              9.10128
            ],
            [
              -62.79274,
              9.10053
            ],
            [
              -62.79275,
              9.09934
            ],
            [
              -62.79316,
              9.09883
            ],
            [
              -62.79315,
              9.09779
            ],
            [
              -62.79284,
              9.09686
            ],
            [
              -62.79234,
              9.09599
            ],
            [
              -62.79183,
              9.09558
            ],
            [
              -62.79187,
              9.09517
            ],
            [
              -62.79186,
              9.09421
            ],
            [
              -62.79102,
              9.09344
            ],
            [
              -62.79103,
              9.09266
            ],
            [
              -62.79136,
              9.09118
            ],
            [
              -62.79124,
              9.09059
            ],
            [
              -62.7914,
              9.09017
            ],
            [
              -62.79197,
              9.08957
            ],
            [
              -62.79117,
              9.08875
            ],
            [
              -62.79119,
              9.08827
            ],
            [
              -62.79157,
              9.08672
            ],
            [
              -62.79069,
              9.08662
            ],
            [
              -62.79006,
              9.08642
            ],
            [
              -62.78942,
              9.08526
            ],
            [
              -62.78885,
              9.0838
            ],
            [
              -62.78792,
              9.08349
            ],
            [
              -62.78747,
              9.08255
            ],
            [
              -62.78767,
              9.08172
            ],
            [
              -62.78704,
              9.0806
            ],
            [
              -62.78603,
              9.07949
            ],
            [
              -62.78503,
              9.07921
            ],
            [
              -62.78418,
              9.07919
            ],
            [
              -62.78329,
              9.07872
            ],
            [
              -62.78163,
              9.07904
            ],
            [
              -62.78079,
              9.07859
            ],
            [
              -62.78039,
              9.07743
            ],
            [
              -62.77975,
              9.07617
            ],
            [
              -62.7786,
              9.07504
            ],
            [
              -62.77771,
              9.07386
            ],
            [
              -62.77693,
              9.07256
            ],
            [
              -62.77625,
              9.07112
            ],
            [
              -62.7764,
              9.0699
            ],
            [
              -62.77657,
              9.06864
            ],
            [
              -62.77727,
              9.06794
            ],
            [
              -62.7771,
              9.06652
            ],
            [
              -62.77715,
              9.065
            ],
            [
              -62.77729,
              9.06346
            ],
            [
              -62.77719,
              9.06213
            ],
            [
              -62.77704,
              9.06135
            ],
            [
              -62.77659,
              9.06044
            ],
            [
              -62.77648,
              9.05888
            ],
            [
              -62.7761,
              9.05815
            ],
            [
              -62.77584,
              9.05746
            ],
            [
              -62.77583,
              9.05707
            ],
            [
              -62.77596,
              9.05638
            ],
            [
              -62.77616,
              9.05523
            ],
            [
              -62.77608,
              9.05443
            ],
            [
              -62.77644,
              9.05383
            ],
            [
              -62.77658,
              9.05318
            ],
            [
              -62.77687,
              9.05265
            ],
            [
              -62.7774,
              9.05234
            ],
            [
              -62.77755,
              9.05129
            ],
            [
              -62.77763,
              9.05028
            ],
            [
              -62.77759,
              9.04883
            ],
            [
              -62.77709,
              9.04794
            ],
            [
              -62.77699,
              9.04709
            ],
            [
              -62.77634,
              9.04662
            ],
            [
              -62.77634,
              9.04501
            ],
            [
              -62.7761,
              9.04425
            ],
            [
              -62.77485,
              9.04354
            ],
            [
              -62.77426,
              9.04265
            ],
            [
              -62.77342,
              9.0422
            ],
            [
              -62.77223,
              9.04088
            ],
            [
              -62.77283,
              9.04058
            ],
            [
              -62.77345,
              9.0405
            ],
            [
              -62.77372,
              9.03958
            ],
            [
              -62.77384,
              9.0387
            ],
            [
              -62.77395,
              9.0376
            ],
            [
              -62.77363,
              9.03623
            ],
            [
              -62.77312,
              9.03596
            ],
            [
              -62.77304,
              9.03502
            ],
            [
              -62.77303,
              9.03389
            ],
            [
              -62.77341,
              9.03278
            ],
            [
              -62.77392,
              9.0314
            ],
            [
              -62.7745,
              9.02958
            ],
            [
              -62.77519,
              9.02909
            ],
            [
              -62.7756,
              9.02814
            ],
            [
              -62.77471,
              9.02753
            ],
            [
              -62.77549,
              9.02686
            ],
            [
              -62.77562,
              9.02582
            ],
            [
              -62.77514,
              9.02486
            ],
            [
              -62.77425,
              9.02318
            ],
            [
              -62.77375,
              9.02261
            ],
            [
              -62.77425,
              9.02139
            ],
            [
              -62.77512,
              9.02089
            ],
            [
              -62.77568,
              9.01965
            ],
            [
              -62.77551,
              9.01806
            ],
            [
              -62.77509,
              9.01644
            ],
            [
              -62.7744,
              9.01645
            ],
            [
              -62.77453,
              9.01603
            ],
            [
              -62.77457,
              9.01475
            ],
            [
              -62.77519,
              9.01462
            ],
            [
              -62.77535,
              9.01428
            ],
            [
              -62.77504,
              9.01368
            ],
            [
              -62.77452,
              9.01243
            ],
            [
              -62.77474,
              9.01203
            ],
            [
              -62.77473,
              9.01066
            ],
            [
              -62.77523,
              9.01037
            ],
            [
              -62.77531,
              9.00932
            ],
            [
              -62.77498,
              9.00884
            ],
            [
              -62.77518,
              9.00794
            ],
            [
              -62.7752,
              9.00723
            ],
            [
              -62.7757,
              9.00651
            ],
            [
              -62.7769,
              9.00649
            ],
            [
              -62.77668,
              9.00514
            ],
            [
              -62.77715,
              9.00392
            ],
            [
              -62.77687,
              9.00236
            ],
            [
              -62.77616,
              9.00233
            ],
            [
              -62.77634,
              9.0017
            ],
            [
              -62.77698,
              9.00144
            ],
            [
              -62.77693,
              9.00105
            ],
            [
              -62.77622,
              9.00138
            ],
            [
              -62.77575,
              9.00104
            ],
            [
              -62.77632,
              9.0001
            ],
            [
              -62.77701,
              9.00006
            ],
            [
              -62.77735,
              8.99965
            ],
            [
              -62.77755,
              8.99902
            ],
            [
              -62.77794,
              8.99819
            ],
            [
              -62.77839,
              8.99773
            ],
            [
              -62.77874,
              8.99731
            ],
            [
              -62.77871,
              8.99697
            ],
            [
              -62.77804,
              8.99716
            ],
            [
              -62.77792,
              8.99656
            ],
            [
              -62.77877,
              8.99487
            ],
            [
              -62.77965,
              8.99362
            ],
            [
              -62.7809,
              8.99236
            ],
            [
              -62.7808,
              8.99221
            ],
            [
              -62.78103,
              8.99114
            ],
            [
              -62.7823,
              8.99032
            ],
            [
              -62.78268,
              8.98948
            ],
            [
              -62.78344,
              8.98881
            ],
            [
              -62.78379,
              8.98871
            ],
            [
              -62.78442,
              8.98894
            ],
            [
              -62.7849,
              8.98876
            ],
            [
              -62.78649,
              8.98756
            ],
            [
              -62.78724,
              8.98641
            ],
            [
              -62.78782,
              8.98527
            ],
            [
              -62.78799,
              8.98446
            ],
            [
              -62.78767,
              8.98278
            ],
            [
              -62.78798,
              8.98233
            ],
            [
              -62.78917,
              8.98077
            ],
            [
              -62.78918,
              8.97926
            ],
            [
              -62.78952,
              8.97852
            ],
            [
              -62.79034,
              8.97755
            ],
            [
              -62.79128,
              8.97614
            ],
            [
              -62.79187,
              8.97511
            ],
            [
              -62.79235,
              8.9745
            ],
            [
              -62.79263,
              8.97392
            ],
            [
              -62.79245,
              8.97278
            ],
            [
              -62.7924,
              8.97173
            ],
            [
              -62.79365,
              8.97173
            ],
            [
              -62.79392,
              8.97028
            ],
            [
              -62.79466,
              8.96855
            ],
            [
              -62.79524,
              8.96798
            ],
            [
              -62.79641,
              8.96693
            ],
            [
              -62.79644,
              8.96554
            ],
            [
              -62.79648,
              8.96354
            ],
            [
              -62.79638,
              8.96222
            ],
            [
              -62.79591,
              8.96063
            ],
            [
              -62.7962,
              8.95934
            ],
            [
              -62.79616,
              8.95822
            ],
            [
              -62.79583,
              8.95697
            ],
            [
              -62.79586,
              8.95541
            ],
            [
              -62.79595,
              8.95346
            ],
            [
              -62.79632,
              8.95226
            ],
            [
              -62.79661,
              8.95088
            ],
            [
              -62.79727,
              8.95049
            ],
            [
              -62.79842,
              8.95033
            ],
            [
              -62.79895,
              8.9496
            ],
            [
              -62.79854,
              8.94808
            ],
            [
              -62.79871,
              8.94707
            ],
            [
              -62.79928,
              8.94634
            ],
            [
              -62.79931,
              8.94592
            ],
            [
              -62.79908,
              8.94531
            ],
            [
              -62.79982,
              8.94476
            ],
            [
              -62.80093,
              8.94422
            ],
            [
              -62.80059,
              8.94311
            ],
            [
              -62.8004,
              8.94188
            ],
            [
              -62.80057,
              8.94027
            ],
            [
              -62.80099,
              8.93902
            ],
            [
              -62.80278,
              8.93822
            ],
            [
              -62.80405,
              8.93742
            ],
            [
              -62.80405,
              8.93582
            ],
            [
              -62.80422,
              8.93471
            ],
            [
              -62.80401,
              8.93353
            ],
            [
              -62.80475,
              8.93235
            ],
            [
              -62.80587,
              8.9314
            ],
            [
              -62.80642,
              8.93058
            ],
            [
              -62.80536,
              8.93025
            ],
            [
              -62.80445,
              8.92985
            ],
            [
              -62.80469,
              8.92906
            ],
            [
              -62.80466,
              8.92814
            ],
            [
              -62.80573,
              8.92785
            ],
            [
              -62.80585,
              8.92613
            ],
            [
              -62.80633,
              8.9241
            ],
            [
              -62.80635,
              8.92186
            ],
            [
              -62.80744,
              8.92122
            ],
            [
              -62.80871,
              8.91992
            ],
            [
              -62.80835,
              8.91617
            ],
            [
              -62.8095,
              8.91467
            ],
            [
              -62.81007,
              8.9127
            ],
            [
              -62.81093,
              8.91168
            ],
            [
              -62.81214,
              8.91054
            ],
            [
              -62.81276,
              8.9093
            ],
            [
              -62.81307,
              8.90845
            ],
            [
              -62.81452,
              8.90761
            ],
            [
              -62.81549,
              8.90627
            ],
            [
              -62.81695,
              8.90455
            ],
            [
              -62.81722,
              8.90257
            ],
            [
              -62.81767,
              8.90118
            ],
            [
              -62.81816,
              8.89887
            ],
            [
              -62.81854,
              8.89671
            ],
            [
              -62.81986,
              8.89437
            ],
            [
              -62.82171,
              8.89258
            ],
            [
              -62.82317,
              8.89148
            ],
            [
              -62.82412,
              8.89044
            ],
            [
              -62.82577,
              8.88989
            ],
            [
              -62.82835,
              8.88902
            ],
            [
              -62.82998,
              8.88864
            ],
            [
              -62.83148,
              8.88733
            ],
            [
              -62.83251,
              8.88656
            ],
            [
              -62.83388,
              8.88555
            ],
            [
              -62.83519,
              8.88348
            ],
            [
              -62.83562,
              8.88152
            ],
            [
              -62.83651,
              8.88002
            ],
            [
              -62.83725,
              8.87874
            ],
            [
              -62.83874,
              8.87797
            ],
            [
              -62.83947,
              8.87756
            ],
            [
              -62.84113,
              8.87626
            ],
            [
              -62.84603,
              8.86894
            ],
            [
              -62.84701,
              8.8681
            ],
            [
              -62.84743,
              8.8665
            ],
            [
              -62.84858,
              8.86566
            ],
            [
              -62.84947,
              8.86538
            ],
            [
              -62.85071,
              8.86451
            ],
            [
              -62.85098,
              8.86365
            ],
            [
              -62.85149,
              8.86306
            ],
            [
              -62.85248,
              8.86302
            ],
            [
              -62.85322,
              8.86306
            ],
            [
              -62.85432,
              8.86282
            ],
            [
              -62.85653,
              8.8607
            ],
            [
              -62.85734,
              8.85959
            ],
            [
              -62.85857,
              8.859
            ],
            [
              -62.85943,
              8.8573
            ],
            [
              -62.8603,
              8.85646
            ],
            [
              -62.86154,
              8.85447
            ],
            [
              -62.86263,
              8.85343
            ],
            [
              -62.86378,
              8.85315
            ],
            [
              -62.86489,
              8.85195
            ],
            [
              -62.86502,
              8.85116
            ],
            [
              -62.86575,
              8.85033
            ],
            [
              -62.86673,
              8.84938
            ],
            [
              -62.86825,
              8.84795
            ],
            [
              -62.86926,
              8.84677
            ],
            [
              -62.8702,
              8.84527
            ],
            [
              -62.86995,
              8.84292
            ],
            [
              -62.87065,
              8.84145
            ],
            [
              -62.87143,
              8.84053
            ],
            [
              -62.8722,
              8.83902
            ],
            [
              -62.87338,
              8.83845
            ],
            [
              -62.87402,
              8.83833
            ],
            [
              -62.87494,
              8.83702
            ],
            [
              -62.87555,
              8.83528
            ],
            [
              -62.87669,
              8.83432
            ],
            [
              -62.8775,
              8.83253
            ],
            [
              -62.87812,
              8.83182
            ],
            [
              -62.87825,
              8.83053
            ],
            [
              -62.87893,
              8.82954
            ],
            [
              -62.88026,
              8.82874
            ],
            [
              -62.88078,
              8.82833
            ],
            [
              -62.88105,
              8.82642
            ],
            [
              -62.88248,
              8.82515
            ],
            [
              -62.88352,
              8.82399
            ],
            [
              -62.88458,
              8.8232
            ],
            [
              -62.88618,
              8.82282
            ],
            [
              -62.88747,
              8.8227
            ],
            [
              -62.88765,
              8.8219
            ],
            [
              -62.88835,
              8.82084
            ],
            [
              -62.88896,
              8.81942
            ],
            [
              -62.88973,
              8.81896
            ],
            [
              -62.89095,
              8.81816
            ],
            [
              -62.8924,
              8.81746
            ],
            [
              -62.89376,
              8.81613
            ],
            [
              -62.89493,
              8.81531
            ],
            [
              -62.89542,
              8.81419
            ],
            [
              -62.89449,
              8.81407
            ],
            [
              -62.89443,
              8.81306
            ],
            [
              -62.89516,
              8.8129
            ],
            [
              -62.89629,
              8.81203
            ],
            [
              -62.89704,
              8.81246
            ],
            [
              -62.89811,
              8.81192
            ],
            [
              -62.89928,
              8.81121
            ],
            [
              -62.90028,
              8.81129
            ],
            [
              -62.90107,
              8.81124
            ],
            [
              -62.90116,
              8.81016
            ],
            [
              -62.90239,
              8.80904
            ],
            [
              -62.90339,
              8.80738
            ],
            [
              -62.90432,
              8.80748
            ],
            [
              -62.90478,
              8.80748
            ],
            [
              -62.90533,
              8.80726
            ],
            [
              -62.90581,
              8.80594
            ],
            [
              -62.90673,
              8.80462
            ],
            [
              -62.90829,
              8.80429
            ],
            [
              -62.9087,
              8.80485
            ],
            [
              -62.90929,
              8.80501
            ],
            [
              -62.90992,
              8.80453
            ],
            [
              -62.91058,
              8.80436
            ],
            [
              -62.91147,
              8.80394
            ],
            [
              -62.91093,
              8.80332
            ],
            [
              -62.91137,
              8.802
            ],
            [
              -62.91224,
              8.80124
            ],
            [
              -62.91251,
              8.80054
            ],
            [
              -62.91364,
              8.79995
            ],
            [
              -62.91357,
              8.79862
            ],
            [
              -62.91426,
              8.79798
            ],
            [
              -62.91483,
              8.79654
            ],
            [
              -62.91608,
              8.7959
            ],
            [
              -62.91655,
              8.7962
            ],
            [
              -62.91711,
              8.79508
            ],
            [
              -62.91746,
              8.79392
            ],
            [
              -62.91882,
              8.7927
            ],
            [
              -62.91999,
              8.7925
            ],
            [
              -62.92083,
              8.79199
            ],
            [
              -62.92163,
              8.79063
            ],
            [
              -62.92238,
              8.78962
            ],
            [
              -62.92332,
              8.78888
            ],
            [
              -62.924,
              8.78906
            ],
            [
              -62.92607,
              8.78589
            ],
            [
              -62.92663,
              8.78539
            ],
            [
              -62.92781,
              8.78434
            ],
            [
              -62.92888,
              8.78379
            ],
            [
              -62.92904,
              8.78271
            ],
            [
              -62.92988,
              8.78154
            ],
            [
              -62.93089,
              8.78095
            ],
            [
              -62.9319,
              8.77954
            ],
            [
              -62.93234,
              8.779
            ],
            [
              -62.93265,
              8.77795
            ],
            [
              -62.9334,
              8.7771
            ],
            [
              -62.93341,
              8.77697
            ],
            [
              -62.93357,
              8.77704
            ],
            [
              -62.93492,
              8.77603
            ],
            [
              -62.9375,
              8.77423
            ],
            [
              -62.93744,
              8.77324
            ],
            [
              -62.93737,
              8.77206
            ],
            [
              -62.93819,
              8.77123
            ],
            [
              -62.93904,
              8.76991
            ],
            [
              -62.93995,
              8.76947
            ],
            [
              -62.94114,
              8.76871
            ],
            [
              -62.9423,
              8.76812
            ],
            [
              -62.94363,
              8.76773
            ],
            [
              -62.94467,
              8.76593
            ],
            [
              -62.94527,
              8.76474
            ],
            [
              -62.94656,
              8.76402
            ],
            [
              -62.94786,
              8.76258
            ],
            [
              -62.94919,
              8.76148
            ],
            [
              -62.94908,
              8.76045
            ],
            [
              -62.95036,
              8.75903
            ],
            [
              -62.95096,
              8.75789
            ],
            [
              -62.95159,
              8.75631
            ],
            [
              -62.95168,
              8.75557
            ],
            [
              -62.95264,
              8.75581
            ],
            [
              -62.95294,
              8.75397
            ],
            [
              -62.95417,
              8.75353
            ],
            [
              -62.95511,
              8.75501
            ],
            [
              -62.95614,
              8.75481
            ],
            [
              -62.95688,
              8.75485
            ],
            [
              -62.9577,
              8.75336
            ],
            [
              -62.95882,
              8.7524
            ],
            [
              -62.95941,
              8.75162
            ],
            [
              -62.95867,
              8.75099
            ],
            [
              -62.95936,
              8.7503
            ],
            [
              -62.96068,
              8.74979
            ],
            [
              -62.96179,
              8.75032
            ],
            [
              -62.96245,
              8.75014
            ],
            [
              -62.96308,
              8.74956
            ],
            [
              -62.96331,
              8.74848
            ],
            [
              -62.96421,
              8.74785
            ],
            [
              -62.96516,
              8.74674
            ],
            [
              -62.9667,
              8.7465
            ],
            [
              -62.96753,
              8.74626
            ],
            [
              -62.96813,
              8.74516
            ],
            [
              -62.96909,
              8.74488
            ],
            [
              -62.97034,
              8.74488
            ],
            [
              -62.97111,
              8.74444
            ],
            [
              -62.97147,
              8.74477
            ],
            [
              -62.97236,
              8.74389
            ],
            [
              -62.9729,
              8.74398
            ],
            [
              -62.9738,
              8.74342
            ],
            [
              -62.97523,
              8.74344
            ],
            [
              -62.97651,
              8.74355
            ],
            [
              -62.97756,
              8.74326
            ],
            [
              -62.9786,
              8.74322
            ],
            [
              -62.97975,
              8.74311
            ],
            [
              -62.98084,
              8.74195
            ],
            [
              -62.98176,
              8.74352
            ],
            [
              -62.98262,
              8.743
            ],
            [
              -62.98492,
              8.74221
            ],
            [
              -62.98582,
              8.74275
            ],
            [
              -62.98643,
              8.74405
            ],
            [
              -62.98643,
              8.74405
            ],
            [
              -62.98787,
              8.74368
            ],
            [
              -62.98904,
              8.74398
            ],
            [
              -62.99154,
              8.74403
            ],
            [
              -62.99327,
              8.74449
            ],
            [
              -62.99505,
              8.745
            ],
            [
              -62.99624,
              8.74534
            ],
            [
              -62.99652,
              8.74542
            ],
            [
              -62.99804,
              8.74592
            ],
            [
              -62.99905,
              8.74631
            ],
            [
              -63.00095,
              8.74627
            ],
            [
              -63.0023,
              8.74644
            ],
            [
              -63.00234,
              8.74647
            ],
            [
              -63.00309,
              8.75089
            ],
            [
              -63.00339,
              8.75178
            ],
            [
              -63.0033,
              8.75178
            ],
            [
              -63.00203,
              8.77429
            ],
            [
              -63.09946,
              8.76945
            ],
            [
              -63.20634,
              8.76442
            ],
            [
              -63.20734,
              8.76249
            ],
            [
              -63.20937,
              8.76237
            ],
            [
              -63.2118,
              8.76164
            ],
            [
              -63.21465,
              8.76212
            ],
            [
              -63.21761,
              8.76451
            ],
            [
              -63.21998,
              8.76782
            ],
            [
              -63.22283,
              8.7683
            ],
            [
              -63.22866,
              8.77218
            ],
            [
              -63.23037,
              8.77187
            ],
            [
              -63.23371,
              8.77032
            ],
            [
              -63.23522,
              8.7695
            ],
            [
              -63.23886,
              8.76785
            ],
            [
              -63.24209,
              8.76559
            ],
            [
              -63.24685,
              8.76474
            ],
            [
              -63.25008,
              8.76218
            ],
            [
              -63.26337,
              8.76134
            ],
            [
              -63.27786,
              8.75981
            ],
            [
              -63.28316,
              8.76188
            ],
            [
              -63.28827,
              8.76475
            ],
            [
              -63.29123,
              8.76634
            ],
            [
              -63.29602,
              8.76831
            ],
            [
              -63.297,
              8.77467
            ],
            [
              -63.29935,
              8.77646
            ],
            [
              -63.30301,
              8.77663
            ],
            [
              -63.30739,
              8.77749
            ],
            [
              -63.30748,
              8.78129
            ],
            [
              -63.31451,
              8.78334
            ],
            [
              -63.31592,
              8.78231
            ],
            [
              -63.31826,
              8.78259
            ],
            [
              -63.32159,
              8.78044
            ],
            [
              -63.32351,
              8.77921
            ],
            [
              -63.32602,
              8.77716
            ],
            [
              -63.32803,
              8.77492
            ],
            [
              -63.33082,
              8.77022
            ],
            [
              -63.33665,
              8.76737
            ],
            [
              -63.33906,
              8.76502
            ],
            [
              -63.34187,
              8.76536
            ],
            [
              -63.34194,
              8.76537
            ],
            [
              -63.36462,
              8.94758
            ],
            [
              -63.36464,
              8.94776
            ],
            [
              -63.36466,
              8.94777
            ],
            [
              -63.36563,
              8.94889
            ],
            [
              -63.36555,
              8.94984
            ],
            [
              -63.36587,
              8.9499
            ],
            [
              -63.36668,
              8.94977
            ],
            [
              -63.36721,
              8.95022
            ],
            [
              -63.36795,
              8.95023
            ],
            [
              -63.36919,
              8.9501
            ],
            [
              -63.37017,
              8.95068
            ],
            [
              -63.37019,
              8.95091
            ],
            [
              -63.36997,
              8.95105
            ],
            [
              -63.36978,
              8.95211
            ],
            [
              -63.36982,
              8.95316
            ],
            [
              -63.37016,
              8.95428
            ],
            [
              -63.37078,
              8.95567
            ],
            [
              -63.3713,
              8.95665
            ],
            [
              -63.37218,
              8.95684
            ],
            [
              -63.37285,
              8.9572
            ],
            [
              -63.37351,
              8.9579
            ],
            [
              -63.37435,
              8.95876
            ],
            [
              -63.37496,
              8.95948
            ],
            [
              -63.37488,
              8.96033
            ],
            [
              -63.37487,
              8.96136
            ],
            [
              -63.37537,
              8.96232
            ],
            [
              -63.37628,
              8.96281
            ],
            [
              -63.37709,
              8.96303
            ],
            [
              -63.37748,
              8.96316
            ],
            [
              -63.37803,
              8.96437
            ],
            [
              -63.3784,
              8.9645
            ],
            [
              -63.37929,
              8.96524
            ],
            [
              -63.37966,
              8.96555
            ],
            [
              -63.38056,
              8.96538
            ],
            [
              -63.38105,
              8.96567
            ],
            [
              -63.38058,
              8.96638
            ],
            [
              -63.37988,
              8.96735
            ],
            [
              -63.37837,
              8.96944
            ],
            [
              -63.37794,
              8.97476
            ],
            [
              -63.37639,
              8.99413
            ],
            [
              -63.3761,
              8.99784
            ],
            [
              -63.37517,
              9.00947
            ],
            [
              -63.36507,
              9.13573
            ],
            [
              -63.31521,
              9.18422
            ],
            [
              -63.49749,
              9.50136
            ],
            [
              -63.49563,
              9.50175
            ],
            [
              -63.49359,
              9.50166
            ],
            [
              -63.48927,
              9.49914
            ],
            [
              -63.48831,
              9.49857
            ],
            [
              -63.48634,
              9.49676
            ],
            [
              -63.48414,
              9.49547
            ],
            [
              -63.48311,
              9.49318
            ],
            [
              -63.48004,
              9.49171
            ],
            [
              -63.4775,
              9.49134
            ],
            [
              -63.475,
              9.49105
            ],
            [
              -63.47211,
              9.49209
            ],
            [
              -63.47079,
              9.49341
            ],
            [
              -63.46947,
              9.49436
            ],
            [
              -63.46759,
              9.49448
            ],
            [
              -63.46583,
              9.49458
            ],
            [
              -63.46318,
              9.49484
            ],
            [
              -63.46089,
              9.49488
            ],
            [
              -63.45773,
              9.49543
            ],
            [
              -63.45525,
              9.49642
            ],
            [
              -63.45386,
              9.49653
            ],
            [
              -63.45224,
              9.49748
            ],
            [
              -63.4514,
              9.49902
            ],
            [
              -63.45124,
              9.50238
            ],
            [
              -63.45169,
              9.6419
            ],
            [
              -63.45211,
              9.65389
            ],
            [
              -63.45279,
              9.65345
            ]
          ]
        ]
      }
    },
    {
      "type": "Feature",
      "properties": {
        "ADM1_ES": "Monagas",
        "ADM2_ES": "Acosta",
        "parroquias_count": 2,
        "id": "acosta",
        "nombre": "Acosta",
        "capital": "San Antonio de Capayacuar",
        "poblacion": 21000,
        "electores": 15000,
        "color": "#0891b2"
      },
      "geometry": {
        "type": "Polygon",
        "coordinates": [
          [
            [
              -63.62329,
              10.13425
            ],
            [
              -63.62215,
              10.13169
            ],
            [
              -63.61923,
              10.12904
            ],
            [
              -63.6174,
              10.12657
            ],
            [
              -63.61716,
              10.12618
            ],
            [
              -63.61738,
              10.12281
            ],
            [
              -63.61819,
              10.12032
            ],
            [
              -63.62052,
              10.11728
            ],
            [
              -63.62099,
              10.11434
            ],
            [
              -63.61974,
              10.1106
            ],
            [
              -63.61795,
              10.10679
            ],
            [
              -63.61751,
              10.10284
            ],
            [
              -63.61711,
              10.09812
            ],
            [
              -63.61821,
              10.09131
            ],
            [
              -63.62037,
              10.08834
            ],
            [
              -63.6244,
              10.07774
            ],
            [
              -63.62856,
              10.06678
            ],
            [
              -63.6316,
              10.06488
            ],
            [
              -63.63411,
              10.06238
            ],
            [
              -63.63612,
              10.0579
            ],
            [
              -63.64357,
              10.05042
            ],
            [
              -63.64518,
              10.04924
            ],
            [
              -63.64691,
              10.04793
            ],
            [
              -63.65056,
              10.04548
            ],
            [
              -63.65835,
              10.04045
            ],
            [
              -63.66313,
              10.03808
            ],
            [
              -63.6676,
              10.0353
            ],
            [
              -63.66876,
              10.03547
            ],
            [
              -63.6731,
              10.03423
            ],
            [
              -63.67795,
              10.03252
            ],
            [
              -63.68091,
              10.02908
            ],
            [
              -63.68314,
              10.02731
            ],
            [
              -63.68592,
              10.02861
            ],
            [
              -63.6897,
              10.0308
            ],
            [
              -63.69295,
              10.03192
            ],
            [
              -63.70883,
              10.02577
            ],
            [
              -63.70904,
              10.02797
            ],
            [
              -63.70898,
              10.02898
            ],
            [
              -63.70957,
              10.03006
            ],
            [
              -63.71196,
              10.03012
            ],
            [
              -63.71435,
              10.0306
            ],
            [
              -63.71427,
              10.03241
            ],
            [
              -63.71465,
              10.03327
            ],
            [
              -63.7153,
              10.03456
            ],
            [
              -63.71587,
              10.03578
            ],
            [
              -63.7166,
              10.03665
            ],
            [
              -63.71729,
              10.0373
            ],
            [
              -63.71875,
              10.03782
            ],
            [
              -63.72,
              10.03914
            ],
            [
              -63.72127,
              10.0394
            ],
            [
              -63.72231,
              10.0386
            ],
            [
              -63.72344,
              10.0385
            ],
            [
              -63.72351,
              10.03907
            ],
            [
              -63.72294,
              10.04005
            ],
            [
              -63.72236,
              10.04083
            ],
            [
              -63.72172,
              10.04184
            ],
            [
              -63.72076,
              10.04373
            ],
            [
              -63.72224,
              10.04476
            ],
            [
              -63.72311,
              10.04581
            ],
            [
              -63.72379,
              10.04611
            ],
            [
              -63.72441,
              10.04439
            ],
            [
              -63.72614,
              10.04468
            ],
            [
              -63.72824,
              10.04656
            ],
            [
              -63.7302,
              10.04808
            ],
            [
              -63.73262,
              10.04754
            ],
            [
              -63.73448,
              10.04748
            ],
            [
              -63.73659,
              10.04661
            ],
            [
              -63.73763,
              10.04579
            ],
            [
              -63.73965,
              10.04451
            ],
            [
              -63.74168,
              10.04339
            ],
            [
              -63.74359,
              10.04261
            ],
            [
              -63.74531,
              10.042
            ],
            [
              -63.74723,
              10.04166
            ],
            [
              -63.74865,
              10.04125
            ],
            [
              -63.75105,
              10.04064
            ],
            [
              -63.75229,
              10.0403
            ],
            [
              -63.75447,
              10.04002
            ],
            [
              -63.75587,
              10.03973
            ],
            [
              -63.75763,
              10.03873
            ],
            [
              -63.75955,
              10.03834
            ],
            [
              -63.76091,
              10.03809
            ],
            [
              -63.76214,
              10.03936
            ],
            [
              -63.76338,
              10.03968
            ],
            [
              -63.76444,
              10.03937
            ],
            [
              -63.76571,
              10.03917
            ],
            [
              -63.76729,
              10.03795
            ],
            [
              -63.77045,
              10.03734
            ],
            [
              -63.77217,
              10.03641
            ],
            [
              -63.77408,
              10.03595
            ],
            [
              -63.77739,
              10.03617
            ],
            [
              -63.77928,
              10.03571
            ],
            [
              -63.78096,
              10.03396
            ],
            [
              -63.78266,
              10.03273
            ],
            [
              -63.78416,
              10.0316
            ],
            [
              -63.78556,
              10.03107
            ],
            [
              -63.78722,
              10.0307
            ],
            [
              -63.78879,
              10.02995
            ],
            [
              -63.78954,
              10.02871
            ],
            [
              -63.79073,
              10.02745
            ],
            [
              -63.79187,
              10.02682
            ],
            [
              -63.79263,
              10.02574
            ],
            [
              -63.79344,
              10.02505
            ],
            [
              -63.79451,
              10.02368
            ],
            [
              -63.81867,
              10.02016
            ],
            [
              -63.82897,
              10.03565
            ],
            [
              -63.83695,
              10.03647
            ],
            [
              -63.84386,
              10.03422
            ],
            [
              -63.85428,
              10.0319
            ],
            [
              -63.86166,
              10.03086
            ],
            [
              -63.86697,
              10.03038
            ],
            [
              -63.87298,
              10.02787
            ],
            [
              -63.88135,
              10.02578
            ],
            [
              -63.89091,
              10.02669
            ],
            [
              -63.89755,
              10.02907
            ],
            [
              -63.90108,
              10.03364
            ],
            [
              -63.89666,
              10.03851
            ],
            [
              -63.89321,
              10.04377
            ],
            [
              -63.89017,
              10.04859
            ],
            [
              -63.8928,
              10.05357
            ],
            [
              -63.89732,
              10.05102
            ],
            [
              -63.90628,
              10.05087
            ],
            [
              -63.91127,
              10.0539
            ],
            [
              -63.91081,
              10.05918
            ],
            [
              -63.90957,
              10.06535
            ],
            [
              -63.90996,
              10.06867
            ],
            [
              -63.90997,
              10.0687
            ],
            [
              -63.91348,
              10.07185
            ],
            [
              -63.91803,
              10.07375
            ],
            [
              -63.91896,
              10.07737
            ],
            [
              -63.91962,
              10.07775
            ],
            [
              -63.92344,
              10.07992
            ],
            [
              -63.92744,
              10.0826
            ],
            [
              -63.93149,
              10.08363
            ],
            [
              -63.93237,
              10.08386
            ],
            [
              -63.93255,
              10.08407
            ],
            [
              -63.93242,
              10.08413
            ],
            [
              -63.91518,
              10.09202
            ],
            [
              -63.88918,
              10.09912
            ],
            [
              -63.87797,
              10.10218
            ],
            [
              -63.87789,
              10.1022
            ],
            [
              -63.87782,
              10.10224
            ],
            [
              -63.87032,
              10.10644
            ],
            [
              -63.83647,
              10.10582
            ],
            [
              -63.83308,
              10.10746
            ],
            [
              -63.82586,
              10.11095
            ],
            [
              -63.81423,
              10.10426
            ],
            [
              -63.80555,
              10.1218
            ],
            [
              -63.79397,
              10.13879
            ],
            [
              -63.79397,
              10.13885
            ],
            [
              -63.79392,
              10.14368
            ],
            [
              -63.79384,
              10.14991
            ],
            [
              -63.78438,
              10.15725
            ],
            [
              -63.77415,
              10.15697
            ],
            [
              -63.76869,
              10.18276
            ],
            [
              -63.75555,
              10.17753
            ],
            [
              -63.72398,
              10.18895
            ],
            [
              -63.70913,
              10.19506
            ],
            [
              -63.70742,
              10.19576
            ],
            [
              -63.70384,
              10.19647
            ],
            [
              -63.70192,
              10.19661
            ],
            [
              -63.69903,
              10.19708
            ],
            [
              -63.69741,
              10.19872
            ],
            [
              -63.69616,
              10.20023
            ],
            [
              -63.69462,
              10.20154
            ],
            [
              -63.69133,
              10.20274
            ],
            [
              -63.68913,
              10.20353
            ],
            [
              -63.686,
              10.2049
            ],
            [
              -63.68283,
              10.2063
            ],
            [
              -63.67828,
              10.20809
            ],
            [
              -63.67389,
              10.21024
            ],
            [
              -63.67186,
              10.21151
            ],
            [
              -63.67012,
              10.21294
            ],
            [
              -63.66863,
              10.21425
            ],
            [
              -63.66021,
              10.21733
            ],
            [
              -63.65813,
              10.2182
            ],
            [
              -63.6539,
              10.21933
            ],
            [
              -63.65199,
              10.22
            ],
            [
              -63.65093,
              10.22001
            ],
            [
              -63.64844,
              10.22019
            ],
            [
              -63.64633,
              10.22135
            ],
            [
              -63.6445,
              10.22217
            ],
            [
              -63.64197,
              10.22252
            ],
            [
              -63.63702,
              10.2214
            ],
            [
              -63.63536,
              10.21842
            ],
            [
              -63.63388,
              10.21759
            ],
            [
              -63.63147,
              10.21757
            ],
            [
              -63.62999,
              10.21609
            ],
            [
              -63.62732,
              10.21458
            ],
            [
              -63.62108,
              10.21541
            ],
            [
              -63.61876,
              10.21616
            ],
            [
              -63.6175,
              10.21702
            ],
            [
              -63.61592,
              10.21768
            ],
            [
              -63.61399,
              10.21645
            ],
            [
              -63.61153,
              10.21595
            ],
            [
              -63.60937,
              10.21649
            ],
            [
              -63.60738,
              10.21684
            ],
            [
              -63.60517,
              10.21702
            ],
            [
              -63.60334,
              10.21704
            ],
            [
              -63.60162,
              10.21625
            ],
            [
              -63.59984,
              10.21461
            ],
            [
              -63.59867,
              10.21102
            ],
            [
              -63.59679,
              10.20703
            ],
            [
              -63.5926,
              10.20044
            ],
            [
              -63.59108,
              10.19924
            ],
            [
              -63.58812,
              10.19741
            ],
            [
              -63.58652,
              10.19702
            ],
            [
              -63.58396,
              10.19778
            ],
            [
              -63.58145,
              10.19982
            ],
            [
              -63.58112,
              10.19942
            ],
            [
              -63.58088,
              10.19908
            ],
            [
              -63.58068,
              10.19878
            ],
            [
              -63.57869,
              10.1928
            ],
            [
              -63.5775,
              10.18924
            ],
            [
              -63.57524,
              10.18246
            ],
            [
              -63.57183,
              10.17913
            ],
            [
              -63.57252,
              10.17605
            ],
            [
              -63.57198,
              10.17483
            ],
            [
              -63.56926,
              10.17284
            ],
            [
              -63.56802,
              10.1636
            ],
            [
              -63.58156,
              10.16345
            ],
            [
              -63.58566,
              10.16211
            ],
            [
              -63.58951,
              10.15825
            ],
            [
              -63.59202,
              10.15563
            ],
            [
              -63.59609,
              10.15165
            ],
            [
              -63.60002,
              10.14936
            ],
            [
              -63.60259,
              10.14738
            ],
            [
              -63.60686,
              10.14355
            ],
            [
              -63.61138,
              10.14156
            ],
            [
              -63.61778,
              10.13975
            ],
            [
              -63.62033,
              10.13883
            ],
            [
              -63.6219,
              10.13822
            ],
            [
              -63.62386,
              10.13661
            ],
            [
              -63.62329,
              10.13425
            ]
          ]
        ]
      }
    },
    {
      "type": "Feature",
      "properties": {
        "ADM1_ES": "Monagas",
        "ADM2_ES": "Aguasay",
        "parroquias_count": 1,
        "id": "aguasay",
        "nombre": "Aguasay",
        "capital": "Aguasay",
        "poblacion": 16000,
        "electores": 11000,
        "color": "#eab308"
      },
      "geometry": {
        "type": "Polygon",
        "coordinates": [
          [
            [
              -63.64103,
              9.49837
            ],
            [
              -63.64503,
              9.49646
            ],
            [
              -63.64736,
              9.49509
            ],
            [
              -63.64961,
              9.494
            ],
            [
              -63.65326,
              9.49455
            ],
            [
              -63.65617,
              9.49555
            ],
            [
              -63.65838,
              9.4976
            ],
            [
              -63.65927,
              9.49826
            ],
            [
              -63.66098,
              9.49955
            ],
            [
              -63.66253,
              9.49917
            ],
            [
              -63.66372,
              9.49755
            ],
            [
              -63.66507,
              9.49642
            ],
            [
              -63.66709,
              9.49689
            ],
            [
              -63.66813,
              9.49793
            ],
            [
              -63.66956,
              9.49887
            ],
            [
              -63.67127,
              9.50044
            ],
            [
              -63.67266,
              9.50287
            ],
            [
              -63.6743,
              9.5044
            ],
            [
              -63.67615,
              9.50553
            ],
            [
              -63.67977,
              9.50712
            ],
            [
              -63.68341,
              9.50891
            ],
            [
              -63.68552,
              9.51043
            ],
            [
              -63.68821,
              9.51061
            ],
            [
              -63.69224,
              9.51081
            ],
            [
              -63.69488,
              9.51081
            ],
            [
              -63.69746,
              9.51299
            ],
            [
              -63.69962,
              9.5146
            ],
            [
              -63.70098,
              9.51579
            ],
            [
              -63.70393,
              9.51766
            ],
            [
              -63.70732,
              9.51808
            ],
            [
              -63.70947,
              9.51814
            ],
            [
              -63.71236,
              9.5182
            ],
            [
              -63.71443,
              9.51745
            ],
            [
              -63.71543,
              9.51624
            ],
            [
              -63.71596,
              9.51467
            ],
            [
              -63.71691,
              9.51344
            ],
            [
              -63.71865,
              9.51252
            ],
            [
              -63.72093,
              9.51303
            ],
            [
              -63.72269,
              9.51467
            ],
            [
              -63.72353,
              9.51639
            ],
            [
              -63.72403,
              9.51941
            ],
            [
              -63.72457,
              9.52128
            ],
            [
              -63.72688,
              9.52344
            ],
            [
              -63.73068,
              9.52376
            ],
            [
              -63.73146,
              9.52249
            ],
            [
              -63.73211,
              9.52087
            ],
            [
              -63.73201,
              9.51906
            ],
            [
              -63.73296,
              9.51648
            ],
            [
              -63.73267,
              9.51458
            ],
            [
              -63.73465,
              9.51402
            ],
            [
              -63.73659,
              9.51398
            ],
            [
              -63.73858,
              9.51399
            ],
            [
              -63.74007,
              9.51293
            ],
            [
              -63.74296,
              9.51263
            ],
            [
              -63.74628,
              9.51351
            ],
            [
              -63.74818,
              9.51469
            ],
            [
              -63.74944,
              9.51641
            ],
            [
              -63.75132,
              9.51722
            ],
            [
              -63.75527,
              9.51813
            ],
            [
              -63.75793,
              9.51898
            ],
            [
              -63.76071,
              9.51895
            ],
            [
              -63.76269,
              9.51977
            ],
            [
              -63.76475,
              9.52122
            ],
            [
              -63.76542,
              9.52251
            ],
            [
              -63.76517,
              9.52417
            ],
            [
              -63.76616,
              9.5253
            ],
            [
              -63.76768,
              9.52722
            ],
            [
              -63.76924,
              9.52898
            ],
            [
              -63.77113,
              9.53114
            ],
            [
              -63.77218,
              9.53287
            ],
            [
              -63.77308,
              9.53285
            ],
            [
              -63.77501,
              9.53222
            ],
            [
              -63.77731,
              9.53128
            ],
            [
              -63.77911,
              9.53084
            ],
            [
              -63.77986,
              9.52993
            ],
            [
              -63.78013,
              9.52853
            ],
            [
              -63.78199,
              9.52739
            ],
            [
              -63.78483,
              9.52697
            ],
            [
              -63.78724,
              9.52739
            ],
            [
              -63.78953,
              9.52856
            ],
            [
              -63.79189,
              9.5296
            ],
            [
              -63.79279,
              9.53109
            ],
            [
              -63.79308,
              9.53191
            ],
            [
              -63.7936,
              9.53339
            ],
            [
              -63.79497,
              9.53502
            ],
            [
              -63.7968,
              9.53547
            ],
            [
              -63.79854,
              9.53555
            ],
            [
              -63.80103,
              9.53651
            ],
            [
              -63.80246,
              9.53612
            ],
            [
              -63.80419,
              9.5354
            ],
            [
              -63.80633,
              9.53508
            ],
            [
              -63.8067,
              9.53514
            ],
            [
              -63.80868,
              9.53545
            ],
            [
              -63.81045,
              9.53638
            ],
            [
              -63.81192,
              9.53691
            ],
            [
              -63.81361,
              9.53823
            ],
            [
              -63.81389,
              9.53844
            ],
            [
              -63.81568,
              9.53977
            ],
            [
              -63.81725,
              9.54105
            ],
            [
              -63.81921,
              9.54173
            ],
            [
              -63.82148,
              9.54233
            ],
            [
              -63.82354,
              9.54321
            ],
            [
              -63.82447,
              9.5433
            ],
            [
              -63.82509,
              9.54337
            ],
            [
              -63.82532,
              9.54341
            ],
            [
              -63.97263,
              9.41462
            ],
            [
              -63.97247,
              9.35674
            ],
            [
              -63.97174,
              9.339
            ],
            [
              -63.97063,
              9.33813
            ],
            [
              -63.97059,
              9.33775
            ],
            [
              -63.96979,
              9.3368
            ],
            [
              -63.96886,
              9.33577
            ],
            [
              -63.96793,
              9.33497
            ],
            [
              -63.96696,
              9.33481
            ],
            [
              -63.96607,
              9.33318
            ],
            [
              -63.96571,
              9.33291
            ],
            [
              -63.96434,
              9.33004
            ],
            [
              -63.96337,
              9.31198
            ],
            [
              -63.96082,
              9.30533
            ],
            [
              -63.95685,
              9.29903
            ],
            [
              -63.95185,
              9.29317
            ],
            [
              -63.94688,
              9.29227
            ],
            [
              -63.94542,
              9.29149
            ],
            [
              -63.94389,
              9.29117
            ],
            [
              -63.94351,
              9.29112
            ],
            [
              -63.9391,
              9.28674
            ],
            [
              -63.93909,
              9.28674
            ],
            [
              -63.93832,
              9.28593
            ],
            [
              -63.93473,
              9.27873
            ],
            [
              -63.93469,
              9.2786
            ],
            [
              -63.93312,
              9.27276
            ],
            [
              -63.92866,
              9.27294
            ],
            [
              -63.92738,
              9.26493
            ],
            [
              -63.92337,
              9.26023
            ],
            [
              -63.91848,
              9.2583
            ],
            [
              -63.91843,
              9.25762
            ],
            [
              -63.91837,
              9.25745
            ],
            [
              -63.91778,
              9.25304
            ],
            [
              -63.91828,
              9.25231
            ],
            [
              -63.91125,
              9.19428
            ],
            [
              -63.91124,
              9.19244
            ],
            [
              -63.91031,
              9.18964
            ],
            [
              -63.9092,
              9.18869
            ],
            [
              -63.9088,
              9.19555
            ],
            [
              -63.90706,
              9.19623
            ],
            [
              -63.9057,
              9.19578
            ],
            [
              -63.90422,
              9.19661
            ],
            [
              -63.90358,
              9.19743
            ],
            [
              -63.9027,
              9.19764
            ],
            [
              -63.90259,
              9.19798
            ],
            [
              -63.89458,
              9.20112
            ],
            [
              -63.89366,
              9.20112
            ],
            [
              -63.8902,
              9.20238
            ],
            [
              -63.88921,
              9.20342
            ],
            [
              -63.88879,
              9.20526
            ],
            [
              -63.88807,
              9.20639
            ],
            [
              -63.88763,
              9.2069
            ],
            [
              -63.88642,
              9.20769
            ],
            [
              -63.8851,
              9.20774
            ],
            [
              -63.88383,
              9.20726
            ],
            [
              -63.88278,
              9.20721
            ],
            [
              -63.88207,
              9.20809
            ],
            [
              -63.88152,
              9.2085
            ],
            [
              -63.88015,
              9.2085
            ],
            [
              -63.87865,
              9.20862
            ],
            [
              -63.87543,
              9.2083
            ],
            [
              -63.8737,
              9.20961
            ],
            [
              -63.87246,
              9.21106
            ],
            [
              -63.87029,
              9.21386
            ],
            [
              -63.86934,
              9.2146
            ],
            [
              -63.86836,
              9.21472
            ],
            [
              -63.86253,
              9.21271
            ],
            [
              -63.86198,
              9.21325
            ],
            [
              -63.86175,
              9.21302
            ],
            [
              -63.86104,
              9.21304
            ],
            [
              -63.86025,
              9.21422
            ],
            [
              -63.85901,
              9.21516
            ],
            [
              -63.85842,
              9.21676
            ],
            [
              -63.85567,
              9.21947
            ],
            [
              -63.8549,
              9.2198
            ],
            [
              -63.85298,
              9.21898
            ],
            [
              -63.85067,
              9.22001
            ],
            [
              -63.8497,
              9.2213
            ],
            [
              -63.84864,
              9.22211
            ],
            [
              -63.84658,
              9.22289
            ],
            [
              -63.84515,
              9.22383
            ],
            [
              -63.84418,
              9.22486
            ],
            [
              -63.842,
              9.22622
            ],
            [
              -63.83988,
              9.2262
            ],
            [
              -63.83907,
              9.22673
            ],
            [
              -63.83847,
              9.22781
            ],
            [
              -63.83736,
              9.22843
            ],
            [
              -63.83567,
              9.22804
            ],
            [
              -63.83512,
              9.22857
            ],
            [
              -63.83362,
              9.22919
            ],
            [
              -63.83172,
              9.22949
            ],
            [
              -63.8295,
              9.22949
            ],
            [
              -63.82721,
              9.22883
            ],
            [
              -63.82349,
              9.22321
            ],
            [
              -63.81704,
              9.2195
            ],
            [
              -63.81331,
              9.21701
            ],
            [
              -63.80707,
              9.21652
            ],
            [
              -63.79131,
              9.21721
            ],
            [
              -63.78133,
              9.22636
            ],
            [
              -63.77091,
              9.22545
            ],
            [
              -63.76702,
              9.22176
            ],
            [
              -63.76147,
              9.22301
            ],
            [
              -63.75389,
              9.21914
            ],
            [
              -63.75036,
              9.21446
            ],
            [
              -63.74849,
              9.21398
            ],
            [
              -63.74819,
              9.21225
            ],
            [
              -63.74703,
              9.21101
            ],
            [
              -63.74675,
              9.20993
            ],
            [
              -63.74587,
              9.20885
            ],
            [
              -63.74494,
              9.20619
            ],
            [
              -63.7439,
              9.20382
            ],
            [
              -63.74392,
              9.20164
            ],
            [
              -63.74401,
              9.20003
            ],
            [
              -63.74267,
              9.19975
            ],
            [
              -63.74123,
              9.20005
            ],
            [
              -63.7388,
              9.19886
            ],
            [
              -63.73698,
              9.19813
            ],
            [
              -63.73351,
              9.19803
            ],
            [
              -63.73247,
              9.19808
            ],
            [
              -63.73274,
              9.19661
            ],
            [
              -63.73161,
              9.19567
            ],
            [
              -63.73055,
              9.19684
            ],
            [
              -63.72932,
              9.1973
            ],
            [
              -63.72789,
              9.19739
            ],
            [
              -63.72703,
              9.19969
            ],
            [
              -63.72579,
              9.20061
            ],
            [
              -63.72507,
              9.20096
            ],
            [
              -63.72428,
              9.19955
            ],
            [
              -63.72375,
              9.19772
            ],
            [
              -63.72248,
              9.19735
            ],
            [
              -63.72111,
              9.19774
            ],
            [
              -63.71922,
              9.19753
            ],
            [
              -63.71716,
              9.19809
            ],
            [
              -63.71591,
              9.19664
            ],
            [
              -63.71591,
              9.19508
            ],
            [
              -63.71516,
              9.19448
            ],
            [
              -63.71197,
              9.19354
            ],
            [
              -63.70991,
              9.19181
            ],
            [
              -63.70991,
              9.18878
            ],
            [
              -63.70974,
              9.18738
            ],
            [
              -63.70822,
              9.1874
            ],
            [
              -63.70736,
              9.18676
            ],
            [
              -63.70669,
              9.18543
            ],
            [
              -63.70511,
              9.18467
            ],
            [
              -63.70361,
              9.18474
            ],
            [
              -63.70181,
              9.18416
            ],
            [
              -63.69954,
              9.18414
            ],
            [
              -63.6973,
              9.18306
            ],
            [
              -63.69605,
              9.18265
            ],
            [
              -63.69521,
              9.18129
            ],
            [
              -63.69593,
              9.17943
            ],
            [
              -63.69653,
              9.17762
            ],
            [
              -63.6956,
              9.17608
            ],
            [
              -63.69294,
              9.1747
            ],
            [
              -63.69113,
              9.17311
            ],
            [
              -63.69004,
              9.17091
            ],
            [
              -63.68916,
              9.17008
            ],
            [
              -63.68868,
              9.16877
            ],
            [
              -63.68872,
              9.16732
            ],
            [
              -63.68819,
              9.16604
            ],
            [
              -63.6874,
              9.16399
            ],
            [
              -63.68742,
              9.16243
            ],
            [
              -63.68587,
              9.16252
            ],
            [
              -63.68379,
              9.16521
            ],
            [
              -63.68321,
              9.16625
            ],
            [
              -63.68236,
              9.16696
            ],
            [
              -63.68056,
              9.16664
            ],
            [
              -63.67931,
              9.16643
            ],
            [
              -63.67868,
              9.16457
            ],
            [
              -63.67833,
              9.16376
            ],
            [
              -63.67755,
              9.16397
            ],
            [
              -63.67667,
              9.16436
            ],
            [
              -63.67664,
              9.16252
            ],
            [
              -63.67796,
              9.16069
            ],
            [
              -63.67987,
              9.15901
            ],
            [
              -63.6804,
              9.15784
            ],
            [
              -63.67948,
              9.15763
            ],
            [
              -63.67805,
              9.15836
            ],
            [
              -63.67662,
              9.15944
            ],
            [
              -63.67544,
              9.15988
            ],
            [
              -63.67467,
              9.15908
            ],
            [
              -63.67342,
              9.15901
            ],
            [
              -63.67199,
              9.16013
            ],
            [
              -63.67044,
              9.16025
            ],
            [
              -63.6707,
              9.15834
            ],
            [
              -63.67065,
              9.15586
            ],
            [
              -63.66928,
              9.15533
            ],
            [
              -63.66813,
              9.15692
            ],
            [
              -63.66579,
              9.15846
            ],
            [
              -63.66376,
              9.15873
            ],
            [
              -63.66233,
              9.15903
            ],
            [
              -63.66066,
              9.15954
            ],
            [
              -63.65844,
              9.15901
            ],
            [
              -63.65606,
              9.15901
            ],
            [
              -63.6549,
              9.1577
            ],
            [
              -63.65335,
              9.15743
            ],
            [
              -63.65257,
              9.15784
            ],
            [
              -63.65148,
              9.15906
            ],
            [
              -63.64945,
              9.15798
            ],
            [
              -63.64769,
              9.15694
            ],
            [
              -63.64602,
              9.15667
            ],
            [
              -63.64639,
              9.15566
            ],
            [
              -63.64595,
              9.15453
            ],
            [
              -63.64523,
              9.15529
            ],
            [
              -63.64466,
              9.15662
            ],
            [
              -63.64281,
              9.15676
            ],
            [
              -63.64084,
              9.15607
            ],
            [
              -63.63915,
              9.15382
            ],
            [
              -63.6376,
              9.15203
            ],
            [
              -63.6364,
              9.15141
            ],
            [
              -63.63602,
              9.14971
            ],
            [
              -63.63466,
              9.14897
            ],
            [
              -63.63374,
              9.15053
            ],
            [
              -63.6336,
              9.15161
            ],
            [
              -63.63293,
              9.1521
            ],
            [
              -63.63228,
              9.15235
            ],
            [
              -63.6314,
              9.15154
            ],
            [
              -63.63177,
              9.14968
            ],
            [
              -63.63138,
              9.14879
            ],
            [
              -63.62974,
              9.1504
            ],
            [
              -63.62955,
              9.15154
            ],
            [
              -63.63006,
              9.15249
            ],
            [
              -63.62928,
              9.15276
            ],
            [
              -63.62817,
              9.15315
            ],
            [
              -63.62683,
              9.15304
            ],
            [
              -63.62614,
              9.15423
            ],
            [
              -63.62493,
              9.15423
            ],
            [
              -63.62308,
              9.15276
            ],
            [
              -63.62144,
              9.15095
            ],
            [
              -63.62033,
              9.15095
            ],
            [
              -63.61885,
              9.1503
            ],
            [
              -63.61732,
              9.14964
            ],
            [
              -63.61434,
              9.14842
            ],
            [
              -63.6129,
              9.14743
            ],
            [
              -63.6105,
              9.14665
            ],
            [
              -63.6076,
              9.14648
            ],
            [
              -63.60603,
              9.14591
            ],
            [
              -63.60562,
              9.14453
            ],
            [
              -63.6064,
              9.14153
            ],
            [
              -63.60697,
              9.13953
            ],
            [
              -63.60773,
              9.13824
            ],
            [
              -63.60829,
              9.13679
            ],
            [
              -63.60847,
              9.13555
            ],
            [
              -63.60755,
              9.13484
            ],
            [
              -63.60706,
              9.13408
            ],
            [
              -63.60586,
              9.13337
            ],
            [
              -63.60329,
              9.13249
            ],
            [
              -63.60239,
              9.13123
            ],
            [
              -63.60218,
              9.12909
            ],
            [
              -63.60227,
              9.12716
            ],
            [
              -63.60256,
              9.12512
            ],
            [
              -63.60191,
              9.12319
            ],
            [
              -63.60203,
              9.12105
            ],
            [
              -63.603,
              9.11976
            ],
            [
              -63.60448,
              9.11981
            ],
            [
              -63.60545,
              9.12126
            ],
            [
              -63.60684,
              9.12211
            ],
            [
              -63.60778,
              9.11976
            ],
            [
              -63.60859,
              9.11776
            ],
            [
              -63.60815,
              9.11687
            ],
            [
              -63.60713,
              9.11645
            ],
            [
              -63.60676,
              9.11427
            ],
            [
              -63.60743,
              9.11294
            ],
            [
              -63.60592,
              9.11227
            ],
            [
              -63.60537,
              9.11135
            ],
            [
              -63.60597,
              9.10973
            ],
            [
              -63.60546,
              9.10949
            ],
            [
              -63.60456,
              9.10749
            ],
            [
              -63.6037,
              9.10639
            ],
            [
              -63.60247,
              9.1063
            ],
            [
              -63.60122,
              9.10462
            ],
            [
              -63.60166,
              9.10255
            ],
            [
              -63.60126,
              9.1009
            ],
            [
              -63.59874,
              9.10046
            ],
            [
              -63.59874,
              9.09945
            ],
            [
              -63.60001,
              9.09881
            ],
            [
              -63.59934,
              9.09754
            ],
            [
              -63.59721,
              9.0974
            ],
            [
              -63.59627,
              9.09878
            ],
            [
              -63.59567,
              9.1003
            ],
            [
              -63.59387,
              9.10085
            ],
            [
              -63.59322,
              9.10292
            ],
            [
              -63.59264,
              9.10384
            ],
            [
              -63.59042,
              9.10154
            ],
            [
              -63.58885,
              9.09929
            ],
            [
              -63.58714,
              9.09938
            ],
            [
              -63.58772,
              9.10308
            ],
            [
              -63.58703,
              9.1057
            ],
            [
              -63.58439,
              9.10476
            ],
            [
              -63.58264,
              9.10434
            ],
            [
              -63.5813,
              9.10545
            ],
            [
              -63.58014,
              9.10639
            ],
            [
              -63.57908,
              9.10643
            ],
            [
              -63.57716,
              9.10522
            ],
            [
              -63.57457,
              9.10379
            ],
            [
              -63.57133,
              9.10418
            ],
            [
              -63.56879,
              9.10374
            ],
            [
              -63.56654,
              9.10388
            ],
            [
              -63.56532,
              9.10213
            ],
            [
              -63.56735,
              9.10046
            ],
            [
              -63.56943,
              9.09899
            ],
            [
              -63.56977,
              9.09584
            ],
            [
              -63.5675,
              9.09331
            ],
            [
              -63.56551,
              9.09205
            ],
            [
              -63.56332,
              9.09154
            ],
            [
              -63.56175,
              9.09368
            ],
            [
              -63.56041,
              9.09421
            ],
            [
              -63.55888,
              9.09388
            ],
            [
              -63.55765,
              9.0925
            ],
            [
              -63.55772,
              9.08982
            ],
            [
              -63.55513,
              9.08793
            ],
            [
              -63.55321,
              9.08853
            ],
            [
              -63.55085,
              9.08885
            ],
            [
              -63.54866,
              9.0883
            ],
            [
              -63.54704,
              9.08634
            ],
            [
              -63.54614,
              9.08604
            ],
            [
              -63.5441,
              9.08809
            ],
            [
              -63.54464,
              9.08986
            ],
            [
              -63.54499,
              9.09151
            ],
            [
              -63.54446,
              9.09264
            ],
            [
              -63.54254,
              9.09204
            ],
            [
              -63.54108,
              9.08894
            ],
            [
              -63.54024,
              9.08678
            ],
            [
              -63.53922,
              9.08471
            ],
            [
              -63.53682,
              9.08243
            ],
            [
              -63.53564,
              9.08027
            ],
            [
              -63.5351,
              9.07873
            ],
            [
              -63.53431,
              9.07724
            ],
            [
              -63.53334,
              9.07685
            ],
            [
              -63.53193,
              9.07784
            ],
            [
              -63.53129,
              9.0783
            ],
            [
              -63.52793,
              9.07586
            ],
            [
              -63.52597,
              9.07439
            ],
            [
              -63.52409,
              9.07432
            ],
            [
              -63.52278,
              9.07533
            ],
            [
              -63.52338,
              9.0725
            ],
            [
              -63.52541,
              9.0706
            ],
            [
              -63.52668,
              9.06915
            ],
            [
              -63.52723,
              9.06736
            ],
            [
              -63.5264,
              9.06582
            ],
            [
              -63.52497,
              9.06591
            ],
            [
              -63.52309,
              9.06669
            ],
            [
              -63.52108,
              9.06625
            ],
            [
              -63.52023,
              9.068
            ],
            [
              -63.52037,
              9.06922
            ],
            [
              -63.51944,
              9.07018
            ],
            [
              -63.51785,
              9.06977
            ],
            [
              -63.51672,
              9.06889
            ],
            [
              -63.51581,
              9.06965
            ],
            [
              -63.51605,
              9.07069
            ],
            [
              -63.51783,
              9.07218
            ],
            [
              -63.51794,
              9.07409
            ],
            [
              -63.51728,
              9.07524
            ],
            [
              -63.51612,
              9.07436
            ],
            [
              -63.516,
              9.07195
            ],
            [
              -63.51447,
              9.06997
            ],
            [
              -63.5132,
              9.06931
            ],
            [
              -63.51172,
              9.07041
            ],
            [
              -63.51115,
              9.0714
            ],
            [
              -63.50911,
              9.07149
            ],
            [
              -63.5093,
              9.06981
            ],
            [
              -63.51084,
              9.06857
            ],
            [
              -63.51262,
              9.0657
            ],
            [
              -63.51213,
              9.06409
            ],
            [
              -63.50998,
              9.06223
            ],
            [
              -63.50987,
              9.06005
            ],
            [
              -63.50945,
              9.05809
            ],
            [
              -63.5081,
              9.05591
            ],
            [
              -63.5078,
              9.05398
            ],
            [
              -63.50635,
              9.0537
            ],
            [
              -63.50494,
              9.05237
            ],
            [
              -63.50348,
              9.0512
            ],
            [
              -63.50278,
              9.04989
            ],
            [
              -63.50218,
              9.04869
            ],
            [
              -63.50137,
              9.04823
            ],
            [
              -63.50137,
              9.04825
            ],
            [
              -63.49839,
              9.05025
            ],
            [
              -63.49612,
              9.05148
            ],
            [
              -63.49473,
              9.05244
            ],
            [
              -63.49407,
              9.054
            ],
            [
              -63.49326,
              9.0556
            ],
            [
              -63.492,
              9.05619
            ],
            [
              -63.49029,
              9.05621
            ],
            [
              -63.48975,
              9.05745
            ],
            [
              -63.49035,
              9.05862
            ],
            [
              -63.49218,
              9.05888
            ],
            [
              -63.49364,
              9.05909
            ],
            [
              -63.49324,
              9.0601
            ],
            [
              -63.49114,
              9.06021
            ],
            [
              -63.48887,
              9.05986
            ],
            [
              -63.48633,
              9.05833
            ],
            [
              -63.48401,
              9.0572
            ],
            [
              -63.48325,
              9.05559
            ],
            [
              -63.48231,
              9.05365
            ],
            [
              -63.48211,
              9.05212
            ],
            [
              -63.48306,
              9.05067
            ],
            [
              -63.48202,
              9.04917
            ],
            [
              -63.48159,
              9.04812
            ],
            [
              -63.48279,
              9.04764
            ],
            [
              -63.48418,
              9.04755
            ],
            [
              -63.4843,
              9.04684
            ],
            [
              -63.48303,
              9.04518
            ],
            [
              -63.4828,
              9.04412
            ],
            [
              -63.48496,
              9.04406
            ],
            [
              -63.48618,
              9.04457
            ],
            [
              -63.48741,
              9.04364
            ],
            [
              -63.48763,
              9.04249
            ],
            [
              -63.48814,
              9.03971
            ],
            [
              -63.48926,
              9.03776
            ],
            [
              -63.48989,
              9.03613
            ],
            [
              -63.49003,
              9.03492
            ],
            [
              -63.4889,
              9.03432
            ],
            [
              -63.4864,
              9.03502
            ],
            [
              -63.48408,
              9.03616
            ],
            [
              -63.48225,
              9.03484
            ],
            [
              -63.48008,
              9.03481
            ],
            [
              -63.47927,
              9.03462
            ],
            [
              -63.47744,
              9.03379
            ],
            [
              -63.47553,
              9.03195
            ],
            [
              -63.47489,
              9.02866
            ],
            [
              -63.47569,
              9.02519
            ],
            [
              -63.47595,
              9.02251
            ],
            [
              -63.47607,
              9.02046
            ],
            [
              -63.47439,
              9.01795
            ],
            [
              -63.47199,
              9.01673
            ],
            [
              -63.47078,
              9.01808
            ],
            [
              -63.4701,
              9.02104
            ],
            [
              -63.46919,
              9.02379
            ],
            [
              -63.46761,
              9.02459
            ],
            [
              -63.4669,
              9.02195
            ],
            [
              -63.46605,
              9.01836
            ],
            [
              -63.46495,
              9.01688
            ],
            [
              -63.46317,
              9.01644
            ],
            [
              -63.46217,
              9.01515
            ],
            [
              -63.46089,
              9.01301
            ],
            [
              -63.45915,
              9.01225
            ],
            [
              -63.45808,
              9.01339
            ],
            [
              -63.45893,
              9.01523
            ],
            [
              -63.45981,
              9.01659
            ],
            [
              -63.45867,
              9.0181
            ],
            [
              -63.45649,
              9.01871
            ],
            [
              -63.4557,
              9.02069
            ],
            [
              -63.45578,
              9.02291
            ],
            [
              -63.45506,
              9.02413
            ],
            [
              -63.45413,
              9.02461
            ],
            [
              -63.45367,
              9.02564
            ],
            [
              -63.45249,
              9.02556
            ],
            [
              -63.45177,
              9.02476
            ],
            [
              -63.45029,
              9.02317
            ],
            [
              -63.44956,
              9.02114
            ],
            [
              -63.44932,
              9.01811
            ],
            [
              -63.45007,
              9.01483
            ],
            [
              -63.44855,
              9.01191
            ],
            [
              -63.44719,
              9.01022
            ],
            [
              -63.44571,
              9.00767
            ],
            [
              -63.44461,
              9.00544
            ],
            [
              -63.44218,
              9.00398
            ],
            [
              -63.4405,
              9.00372
            ],
            [
              -63.43927,
              9.00399
            ],
            [
              -63.43699,
              9.00626
            ],
            [
              -63.43541,
              9.00832
            ],
            [
              -63.43438,
              9.01057
            ],
            [
              -63.43368,
              9.01258
            ],
            [
              -63.43303,
              9.01414
            ],
            [
              -63.43134,
              9.01416
            ],
            [
              -63.4303,
              9.0142
            ],
            [
              -63.42931,
              9.01312
            ],
            [
              -63.42769,
              9.01254
            ],
            [
              -63.42663,
              9.01058
            ],
            [
              -63.42684,
              9.00891
            ],
            [
              -63.42768,
              9.00709
            ],
            [
              -63.42799,
              9.00572
            ],
            [
              -63.42778,
              9.0045
            ],
            [
              -63.42614,
              9.00399
            ],
            [
              -63.42459,
              9.0049
            ],
            [
              -63.42333,
              9.00584
            ],
            [
              -63.42134,
              9.00613
            ],
            [
              -63.42011,
              9.00755
            ],
            [
              -63.41874,
              9.00809
            ],
            [
              -63.41777,
              9.00837
            ],
            [
              -63.41833,
              9.00724
            ],
            [
              -63.41852,
              9.00593
            ],
            [
              -63.41868,
              9.00497
            ],
            [
              -63.4172,
              9.00425
            ],
            [
              -63.41593,
              9.00404
            ],
            [
              -63.41505,
              9.00323
            ],
            [
              -63.41533,
              9.0025
            ],
            [
              -63.4152,
              9.00172
            ],
            [
              -63.41455,
              9.00171
            ],
            [
              -63.41401,
              9.00249
            ],
            [
              -63.41334,
              9.00284
            ],
            [
              -63.41205,
              9.00276
            ],
            [
              -63.41124,
              9.00248
            ],
            [
              -63.41024,
              9.00287
            ],
            [
              -63.40925,
              9.00222
            ],
            [
              -63.40881,
              9.0008
            ],
            [
              -63.40789,
              9.00036
            ],
            [
              -63.4084,
              8.99859
            ],
            [
              -63.40734,
              8.99739
            ],
            [
              -63.40602,
              8.99775
            ],
            [
              -63.40502,
              8.99844
            ],
            [
              -63.40544,
              8.99938
            ],
            [
              -63.40509,
              9.00032
            ],
            [
              -63.40435,
              9.00004
            ],
            [
              -63.40328,
              8.99946
            ],
            [
              -63.40263,
              9.0005
            ],
            [
              -63.40258,
              9.00158
            ],
            [
              -63.4033,
              9.00243
            ],
            [
              -63.40352,
              9.00314
            ],
            [
              -63.40322,
              9.00404
            ],
            [
              -63.40216,
              9.00392
            ],
            [
              -63.40144,
              9.00215
            ],
            [
              -63.40052,
              9.00173
            ],
            [
              -63.40032,
              8.99959
            ],
            [
              -63.3996,
              8.99966
            ],
            [
              -63.39893,
              8.99903
            ],
            [
              -63.39766,
              8.99836
            ],
            [
              -63.39641,
              8.99834
            ],
            [
              -63.3944,
              8.99658
            ],
            [
              -63.39402,
              8.9952
            ],
            [
              -63.39518,
              8.99402
            ],
            [
              -63.39572,
              8.99277
            ],
            [
              -63.39793,
              8.99163
            ],
            [
              -63.39819,
              8.9908
            ],
            [
              -63.39777,
              8.98997
            ],
            [
              -63.39655,
              8.99033
            ],
            [
              -63.39547,
              8.99018
            ],
            [
              -63.39427,
              8.99006
            ],
            [
              -63.39447,
              8.989
            ],
            [
              -63.39458,
              8.98835
            ],
            [
              -63.39436,
              8.98762
            ],
            [
              -63.39421,
              8.98654
            ],
            [
              -63.39293,
              8.98699
            ],
            [
              -63.39275,
              8.98798
            ],
            [
              -63.39265,
              8.98906
            ],
            [
              -63.39139,
              8.98981
            ],
            [
              -63.39,
              8.98948
            ],
            [
              -63.38867,
              8.98991
            ],
            [
              -63.38729,
              8.98849
            ],
            [
              -63.38776,
              8.98686
            ],
            [
              -63.38621,
              8.98637
            ],
            [
              -63.38558,
              8.98479
            ],
            [
              -63.38558,
              8.98231
            ],
            [
              -63.38571,
              8.98139
            ],
            [
              -63.38641,
              8.97969
            ],
            [
              -63.38744,
              8.97906
            ],
            [
              -63.38725,
              8.97819
            ],
            [
              -63.38724,
              8.97741
            ],
            [
              -63.38795,
              8.97717
            ],
            [
              -63.38751,
              8.97635
            ],
            [
              -63.38612,
              8.97604
            ],
            [
              -63.38497,
              8.9764
            ],
            [
              -63.38436,
              8.97521
            ],
            [
              -63.38382,
              8.97428
            ],
            [
              -63.38311,
              8.97497
            ],
            [
              -63.38259,
              8.97589
            ],
            [
              -63.38083,
              8.9774
            ],
            [
              -63.38058,
              8.97729
            ],
            [
              -63.38082,
              8.97564
            ],
            [
              -63.38149,
              8.97402
            ],
            [
              -63.38029,
              8.97403
            ],
            [
              -63.37983,
              8.97326
            ],
            [
              -63.37975,
              8.97225
            ],
            [
              -63.38155,
              8.96984
            ],
            [
              -63.38156,
              8.96918
            ],
            [
              -63.38248,
              8.96862
            ],
            [
              -63.38194,
              8.96732
            ],
            [
              -63.38114,
              8.96572
            ],
            [
              -63.38105,
              8.96567
            ],
            [
              -63.38058,
              8.96638
            ],
            [
              -63.37988,
              8.96735
            ],
            [
              -63.37837,
              8.96944
            ],
            [
              -63.37794,
              8.97476
            ],
            [
              -63.37639,
              8.99413
            ],
            [
              -63.3761,
              8.99784
            ],
            [
              -63.37517,
              9.00947
            ],
            [
              -63.36507,
              9.13573
            ],
            [
              -63.31521,
              9.18422
            ],
            [
              -63.49749,
              9.50136
            ],
            [
              -63.49921,
              9.50103
            ],
            [
              -63.50052,
              9.50056
            ],
            [
              -63.50189,
              9.50034
            ],
            [
              -63.50665,
              9.49979
            ],
            [
              -63.50868,
              9.50072
            ],
            [
              -63.51216,
              9.5013
            ],
            [
              -63.51572,
              9.50353
            ],
            [
              -63.51946,
              9.50592
            ],
            [
              -63.5219,
              9.50886
            ],
            [
              -63.52331,
              9.51023
            ],
            [
              -63.52531,
              9.51226
            ],
            [
              -63.52675,
              9.51373
            ],
            [
              -63.52949,
              9.51565
            ],
            [
              -63.53161,
              9.51784
            ],
            [
              -63.53501,
              9.52027
            ],
            [
              -63.53667,
              9.52174
            ],
            [
              -63.53882,
              9.52303
            ],
            [
              -63.54087,
              9.52324
            ],
            [
              -63.54239,
              9.52283
            ],
            [
              -63.54404,
              9.52074
            ],
            [
              -63.54708,
              9.51974
            ],
            [
              -63.5504,
              9.52035
            ],
            [
              -63.55383,
              9.52079
            ],
            [
              -63.55572,
              9.51993
            ],
            [
              -63.55851,
              9.51846
            ],
            [
              -63.56094,
              9.51698
            ],
            [
              -63.56292,
              9.51628
            ],
            [
              -63.56688,
              9.51481
            ],
            [
              -63.56691,
              9.51238
            ],
            [
              -63.56991,
              9.50951
            ],
            [
              -63.5699,
              9.50753
            ],
            [
              -63.57144,
              9.50526
            ],
            [
              -63.5732,
              9.50381
            ],
            [
              -63.57636,
              9.50325
            ],
            [
              -63.57929,
              9.5018
            ],
            [
              -63.58084,
              9.50024
            ],
            [
              -63.58407,
              9.49821
            ],
            [
              -63.5889,
              9.49785
            ],
            [
              -63.59246,
              9.49767
            ],
            [
              -63.59684,
              9.49933
            ],
            [
              -63.60016,
              9.50138
            ],
            [
              -63.60267,
              9.5015
            ],
            [
              -63.60456,
              9.5014
            ],
            [
              -63.60684,
              9.50083
            ],
            [
              -63.61176,
              9.49987
            ],
            [
              -63.6155,
              9.49976
            ],
            [
              -63.61854,
              9.49966
            ],
            [
              -63.6217,
              9.50057
            ],
            [
              -63.62492,
              9.50101
            ],
            [
              -63.62838,
              9.50132
            ],
            [
              -63.63046,
              9.50011
            ],
            [
              -63.6316,
              9.49915
            ],
            [
              -63.63337,
              9.49827
            ],
            [
              -63.63619,
              9.49815
            ],
            [
              -63.6397,
              9.49876
            ],
            [
              -63.64103,
              9.49837
            ]
          ]
        ]
      }
    },
    {
      "type": "Feature",
      "properties": {
        "ADM1_ES": "Monagas",
        "ADM2_ES": "Bolívar",
        "parroquias_count": 1,
        "id": "bolivar",
        "nombre": "Bolívar",
        "capital": "Caripito",
        "poblacion": 45000,
        "electores": 32000,
        "color": "#0284c7"
      },
      "geometry": {
        "type": "Polygon",
        "coordinates": [
          [
            [
              -63.11816,
              10.21884
            ],
            [
              -63.11816,
              10.21884
            ],
            [
              -63.11829,
              10.22141
            ],
            [
              -63.11965,
              10.22185
            ],
            [
              -63.12106,
              10.22178
            ],
            [
              -63.12313,
              10.22169
            ],
            [
              -63.12426,
              10.22286
            ],
            [
              -63.12596,
              10.22325
            ],
            [
              -63.12697,
              10.22352
            ],
            [
              -63.128,
              10.22421
            ],
            [
              -63.1293,
              10.22454
            ],
            [
              -63.13106,
              10.22394
            ],
            [
              -63.13046,
              10.22255
            ],
            [
              -63.13139,
              10.22125
            ],
            [
              -63.1315,
              10.21946
            ],
            [
              -63.13183,
              10.21856
            ],
            [
              -63.13221,
              10.21736
            ],
            [
              -63.13346,
              10.21599
            ],
            [
              -63.13507,
              10.21484
            ],
            [
              -63.13762,
              10.21313
            ],
            [
              -63.13828,
              10.21138
            ],
            [
              -63.13886,
              10.20855
            ],
            [
              -63.13883,
              10.20655
            ],
            [
              -63.13905,
              10.2043
            ],
            [
              -63.1393,
              10.20269
            ],
            [
              -63.13923,
              10.20093
            ],
            [
              -63.13991,
              10.20025
            ],
            [
              -63.14099,
              10.19925
            ],
            [
              -63.14166,
              10.19764
            ],
            [
              -63.14288,
              10.19686
            ],
            [
              -63.14404,
              10.19588
            ],
            [
              -63.14531,
              10.19352
            ],
            [
              -63.14687,
              10.19256
            ],
            [
              -63.14742,
              10.19092
            ],
            [
              -63.14797,
              10.18922
            ],
            [
              -63.14766,
              10.187
            ],
            [
              -63.14708,
              10.184
            ],
            [
              -63.14637,
              10.18174
            ],
            [
              -63.14646,
              10.18015
            ],
            [
              -63.14879,
              10.17927
            ],
            [
              -63.14871,
              10.17739
            ],
            [
              -63.14913,
              10.17594
            ],
            [
              -63.15047,
              10.17409
            ],
            [
              -63.15124,
              10.1718
            ],
            [
              -63.15244,
              10.16961
            ],
            [
              -63.15291,
              10.1674
            ],
            [
              -63.15356,
              10.16569
            ],
            [
              -63.15606,
              10.16274
            ],
            [
              -63.15741,
              10.16135
            ],
            [
              -63.15908,
              10.1613
            ],
            [
              -63.16051,
              10.16048
            ],
            [
              -63.16257,
              10.16022
            ],
            [
              -63.16493,
              10.15968
            ],
            [
              -63.16715,
              10.15917
            ],
            [
              -63.16991,
              10.15782
            ],
            [
              -63.17224,
              10.15724
            ],
            [
              -63.17451,
              10.15555
            ],
            [
              -63.17646,
              10.15383
            ],
            [
              -63.17787,
              10.15186
            ],
            [
              -63.17869,
              10.15139
            ],
            [
              -63.18015,
              10.15089
            ],
            [
              -63.18255,
              10.1489
            ],
            [
              -63.18397,
              10.14776
            ],
            [
              -63.18527,
              10.14629
            ],
            [
              -63.18838,
              10.14404
            ],
            [
              -63.19578,
              10.16164
            ],
            [
              -63.20151,
              10.15478
            ],
            [
              -63.20237,
              10.15367
            ],
            [
              -63.21218,
              10.14111
            ],
            [
              -63.2216,
              10.12904
            ],
            [
              -63.22673,
              10.12246
            ],
            [
              -63.22365,
              10.12117
            ],
            [
              -63.22273,
              10.12048
            ],
            [
              -63.22111,
              10.11942
            ],
            [
              -63.21963,
              10.11811
            ],
            [
              -63.21869,
              10.1159
            ],
            [
              -63.21729,
              10.11397
            ],
            [
              -63.21583,
              10.11151
            ],
            [
              -63.21539,
              10.11012
            ],
            [
              -63.21444,
              10.10882
            ],
            [
              -63.21355,
              10.10727
            ],
            [
              -63.212,
              10.10615
            ],
            [
              -63.21036,
              10.10491
            ],
            [
              -63.20849,
              10.10384
            ],
            [
              -63.20731,
              10.10309
            ],
            [
              -63.20556,
              10.10124
            ],
            [
              -63.20431,
              10.09967
            ],
            [
              -63.20299,
              10.09836
            ],
            [
              -63.20121,
              10.09742
            ],
            [
              -63.19959,
              10.09639
            ],
            [
              -63.1976,
              10.09538
            ],
            [
              -63.19581,
              10.09401
            ],
            [
              -63.19375,
              10.09248
            ],
            [
              -63.19219,
              10.08963
            ],
            [
              -63.19015,
              10.08971
            ],
            [
              -63.18815,
              10.08939
            ],
            [
              -63.18656,
              10.08838
            ],
            [
              -63.18557,
              10.08658
            ],
            [
              -63.18507,
              10.08556
            ],
            [
              -63.18384,
              10.08404
            ],
            [
              -63.18316,
              10.08235
            ],
            [
              -63.18258,
              10.08082
            ],
            [
              -63.18177,
              10.07961
            ],
            [
              -63.18142,
              10.07792
            ],
            [
              -63.18044,
              10.07649
            ],
            [
              -63.17936,
              10.07435
            ],
            [
              -63.17837,
              10.07347
            ],
            [
              -63.17727,
              10.07282
            ],
            [
              -63.17649,
              10.07214
            ],
            [
              -63.17534,
              10.0711
            ],
            [
              -63.17467,
              10.06957
            ],
            [
              -63.17393,
              10.06885
            ],
            [
              -63.17275,
              10.06847
            ],
            [
              -63.17174,
              10.06803
            ],
            [
              -63.17074,
              10.06765
            ],
            [
              -63.16973,
              10.06741
            ],
            [
              -63.16927,
              10.06614
            ],
            [
              -63.16925,
              10.06465
            ],
            [
              -63.16841,
              10.06429
            ],
            [
              -63.16693,
              10.06346
            ],
            [
              -63.16597,
              10.06159
            ],
            [
              -63.1654,
              10.06043
            ],
            [
              -63.16504,
              10.05851
            ],
            [
              -63.16525,
              10.05713
            ],
            [
              -63.16396,
              10.05641
            ],
            [
              -63.16281,
              10.05547
            ],
            [
              -63.16222,
              10.05345
            ],
            [
              -63.16084,
              10.05267
            ],
            [
              -63.16017,
              10.05149
            ],
            [
              -63.15955,
              10.05044
            ],
            [
              -63.15888,
              10.04928
            ],
            [
              -63.15783,
              10.0475
            ],
            [
              -63.15735,
              10.04515
            ],
            [
              -63.15673,
              10.04428
            ],
            [
              -63.1558,
              10.04251
            ],
            [
              -63.15645,
              10.04144
            ],
            [
              -63.15651,
              10.04041
            ],
            [
              -63.15642,
              10.03906
            ],
            [
              -63.15541,
              10.03703
            ],
            [
              -63.15508,
              10.03536
            ],
            [
              -63.15484,
              10.03373
            ],
            [
              -63.15461,
              10.0325
            ],
            [
              -63.1538,
              10.03083
            ],
            [
              -63.15381,
              10.03001
            ],
            [
              -63.15399,
              10.02863
            ],
            [
              -63.15409,
              10.0273
            ],
            [
              -63.1536,
              10.02705
            ],
            [
              -63.15329,
              10.02552
            ],
            [
              -63.1534,
              10.02458
            ],
            [
              -63.15331,
              10.0237
            ],
            [
              -63.15325,
              10.0226
            ],
            [
              -63.15274,
              10.02156
            ],
            [
              -63.15151,
              10.0216
            ],
            [
              -63.14967,
              10.01946
            ],
            [
              -63.14887,
              10.01909
            ],
            [
              -63.1485,
              10.02022
            ],
            [
              -63.14845,
              10.02152
            ],
            [
              -63.14763,
              10.02227
            ],
            [
              -63.14684,
              10.0223
            ],
            [
              -63.14532,
              10.02184
            ],
            [
              -63.14524,
              10.02081
            ],
            [
              -63.14473,
              10.01988
            ],
            [
              -63.14525,
              10.01891
            ],
            [
              -63.14649,
              10.01783
            ],
            [
              -63.14611,
              10.01623
            ],
            [
              -63.14492,
              10.01405
            ],
            [
              -63.14313,
              10.01237
            ],
            [
              -63.14131,
              10.01325
            ],
            [
              -63.13919,
              10.01403
            ],
            [
              -63.13717,
              10.01393
            ],
            [
              -63.13615,
              10.01272
            ],
            [
              -63.13569,
              10.01177
            ],
            [
              -63.1354,
              10.01065
            ],
            [
              -63.13474,
              10.00999
            ],
            [
              -63.13433,
              10.0094
            ],
            [
              -63.13365,
              10.00909
            ],
            [
              -63.13284,
              10.00885
            ],
            [
              -63.13189,
              10.00927
            ],
            [
              -63.13042,
              10.01016
            ],
            [
              -63.13017,
              10.01019
            ],
            [
              -63.12964,
              10.01024
            ],
            [
              -63.12905,
              10.01112
            ],
            [
              -63.12971,
              10.01203
            ],
            [
              -63.12921,
              10.01293
            ],
            [
              -63.1289,
              10.01383
            ],
            [
              -63.12803,
              10.01417
            ],
            [
              -63.12785,
              10.01458
            ],
            [
              -63.12738,
              10.01434
            ],
            [
              -63.12664,
              10.01432
            ],
            [
              -63.12691,
              10.01547
            ],
            [
              -63.12719,
              10.01666
            ],
            [
              -63.12639,
              10.01754
            ],
            [
              -63.12519,
              10.01783
            ],
            [
              -63.12446,
              10.01864
            ],
            [
              -63.12354,
              10.01774
            ],
            [
              -63.12264,
              10.01679
            ],
            [
              -63.12189,
              10.01627
            ],
            [
              -63.12113,
              10.01669
            ],
            [
              -63.1198,
              10.0177
            ],
            [
              -63.11859,
              10.01912
            ],
            [
              -63.11833,
              10.01839
            ],
            [
              -63.1169,
              10.01916
            ],
            [
              -63.11623,
              10.02062
            ],
            [
              -63.11527,
              10.02141
            ],
            [
              -63.11409,
              10.02179
            ],
            [
              -63.11288,
              10.02284
            ],
            [
              -63.11191,
              10.02309
            ],
            [
              -63.11072,
              10.02267
            ],
            [
              -63.11133,
              10.02188
            ],
            [
              -63.11034,
              10.02217
            ],
            [
              -63.10925,
              10.02259
            ],
            [
              -63.10819,
              10.02277
            ],
            [
              -63.10735,
              10.02384
            ],
            [
              -63.10696,
              10.02568
            ],
            [
              -63.10665,
              10.02683
            ],
            [
              -63.10658,
              10.02768
            ],
            [
              -63.10678,
              10.02892
            ],
            [
              -63.10555,
              10.02864
            ],
            [
              -63.10444,
              10.02918
            ],
            [
              -63.10311,
              10.03025
            ],
            [
              -63.10158,
              10.03167
            ],
            [
              -63.1006,
              10.03107
            ],
            [
              -63.10029,
              10.03215
            ],
            [
              -63.10063,
              10.0329
            ],
            [
              -63.10034,
              10.03394
            ],
            [
              -63.09953,
              10.03377
            ],
            [
              -63.09877,
              10.03417
            ],
            [
              -63.0977,
              10.03437
            ],
            [
              -63.09822,
              10.03493
            ],
            [
              -63.0986,
              10.03522
            ],
            [
              -63.09858,
              10.03534
            ],
            [
              -63.09768,
              10.03593
            ],
            [
              -63.09795,
              10.03652
            ],
            [
              -63.09872,
              10.03665
            ],
            [
              -63.09882,
              10.0374
            ],
            [
              -63.09857,
              10.038
            ],
            [
              -63.09925,
              10.03811
            ],
            [
              -63.09835,
              10.03867
            ],
            [
              -63.09768,
              10.03859
            ],
            [
              -63.09737,
              10.03928
            ],
            [
              -63.09611,
              10.03921
            ],
            [
              -63.09471,
              10.03984
            ],
            [
              -63.09334,
              10.04007
            ],
            [
              -63.0922,
              10.03958
            ],
            [
              -63.09192,
              10.03846
            ],
            [
              -63.09161,
              10.03759
            ],
            [
              -63.09099,
              10.03792
            ],
            [
              -63.09024,
              10.03775
            ],
            [
              -63.08903,
              10.03742
            ],
            [
              -63.08821,
              10.03718
            ],
            [
              -63.08781,
              10.03794
            ],
            [
              -63.0874,
              10.03742
            ],
            [
              -63.08668,
              10.0386
            ],
            [
              -63.0858,
              10.03861
            ],
            [
              -63.08462,
              10.03865
            ],
            [
              -63.083,
              10.03932
            ],
            [
              -63.08235,
              10.03933
            ],
            [
              -63.0818,
              10.03933
            ],
            [
              -63.08125,
              10.0401
            ],
            [
              -63.08056,
              10.04011
            ],
            [
              -63.07983,
              10.03984
            ],
            [
              -63.07914,
              10.03983
            ],
            [
              -63.07875,
              10.04032
            ],
            [
              -63.07798,
              10.04005
            ],
            [
              -63.07802,
              10.03943
            ],
            [
              -63.07761,
              10.03866
            ],
            [
              -63.07699,
              10.03887
            ],
            [
              -63.07573,
              10.03896
            ],
            [
              -63.07507,
              10.03805
            ],
            [
              -63.07384,
              10.03797
            ],
            [
              -63.07329,
              10.03826
            ],
            [
              -63.07316,
              10.03899
            ],
            [
              -63.07159,
              10.03957
            ],
            [
              -63.07013,
              10.03972
            ],
            [
              -63.07022,
              10.03919
            ],
            [
              -63.07064,
              10.03836
            ],
            [
              -63.07093,
              10.03762
            ],
            [
              -63.07044,
              10.03744
            ],
            [
              -63.07035,
              10.0374
            ],
            [
              -63.06942,
              10.03854
            ],
            [
              -63.06771,
              10.03932
            ],
            [
              -63.06674,
              10.03968
            ],
            [
              -63.06692,
              10.04078
            ],
            [
              -63.06603,
              10.04143
            ],
            [
              -63.06523,
              10.04257
            ],
            [
              -63.06453,
              10.04331
            ],
            [
              -63.06355,
              10.04484
            ],
            [
              -63.06297,
              10.04604
            ],
            [
              -63.06185,
              10.04738
            ],
            [
              -63.06135,
              10.04898
            ],
            [
              -63.06118,
              10.05026
            ],
            [
              -63.06044,
              10.05211
            ],
            [
              -63.05951,
              10.05331
            ],
            [
              -63.05901,
              10.05516
            ],
            [
              -63.05922,
              10.05653
            ],
            [
              -63.05868,
              10.05812
            ],
            [
              -63.05843,
              10.0595
            ],
            [
              -63.05754,
              10.06061
            ],
            [
              -63.05656,
              10.0618
            ],
            [
              -63.05579,
              10.063
            ],
            [
              -63.05444,
              10.06401
            ],
            [
              -63.05245,
              10.06422
            ],
            [
              -63.05026,
              10.06413
            ],
            [
              -63.04944,
              10.06637
            ],
            [
              -63.04963,
              10.06823
            ],
            [
              -63.05013,
              10.06847
            ],
            [
              -63.05004,
              10.07012
            ],
            [
              -63.04983,
              10.0716
            ],
            [
              -63.04832,
              10.07322
            ],
            [
              -63.04735,
              10.07337
            ],
            [
              -63.04541,
              10.07533
            ],
            [
              -63.04321,
              10.07699
            ],
            [
              -63.04276,
              10.07667
            ],
            [
              -63.04069,
              10.07645
            ],
            [
              -63.03922,
              10.07599
            ],
            [
              -63.0382,
              10.07722
            ],
            [
              -63.03891,
              10.07796
            ],
            [
              -63.03686,
              10.07797
            ],
            [
              -63.03531,
              10.07785
            ],
            [
              -63.03464,
              10.07825
            ],
            [
              -63.03426,
              10.07838
            ],
            [
              -63.03346,
              10.07863
            ],
            [
              -63.03158,
              10.07983
            ],
            [
              -63.02959,
              10.08041
            ],
            [
              -63.02778,
              10.08199
            ],
            [
              -63.02684,
              10.08361
            ],
            [
              -63.02572,
              10.08434
            ],
            [
              -63.02548,
              10.0845
            ],
            [
              -63.0249,
              10.08609
            ],
            [
              -63.024,
              10.08663
            ],
            [
              -63.02296,
              10.08807
            ],
            [
              -63.02252,
              10.08957
            ],
            [
              -63.02262,
              10.09124
            ],
            [
              -63.02282,
              10.09266
            ],
            [
              -63.02039,
              10.09306
            ],
            [
              -63.02003,
              10.09504
            ],
            [
              -63.01975,
              10.09651
            ],
            [
              -63.02115,
              10.09817
            ],
            [
              -63.02095,
              10.09884
            ],
            [
              -63.02092,
              10.09892
            ],
            [
              -63.02059,
              10.09963
            ],
            [
              -63.02075,
              10.09974
            ],
            [
              -63.02167,
              10.10055
            ],
            [
              -63.02305,
              10.10244
            ],
            [
              -63.02605,
              10.10483
            ],
            [
              -63.02845,
              10.10642
            ],
            [
              -63.02968,
              10.1082
            ],
            [
              -63.0308,
              10.1102
            ],
            [
              -63.03243,
              10.11291
            ],
            [
              -63.03466,
              10.11451
            ],
            [
              -63.03734,
              10.11566
            ],
            [
              -63.04072,
              10.1175
            ],
            [
              -63.04263,
              10.11963
            ],
            [
              -63.04379,
              10.12081
            ],
            [
              -63.04505,
              10.12281
            ],
            [
              -63.04541,
              10.12528
            ],
            [
              -63.04548,
              10.12824
            ],
            [
              -63.0447,
              10.13133
            ],
            [
              -63.04401,
              10.1351
            ],
            [
              -63.04387,
              10.13783
            ],
            [
              -63.04448,
              10.14081
            ],
            [
              -63.0465,
              10.14383
            ],
            [
              -63.04839,
              10.14585
            ],
            [
              -63.05008,
              10.14741
            ],
            [
              -63.05287,
              10.15035
            ],
            [
              -63.05467,
              10.15386
            ],
            [
              -63.05562,
              10.15662
            ],
            [
              -63.05666,
              10.15964
            ],
            [
              -63.0559,
              10.16291
            ],
            [
              -63.05475,
              10.16655
            ],
            [
              -63.05384,
              10.16865
            ],
            [
              -63.05326,
              10.17063
            ],
            [
              -63.05411,
              10.17278
            ],
            [
              -63.05483,
              10.17407
            ],
            [
              -63.05629,
              10.17438
            ],
            [
              -63.05982,
              10.17419
            ],
            [
              -63.06274,
              10.17557
            ],
            [
              -63.06534,
              10.17818
            ],
            [
              -63.06603,
              10.18071
            ],
            [
              -63.06571,
              10.1842
            ],
            [
              -63.06524,
              10.18625
            ],
            [
              -63.06415,
              10.18932
            ],
            [
              -63.0635,
              10.1924
            ],
            [
              -63.06301,
              10.19498
            ],
            [
              -63.064,
              10.19733
            ],
            [
              -63.06578,
              10.19969
            ],
            [
              -63.06709,
              10.20064
            ],
            [
              -63.07033,
              10.20103
            ],
            [
              -63.07337,
              10.20101
            ],
            [
              -63.07345,
              10.20101
            ],
            [
              -63.07345,
              10.20101
            ],
            [
              -63.07374,
              10.201
            ],
            [
              -63.07673,
              10.2008
            ],
            [
              -63.0802,
              10.20007
            ],
            [
              -63.08236,
              10.19889
            ],
            [
              -63.08425,
              10.19623
            ],
            [
              -63.08514,
              10.1927
            ],
            [
              -63.0859,
              10.18934
            ],
            [
              -63.08736,
              10.18639
            ],
            [
              -63.08975,
              10.18495
            ],
            [
              -63.09485,
              10.18415
            ],
            [
              -63.09885,
              10.18451
            ],
            [
              -63.10196,
              10.18589
            ],
            [
              -63.10336,
              10.18635
            ],
            [
              -63.10548,
              10.18827
            ],
            [
              -63.10797,
              10.1906
            ],
            [
              -63.11009,
              10.19385
            ],
            [
              -63.11142,
              10.1956
            ],
            [
              -63.11299,
              10.19767
            ],
            [
              -63.11462,
              10.20097
            ],
            [
              -63.11543,
              10.20378
            ],
            [
              -63.11762,
              10.20692
            ],
            [
              -63.11867,
              10.20881
            ],
            [
              -63.11956,
              10.21192
            ],
            [
              -63.11858,
              10.21455
            ],
            [
              -63.11816,
              10.21884
            ]
          ]
        ]
      }
    },
    {
      "type": "Feature",
      "properties": {
        "ADM1_ES": "Monagas",
        "ADM2_ES": "Piar",
        "parroquias_count": 7,
        "id": "piar",
        "nombre": "Piar",
        "capital": "Aragua de Maturín",
        "poblacion": 54000,
        "electores": 35000,
        "color": "#f59e0b"
      },
      "geometry": {
        "type": "Polygon",
        "coordinates": [
          [
            [
              -63.29455,
              9.93789
            ],
            [
              -63.29402,
              9.93729
            ],
            [
              -63.29287,
              9.93766
            ],
            [
              -63.29265,
              9.93723
            ],
            [
              -63.29239,
              9.93701
            ],
            [
              -63.29173,
              9.9374
            ],
            [
              -63.29102,
              9.93836
            ],
            [
              -63.29004,
              9.93825
            ],
            [
              -63.28999,
              9.93733
            ],
            [
              -63.28924,
              9.93721
            ],
            [
              -63.28858,
              9.93826
            ],
            [
              -63.28811,
              9.93809
            ],
            [
              -63.28739,
              9.93745
            ],
            [
              -63.28682,
              9.937
            ],
            [
              -63.28566,
              9.93687
            ],
            [
              -63.28541,
              9.93706
            ],
            [
              -63.28429,
              9.9368
            ],
            [
              -63.2837,
              9.93651
            ],
            [
              -63.28258,
              9.93569
            ],
            [
              -63.28116,
              9.93569
            ],
            [
              -63.27896,
              9.93566
            ],
            [
              -63.27805,
              9.93563
            ],
            [
              -63.27835,
              9.93473
            ],
            [
              -63.27896,
              9.934
            ],
            [
              -63.27841,
              9.93358
            ],
            [
              -63.27792,
              9.93366
            ],
            [
              -63.27732,
              9.93451
            ],
            [
              -63.27656,
              9.93524
            ],
            [
              -63.2758,
              9.93558
            ],
            [
              -63.27501,
              9.93551
            ],
            [
              -63.2748,
              9.93529
            ],
            [
              -63.27455,
              9.93477
            ],
            [
              -63.27396,
              9.93457
            ],
            [
              -63.27312,
              9.93434
            ],
            [
              -63.27213,
              9.93396
            ],
            [
              -63.27125,
              9.93313
            ],
            [
              -63.27074,
              9.93255
            ],
            [
              -63.27068,
              9.93191
            ],
            [
              -63.2701,
              9.93133
            ],
            [
              -63.26898,
              9.93094
            ],
            [
              -63.26784,
              9.93075
            ],
            [
              -63.26703,
              9.93038
            ],
            [
              -63.26648,
              9.92883
            ],
            [
              -63.26601,
              9.92735
            ],
            [
              -63.26575,
              9.92614
            ],
            [
              -63.2645,
              9.92427
            ],
            [
              -63.26309,
              9.92422
            ],
            [
              -63.26195,
              9.9242
            ],
            [
              -63.26069,
              9.92412
            ],
            [
              -63.2596,
              9.92411
            ],
            [
              -63.25853,
              9.924
            ],
            [
              -63.25754,
              9.92425
            ],
            [
              -63.25611,
              9.92503
            ],
            [
              -63.2553,
              9.9261
            ],
            [
              -63.25456,
              9.92691
            ],
            [
              -63.25334,
              9.92719
            ],
            [
              -63.25266,
              9.92696
            ],
            [
              -63.25241,
              9.9263
            ],
            [
              -63.25168,
              9.92531
            ],
            [
              -63.25058,
              9.92492
            ],
            [
              -63.24897,
              9.92373
            ],
            [
              -63.2484,
              9.92345
            ],
            [
              -63.24764,
              9.92275
            ],
            [
              -63.24678,
              9.92191
            ],
            [
              -63.2457,
              9.92097
            ],
            [
              -63.24504,
              9.92064
            ],
            [
              -63.2441,
              9.91941
            ],
            [
              -63.24328,
              9.91922
            ],
            [
              -63.24257,
              9.91931
            ],
            [
              -63.24178,
              9.91929
            ],
            [
              -63.24084,
              9.91821
            ],
            [
              -63.24038,
              9.91762
            ],
            [
              -63.24026,
              9.91669
            ],
            [
              -63.23993,
              9.91571
            ],
            [
              -63.23951,
              9.91436
            ],
            [
              -63.23873,
              9.91455
            ],
            [
              -63.23829,
              9.91392
            ],
            [
              -63.23792,
              9.9131
            ],
            [
              -63.23705,
              9.91257
            ],
            [
              -63.23669,
              9.91226
            ],
            [
              -63.237,
              9.91193
            ],
            [
              -63.2377,
              9.91184
            ],
            [
              -63.2376,
              9.91152
            ],
            [
              -63.23627,
              9.91138
            ],
            [
              -63.23509,
              9.91145
            ],
            [
              -63.23396,
              9.91174
            ],
            [
              -63.23307,
              9.91142
            ],
            [
              -63.23207,
              9.91151
            ],
            [
              -63.23152,
              9.91167
            ],
            [
              -63.23043,
              9.91163
            ],
            [
              -63.22956,
              9.91135
            ],
            [
              -63.22878,
              9.91084
            ],
            [
              -63.22824,
              9.91049
            ],
            [
              -63.22738,
              9.90898
            ],
            [
              -63.22667,
              9.90704
            ],
            [
              -63.22529,
              9.90674
            ],
            [
              -63.22447,
              9.90717
            ],
            [
              -63.22271,
              9.9089
            ],
            [
              -63.222,
              9.90903
            ],
            [
              -63.22116,
              9.90885
            ],
            [
              -63.22033,
              9.9082
            ],
            [
              -63.21929,
              9.9077
            ],
            [
              -63.21851,
              9.9072
            ],
            [
              -63.21734,
              9.9062
            ],
            [
              -63.21664,
              9.90605
            ],
            [
              -63.21624,
              9.9057
            ],
            [
              -63.21595,
              9.90456
            ],
            [
              -63.21559,
              9.90351
            ],
            [
              -63.21587,
              9.9027
            ],
            [
              -63.21637,
              9.90243
            ],
            [
              -63.21604,
              9.90155
            ],
            [
              -63.21557,
              9.90053
            ],
            [
              -63.215,
              9.89949
            ],
            [
              -63.21415,
              9.89896
            ],
            [
              -63.21284,
              9.89867
            ],
            [
              -63.21124,
              9.89844
            ],
            [
              -63.21047,
              9.89766
            ],
            [
              -63.20898,
              9.89763
            ],
            [
              -63.20797,
              9.89775
            ],
            [
              -63.20694,
              9.89814
            ],
            [
              -63.20515,
              9.89841
            ],
            [
              -63.20635,
              9.89657
            ],
            [
              -63.20696,
              9.89594
            ],
            [
              -63.2072,
              9.89464
            ],
            [
              -63.20742,
              9.89354
            ],
            [
              -63.20827,
              9.89328
            ],
            [
              -63.20816,
              9.892
            ],
            [
              -63.20733,
              9.89062
            ],
            [
              -63.20657,
              9.88979
            ],
            [
              -63.20574,
              9.88874
            ],
            [
              -63.20576,
              9.88763
            ],
            [
              -63.20651,
              9.8864
            ],
            [
              -63.20665,
              9.88486
            ],
            [
              -63.20733,
              9.88383
            ],
            [
              -63.20802,
              9.88284
            ],
            [
              -63.20883,
              9.88177
            ],
            [
              -63.20993,
              9.88063
            ],
            [
              -63.21136,
              9.87963
            ],
            [
              -63.21288,
              9.8792
            ],
            [
              -63.21351,
              9.87875
            ],
            [
              -63.21421,
              9.87811
            ],
            [
              -63.21462,
              9.87713
            ],
            [
              -63.21534,
              9.87546
            ],
            [
              -63.21578,
              9.87398
            ],
            [
              -63.21592,
              9.87257
            ],
            [
              -63.21633,
              9.87157
            ],
            [
              -63.21715,
              9.87036
            ],
            [
              -63.21774,
              9.8691
            ],
            [
              -63.21833,
              9.86854
            ],
            [
              -63.21894,
              9.8679
            ],
            [
              -63.21953,
              9.86687
            ],
            [
              -63.22045,
              9.86598
            ],
            [
              -63.22108,
              9.86518
            ],
            [
              -63.22177,
              9.86417
            ],
            [
              -63.22277,
              9.86359
            ],
            [
              -63.22386,
              9.86283
            ],
            [
              -63.22479,
              9.86209
            ],
            [
              -63.22624,
              9.86084
            ],
            [
              -63.22815,
              9.86039
            ],
            [
              -63.22982,
              9.86051
            ],
            [
              -63.23211,
              9.86091
            ],
            [
              -63.23359,
              9.86073
            ],
            [
              -63.23585,
              9.86037
            ],
            [
              -63.23792,
              9.86052
            ],
            [
              -63.23964,
              9.85983
            ],
            [
              -63.24101,
              9.86002
            ],
            [
              -63.24331,
              9.8601
            ],
            [
              -63.24468,
              9.86107
            ],
            [
              -63.24682,
              9.862
            ],
            [
              -63.24828,
              9.86194
            ],
            [
              -63.25002,
              9.8612
            ],
            [
              -63.25201,
              9.86078
            ],
            [
              -63.25331,
              9.86012
            ],
            [
              -63.25615,
              9.86041
            ],
            [
              -63.25801,
              9.8608
            ],
            [
              -63.25909,
              9.86045
            ],
            [
              -63.26141,
              9.86043
            ],
            [
              -63.26267,
              9.85966
            ],
            [
              -63.26349,
              9.85925
            ],
            [
              -63.26463,
              9.85869
            ],
            [
              -63.26598,
              9.85817
            ],
            [
              -63.26657,
              9.85777
            ],
            [
              -63.2686,
              9.85714
            ],
            [
              -63.27068,
              9.85687
            ],
            [
              -63.27182,
              9.85556
            ],
            [
              -63.27246,
              9.8546
            ],
            [
              -63.27457,
              9.85387
            ],
            [
              -63.2753,
              9.85342
            ],
            [
              -63.27546,
              9.85314
            ],
            [
              -63.2764,
              9.85229
            ],
            [
              -63.27831,
              9.85168
            ],
            [
              -63.27982,
              9.85164
            ],
            [
              -63.28099,
              9.85193
            ],
            [
              -63.28301,
              9.85199
            ],
            [
              -63.28552,
              9.85162
            ],
            [
              -63.28794,
              9.85101
            ],
            [
              -63.28965,
              9.85075
            ],
            [
              -63.29122,
              9.84977
            ],
            [
              -63.29296,
              9.84968
            ],
            [
              -63.29365,
              9.85032
            ],
            [
              -63.2952,
              9.85083
            ],
            [
              -63.29634,
              9.85108
            ],
            [
              -63.29825,
              9.85132
            ],
            [
              -63.30046,
              9.85154
            ],
            [
              -63.30247,
              9.85139
            ],
            [
              -63.30288,
              9.85186
            ],
            [
              -63.30386,
              9.85273
            ],
            [
              -63.30538,
              9.85384
            ],
            [
              -63.30744,
              9.85449
            ],
            [
              -63.30916,
              9.85465
            ],
            [
              -63.31058,
              9.8548
            ],
            [
              -63.31142,
              9.855
            ],
            [
              -63.31225,
              9.85629
            ],
            [
              -63.31384,
              9.85661
            ],
            [
              -63.3151,
              9.85692
            ],
            [
              -63.31702,
              9.8574
            ],
            [
              -63.31816,
              9.85748
            ],
            [
              -63.32084,
              9.85734
            ],
            [
              -63.32143,
              9.85758
            ],
            [
              -63.32213,
              9.85864
            ],
            [
              -63.32402,
              9.85877
            ],
            [
              -63.32514,
              9.85835
            ],
            [
              -63.32655,
              9.85826
            ],
            [
              -63.32737,
              9.85829
            ],
            [
              -63.3284,
              9.8581
            ],
            [
              -63.32894,
              9.85733
            ],
            [
              -63.3296,
              9.85696
            ],
            [
              -63.33066,
              9.85684
            ],
            [
              -63.33249,
              9.85668
            ],
            [
              -63.33331,
              9.8561
            ],
            [
              -63.33507,
              9.85666
            ],
            [
              -63.30372,
              9.78858
            ],
            [
              -63.30446,
              9.7876
            ],
            [
              -63.30691,
              9.78758
            ],
            [
              -63.30788,
              9.78794
            ],
            [
              -63.3101,
              9.78783
            ],
            [
              -63.31217,
              9.78808
            ],
            [
              -63.3134,
              9.788
            ],
            [
              -63.31521,
              9.78808
            ],
            [
              -63.31673,
              9.78859
            ],
            [
              -63.31782,
              9.78916
            ],
            [
              -63.31923,
              9.78917
            ],
            [
              -63.32123,
              9.78946
            ],
            [
              -63.3232,
              9.78913
            ],
            [
              -63.32547,
              9.78998
            ],
            [
              -63.32699,
              9.79033
            ],
            [
              -63.32817,
              9.7911
            ],
            [
              -63.32946,
              9.79164
            ],
            [
              -63.33084,
              9.7919
            ],
            [
              -63.33255,
              9.79227
            ],
            [
              -63.33362,
              9.79311
            ],
            [
              -63.33464,
              9.79338
            ],
            [
              -63.33548,
              9.79494
            ],
            [
              -63.33692,
              9.79562
            ],
            [
              -63.33835,
              9.79537
            ],
            [
              -63.33994,
              9.79533
            ],
            [
              -63.34129,
              9.79541
            ],
            [
              -63.34291,
              9.79444
            ],
            [
              -63.34604,
              9.7928
            ],
            [
              -63.34823,
              9.79241
            ],
            [
              -63.34957,
              9.7916
            ],
            [
              -63.35071,
              9.79033
            ],
            [
              -63.35262,
              9.78974
            ],
            [
              -63.35398,
              9.79003
            ],
            [
              -63.35491,
              9.79186
            ],
            [
              -63.35593,
              9.7933
            ],
            [
              -63.35791,
              9.79357
            ],
            [
              -63.35885,
              9.79302
            ],
            [
              -63.35992,
              9.79398
            ],
            [
              -63.36137,
              9.79375
            ],
            [
              -63.36302,
              9.79378
            ],
            [
              -63.36399,
              9.79379
            ],
            [
              -63.36445,
              9.79348
            ],
            [
              -63.36589,
              9.79342
            ],
            [
              -63.36697,
              9.79337
            ],
            [
              -63.36831,
              9.79308
            ],
            [
              -63.37009,
              9.79296
            ],
            [
              -63.37139,
              9.79233
            ],
            [
              -63.3732,
              9.79223
            ],
            [
              -63.37481,
              9.79187
            ],
            [
              -63.37581,
              9.7912
            ],
            [
              -63.37664,
              9.79016
            ],
            [
              -63.37814,
              9.78909
            ],
            [
              -63.37963,
              9.7902
            ],
            [
              -63.38055,
              9.79058
            ],
            [
              -63.38155,
              9.79092
            ],
            [
              -63.38213,
              9.79065
            ],
            [
              -63.38167,
              9.78952
            ],
            [
              -63.3814,
              9.78801
            ],
            [
              -63.38235,
              9.78663
            ],
            [
              -63.3837,
              9.78609
            ],
            [
              -63.38587,
              9.78584
            ],
            [
              -63.38834,
              9.78529
            ],
            [
              -63.38953,
              9.78483
            ],
            [
              -63.39086,
              9.78428
            ],
            [
              -63.39209,
              9.78427
            ],
            [
              -63.39284,
              9.78379
            ],
            [
              -63.39379,
              9.78241
            ],
            [
              -63.39442,
              9.7826
            ],
            [
              -63.3948,
              9.7836
            ],
            [
              -63.39599,
              9.78313
            ],
            [
              -63.39653,
              9.78231
            ],
            [
              -63.39736,
              9.78231
            ],
            [
              -63.39849,
              9.78359
            ],
            [
              -63.4001,
              9.78378
            ],
            [
              -63.40124,
              9.78328
            ],
            [
              -63.40281,
              9.78303
            ],
            [
              -63.40471,
              9.78436
            ],
            [
              -63.40602,
              9.78501
            ],
            [
              -63.40746,
              9.78405
            ],
            [
              -63.40987,
              9.7833
            ],
            [
              -63.41185,
              9.78283
            ],
            [
              -63.41295,
              9.78326
            ],
            [
              -63.41381,
              9.7839
            ],
            [
              -63.41592,
              9.78311
            ],
            [
              -63.41719,
              9.783
            ],
            [
              -63.41845,
              9.78178
            ],
            [
              -63.41929,
              9.78049
            ],
            [
              -63.42041,
              9.78073
            ],
            [
              -63.42084,
              9.78274
            ],
            [
              -63.42206,
              9.78457
            ],
            [
              -63.42333,
              9.78531
            ],
            [
              -63.42334,
              9.78531
            ],
            [
              -63.42478,
              9.78553
            ],
            [
              -63.42645,
              9.78562
            ],
            [
              -63.42923,
              9.78407
            ],
            [
              -63.43021,
              9.78418
            ],
            [
              -63.43064,
              9.78516
            ],
            [
              -63.43169,
              9.7854
            ],
            [
              -63.43311,
              9.78654
            ],
            [
              -63.43421,
              9.78742
            ],
            [
              -63.43609,
              9.78739
            ],
            [
              -63.43783,
              9.78755
            ],
            [
              -63.43939,
              9.78788
            ],
            [
              -63.44067,
              9.78926
            ],
            [
              -63.44181,
              9.79107
            ],
            [
              -63.4432,
              9.7917
            ],
            [
              -63.44511,
              9.79183
            ],
            [
              -63.44672,
              9.79215
            ],
            [
              -63.44793,
              9.79226
            ],
            [
              -63.4495,
              9.79226
            ],
            [
              -63.45124,
              9.7929
            ],
            [
              -63.45238,
              9.79376
            ],
            [
              -63.45308,
              9.79471
            ],
            [
              -63.45393,
              9.79507
            ],
            [
              -63.45495,
              9.79594
            ],
            [
              -63.4549,
              9.7962
            ],
            [
              -63.45607,
              9.79594
            ],
            [
              -63.45818,
              9.79523
            ],
            [
              -63.45959,
              9.79508
            ],
            [
              -63.46137,
              9.79567
            ],
            [
              -63.46266,
              9.79614
            ],
            [
              -63.46437,
              9.79667
            ],
            [
              -63.46491,
              9.79849
            ],
            [
              -63.4659,
              9.79959
            ],
            [
              -63.46688,
              9.80062
            ],
            [
              -63.46779,
              9.80149
            ],
            [
              -63.46877,
              9.80254
            ],
            [
              -63.46968,
              9.80336
            ],
            [
              -63.46974,
              9.80538
            ],
            [
              -63.46998,
              9.80696
            ],
            [
              -63.46972,
              9.80841
            ],
            [
              -63.47026,
              9.81069
            ],
            [
              -63.47173,
              9.81113
            ],
            [
              -63.47263,
              9.81251
            ],
            [
              -63.47327,
              9.81442
            ],
            [
              -63.47335,
              9.81621
            ],
            [
              -63.47354,
              9.81783
            ],
            [
              -63.47452,
              9.81957
            ],
            [
              -63.47545,
              9.82026
            ],
            [
              -63.47671,
              9.82062
            ],
            [
              -63.47778,
              9.82215
            ],
            [
              -63.4792,
              9.82378
            ],
            [
              -63.48063,
              9.82432
            ],
            [
              -63.48203,
              9.82467
            ],
            [
              -63.48337,
              9.82573
            ],
            [
              -63.48382,
              9.82556
            ],
            [
              -63.48533,
              9.82554
            ],
            [
              -63.48663,
              9.82569
            ],
            [
              -63.48825,
              9.82548
            ],
            [
              -63.48974,
              9.82491
            ],
            [
              -63.4936,
              9.82577
            ],
            [
              -63.49409,
              9.82736
            ],
            [
              -63.49438,
              9.83013
            ],
            [
              -63.49498,
              9.8323
            ],
            [
              -63.49546,
              9.83412
            ],
            [
              -63.49512,
              9.83594
            ],
            [
              -63.49468,
              9.83678
            ],
            [
              -63.49349,
              9.83785
            ],
            [
              -63.49236,
              9.83903
            ],
            [
              -63.49195,
              9.84065
            ],
            [
              -63.49191,
              9.84237
            ],
            [
              -63.49286,
              9.84372
            ],
            [
              -63.4938,
              9.84565
            ],
            [
              -63.49429,
              9.84727
            ],
            [
              -63.49391,
              9.84833
            ],
            [
              -63.49395,
              9.85049
            ],
            [
              -63.49401,
              9.85232
            ],
            [
              -63.49496,
              9.85315
            ],
            [
              -63.49653,
              9.85363
            ],
            [
              -63.49768,
              9.85443
            ],
            [
              -63.50135,
              9.85604
            ],
            [
              -63.50234,
              9.85635
            ],
            [
              -63.50368,
              9.85692
            ],
            [
              -63.50455,
              9.85771
            ],
            [
              -63.50452,
              9.85934
            ],
            [
              -63.50541,
              9.86018
            ],
            [
              -63.50651,
              9.86095
            ],
            [
              -63.50855,
              9.86278
            ],
            [
              -63.5097,
              9.86485
            ],
            [
              -63.51055,
              9.867
            ],
            [
              -63.5107,
              9.86847
            ],
            [
              -63.50969,
              9.87037
            ],
            [
              -63.50932,
              9.87224
            ],
            [
              -63.50963,
              9.87301
            ],
            [
              -63.50892,
              9.87504
            ],
            [
              -63.50863,
              9.87652
            ],
            [
              -63.50813,
              9.87812
            ],
            [
              -63.50761,
              9.87952
            ],
            [
              -63.50769,
              9.88108
            ],
            [
              -63.50939,
              9.88173
            ],
            [
              -63.51073,
              9.88462
            ],
            [
              -63.51215,
              9.88526
            ],
            [
              -63.51363,
              9.8864
            ],
            [
              -63.5149,
              9.88899
            ],
            [
              -63.51554,
              9.8906
            ],
            [
              -63.51668,
              9.89072
            ],
            [
              -63.5173,
              9.89217
            ],
            [
              -63.52018,
              9.89181
            ],
            [
              -63.52196,
              9.89213
            ],
            [
              -63.52243,
              9.89457
            ],
            [
              -63.52172,
              9.89669
            ],
            [
              -63.52453,
              9.89737
            ],
            [
              -63.52711,
              9.8986
            ],
            [
              -63.52814,
              9.89921
            ],
            [
              -63.53046,
              9.89866
            ],
            [
              -63.53391,
              9.89888
            ],
            [
              -63.53554,
              9.8991
            ],
            [
              -63.53645,
              9.89913
            ],
            [
              -63.53804,
              9.90061
            ],
            [
              -63.54041,
              9.90241
            ],
            [
              -63.54174,
              9.90339
            ],
            [
              -63.54279,
              9.90404
            ],
            [
              -63.54324,
              9.90596
            ],
            [
              -63.5445,
              9.90733
            ],
            [
              -63.54587,
              9.90797
            ],
            [
              -63.54732,
              9.90941
            ],
            [
              -63.5489,
              9.91006
            ],
            [
              -63.54994,
              9.91104
            ],
            [
              -63.55039,
              9.91238
            ],
            [
              -63.55113,
              9.91405
            ],
            [
              -63.55304,
              9.91543
            ],
            [
              -63.5553,
              9.91681
            ],
            [
              -63.55716,
              9.91858
            ],
            [
              -63.55827,
              9.91969
            ],
            [
              -63.55974,
              9.92007
            ],
            [
              -63.56232,
              9.92179
            ],
            [
              -63.56459,
              9.92347
            ],
            [
              -63.56573,
              9.92534
            ],
            [
              -63.56673,
              9.92707
            ],
            [
              -63.56795,
              9.93043
            ],
            [
              -63.5697,
              9.93471
            ],
            [
              -63.56847,
              9.93709
            ],
            [
              -63.56699,
              9.93961
            ],
            [
              -63.56654,
              9.94057
            ],
            [
              -63.56505,
              9.9429
            ],
            [
              -63.56359,
              9.94461
            ],
            [
              -63.56284,
              9.94571
            ],
            [
              -63.56122,
              9.94702
            ],
            [
              -63.5602,
              9.94882
            ],
            [
              -63.56026,
              9.95089
            ],
            [
              -63.56072,
              9.95374
            ],
            [
              -63.56086,
              9.95615
            ],
            [
              -63.56117,
              9.95696
            ],
            [
              -63.56149,
              9.95792
            ],
            [
              -63.56371,
              9.95837
            ],
            [
              -63.56555,
              9.9603
            ],
            [
              -63.5671,
              9.96314
            ],
            [
              -63.56872,
              9.96579
            ],
            [
              -63.57077,
              9.96787
            ],
            [
              -63.57235,
              9.97133
            ],
            [
              -63.57355,
              9.97399
            ],
            [
              -63.57547,
              9.97675
            ],
            [
              -63.57589,
              9.97919
            ],
            [
              -63.57499,
              9.98166
            ],
            [
              -63.57611,
              9.98435
            ],
            [
              -63.5781,
              9.9858
            ],
            [
              -63.58292,
              9.9861
            ],
            [
              -63.58636,
              9.98627
            ],
            [
              -63.58928,
              9.98595
            ],
            [
              -63.59323,
              9.98659
            ],
            [
              -63.59638,
              9.98812
            ],
            [
              -63.59962,
              9.98975
            ],
            [
              -63.60076,
              9.99035
            ],
            [
              -63.60359,
              9.9933
            ],
            [
              -63.60525,
              9.9959
            ],
            [
              -63.60593,
              9.99664
            ],
            [
              -63.60637,
              10.00251
            ],
            [
              -63.60623,
              10.00552
            ],
            [
              -63.6041,
              10.00962
            ],
            [
              -63.60204,
              10.01217
            ],
            [
              -63.60132,
              10.01475
            ],
            [
              -63.60187,
              10.01629
            ],
            [
              -63.6021,
              10.01695
            ],
            [
              -63.60372,
              10.0194
            ],
            [
              -63.60548,
              10.02085
            ],
            [
              -63.60937,
              10.02377
            ],
            [
              -63.61265,
              10.02606
            ],
            [
              -63.6132,
              10.02726
            ],
            [
              -63.615,
              10.0288
            ],
            [
              -63.61533,
              10.03019
            ],
            [
              -63.61378,
              10.0356
            ],
            [
              -63.61195,
              10.04067
            ],
            [
              -63.61259,
              10.04237
            ],
            [
              -63.61261,
              10.04619
            ],
            [
              -63.61502,
              10.05049
            ],
            [
              -63.61502,
              10.05455
            ],
            [
              -63.61535,
              10.05902
            ],
            [
              -63.61611,
              10.06229
            ],
            [
              -63.61814,
              10.06446
            ],
            [
              -63.62139,
              10.06519
            ],
            [
              -63.62348,
              10.06526
            ],
            [
              -63.62658,
              10.06572
            ],
            [
              -63.62856,
              10.06678
            ],
            [
              -63.6244,
              10.07774
            ],
            [
              -63.62037,
              10.08834
            ],
            [
              -63.61821,
              10.09131
            ],
            [
              -63.61711,
              10.09812
            ],
            [
              -63.61751,
              10.10284
            ],
            [
              -63.61719,
              10.10039
            ],
            [
              -63.61378,
              10.10376
            ],
            [
              -63.60869,
              10.10515
            ],
            [
              -63.60351,
              10.10552
            ],
            [
              -63.59757,
              10.10725
            ],
            [
              -63.59388,
              10.10836
            ],
            [
              -63.58891,
              10.10801
            ],
            [
              -63.58286,
              10.11192
            ],
            [
              -63.57914,
              10.11378
            ],
            [
              -63.57571,
              10.11962
            ],
            [
              -63.57378,
              10.12391
            ],
            [
              -63.57147,
              10.12654
            ],
            [
              -63.56802,
              10.13025
            ],
            [
              -63.56631,
              10.12751
            ],
            [
              -63.5647,
              10.12554
            ],
            [
              -63.56426,
              10.12285
            ],
            [
              -63.5627,
              10.12041
            ],
            [
              -63.56089,
              10.11867
            ],
            [
              -63.55911,
              10.11437
            ],
            [
              -63.55765,
              10.11371
            ],
            [
              -63.55397,
              10.1153
            ],
            [
              -63.5499,
              10.11755
            ],
            [
              -63.54503,
              10.11813
            ],
            [
              -63.5412,
              10.12051
            ],
            [
              -63.53875,
              10.12414
            ],
            [
              -63.54004,
              10.12632
            ],
            [
              -63.53977,
              10.12782
            ],
            [
              -63.53606,
              10.12784
            ],
            [
              -63.53101,
              10.1281
            ],
            [
              -63.52857,
              10.12849
            ],
            [
              -63.52656,
              10.12946
            ],
            [
              -63.5233,
              10.13028
            ],
            [
              -63.519,
              10.12866
            ],
            [
              -63.51702,
              10.12765
            ],
            [
              -63.51111,
              10.12784
            ],
            [
              -63.50736,
              10.12919
            ],
            [
              -63.50435,
              10.13083
            ],
            [
              -63.50187,
              10.13267
            ],
            [
              -63.49046,
              10.13691
            ],
            [
              -63.46441,
              10.1395
            ],
            [
              -63.46451,
              10.13979
            ],
            [
              -63.46444,
              10.13977
            ],
            [
              -63.45538,
              10.14076
            ],
            [
              -63.44433,
              10.12249
            ],
            [
              -63.45498,
              10.10713
            ],
            [
              -63.45452,
              10.1068
            ],
            [
              -63.40187,
              10.10751
            ],
            [
              -63.38398,
              10.08706
            ],
            [
              -63.34257,
              10.09146
            ],
            [
              -63.32356,
              10.07237
            ],
            [
              -63.33423,
              10.04347
            ],
            [
              -63.3266,
              10.03842
            ],
            [
              -63.32316,
              10.0381
            ],
            [
              -63.3207,
              10.03656
            ],
            [
              -63.3188,
              10.03524
            ],
            [
              -63.31353,
              10.03375
            ],
            [
              -63.30816,
              10.0323
            ],
            [
              -63.30384,
              10.03052
            ],
            [
              -63.30007,
              10.02866
            ],
            [
              -63.29742,
              10.02657
            ],
            [
              -63.29543,
              10.0231
            ],
            [
              -63.29161,
              10.01761
            ],
            [
              -63.28937,
              10.01499
            ],
            [
              -63.2775,
              9.99721
            ],
            [
              -63.27754,
              9.99721
            ],
            [
              -63.29426,
              9.93912
            ],
            [
              -63.29517,
              9.93836
            ],
            [
              -63.29455,
              9.93789
            ]
          ]
        ]
      }
    },
    {
      "type": "Feature",
      "properties": {
        "ADM1_ES": "Monagas",
        "ADM2_ES": "Punceres",
        "parroquias_count": 2,
        "id": "punceres",
        "nombre": "Punceres",
        "capital": "Quiriquire",
        "poblacion": 32000,
        "electores": 21000,
        "color": "#8b5cf6"
      },
      "geometry": {
        "type": "Polygon",
        "coordinates": [
          [
            [
              -63.07035,
              10.0374
            ],
            [
              -63.06942,
              10.03854
            ],
            [
              -63.06771,
              10.03932
            ],
            [
              -63.06674,
              10.03968
            ],
            [
              -63.06692,
              10.04078
            ],
            [
              -63.06603,
              10.04143
            ],
            [
              -63.06523,
              10.04257
            ],
            [
              -63.06453,
              10.04331
            ],
            [
              -63.06355,
              10.04484
            ],
            [
              -63.06297,
              10.04604
            ],
            [
              -63.06185,
              10.04738
            ],
            [
              -63.06135,
              10.04898
            ],
            [
              -63.06118,
              10.05026
            ],
            [
              -63.06044,
              10.05211
            ],
            [
              -63.05951,
              10.05331
            ],
            [
              -63.05901,
              10.05516
            ],
            [
              -63.05922,
              10.05653
            ],
            [
              -63.05868,
              10.05812
            ],
            [
              -63.05843,
              10.0595
            ],
            [
              -63.05754,
              10.06061
            ],
            [
              -63.05656,
              10.0618
            ],
            [
              -63.05579,
              10.063
            ],
            [
              -63.05444,
              10.06401
            ],
            [
              -63.05245,
              10.06422
            ],
            [
              -63.05026,
              10.06413
            ],
            [
              -63.04944,
              10.06637
            ],
            [
              -63.04963,
              10.06823
            ],
            [
              -63.05013,
              10.06847
            ],
            [
              -63.05004,
              10.07012
            ],
            [
              -63.04983,
              10.0716
            ],
            [
              -63.04832,
              10.07322
            ],
            [
              -63.04735,
              10.07337
            ],
            [
              -63.04541,
              10.07533
            ],
            [
              -63.04321,
              10.07699
            ],
            [
              -63.04276,
              10.07667
            ],
            [
              -63.04069,
              10.07645
            ],
            [
              -63.03922,
              10.07599
            ],
            [
              -63.0382,
              10.07722
            ],
            [
              -63.03891,
              10.07796
            ],
            [
              -63.03686,
              10.07797
            ],
            [
              -63.03531,
              10.07785
            ],
            [
              -63.03464,
              10.07825
            ],
            [
              -63.03426,
              10.07838
            ],
            [
              -63.03346,
              10.07863
            ],
            [
              -63.03158,
              10.07983
            ],
            [
              -63.02959,
              10.08041
            ],
            [
              -63.02778,
              10.08199
            ],
            [
              -63.02684,
              10.08361
            ],
            [
              -63.02572,
              10.08434
            ],
            [
              -63.02548,
              10.0845
            ],
            [
              -63.0249,
              10.08609
            ],
            [
              -63.024,
              10.08663
            ],
            [
              -63.02296,
              10.08807
            ],
            [
              -63.02252,
              10.08957
            ],
            [
              -63.02262,
              10.09124
            ],
            [
              -63.02282,
              10.09266
            ],
            [
              -63.02039,
              10.09306
            ],
            [
              -63.02003,
              10.09504
            ],
            [
              -63.01975,
              10.09651
            ],
            [
              -63.02115,
              10.09817
            ],
            [
              -63.02095,
              10.09884
            ],
            [
              -63.02092,
              10.09892
            ],
            [
              -63.02059,
              10.09963
            ],
            [
              -63.01836,
              10.09807
            ],
            [
              -63.01663,
              10.0977
            ],
            [
              -63.01294,
              10.09606
            ],
            [
              -63.01186,
              10.09522
            ],
            [
              -63.01006,
              10.09433
            ],
            [
              -63.00639,
              10.09284
            ],
            [
              -63.00401,
              10.09179
            ],
            [
              -63.00098,
              10.08976
            ],
            [
              -63.00032,
              10.08932
            ],
            [
              -62.99904,
              10.0876
            ],
            [
              -62.99904,
              10.0876
            ],
            [
              -62.99684,
              10.08467
            ],
            [
              -62.99413,
              10.08
            ],
            [
              -62.99052,
              10.07526
            ],
            [
              -62.98871,
              10.07104
            ],
            [
              -62.98534,
              10.06887
            ],
            [
              -62.98137,
              10.06781
            ],
            [
              -62.98134,
              10.06794
            ],
            [
              -62.98126,
              10.06785
            ],
            [
              -62.97729,
              10.06898
            ],
            [
              -62.97386,
              10.07006
            ],
            [
              -62.97167,
              10.07292
            ],
            [
              -62.97057,
              10.07679
            ],
            [
              -62.97166,
              10.08169
            ],
            [
              -62.97186,
              10.0851
            ],
            [
              -62.97106,
              10.0883
            ],
            [
              -62.96935,
              10.09027
            ],
            [
              -62.96687,
              10.09306
            ],
            [
              -62.96282,
              10.09414
            ],
            [
              -62.95797,
              10.09494
            ],
            [
              -62.95426,
              10.09503
            ],
            [
              -62.95113,
              10.09464
            ],
            [
              -62.94687,
              10.09303
            ],
            [
              -62.94068,
              10.08903
            ],
            [
              -62.93859,
              10.08255
            ],
            [
              -62.93781,
              10.07811
            ],
            [
              -62.93577,
              10.07507
            ],
            [
              -62.93712,
              10.07282
            ],
            [
              -62.94305,
              10.06401
            ],
            [
              -62.94982,
              10.05394
            ],
            [
              -62.96046,
              10.03812
            ],
            [
              -62.98792,
              9.99729
            ],
            [
              -63.054,
              9.89634
            ],
            [
              -63.05354,
              9.89569
            ],
            [
              -63.05387,
              9.89511
            ],
            [
              -63.05469,
              9.89476
            ],
            [
              -63.05416,
              9.89402
            ],
            [
              -63.05352,
              9.89362
            ],
            [
              -63.05378,
              9.89233
            ],
            [
              -63.05453,
              9.89158
            ],
            [
              -63.05507,
              9.89122
            ],
            [
              -63.05614,
              9.89121
            ],
            [
              -63.05634,
              9.8901
            ],
            [
              -63.05556,
              9.88879
            ],
            [
              -63.05564,
              9.88776
            ],
            [
              -63.05687,
              9.88681
            ],
            [
              -63.05786,
              9.88588
            ],
            [
              -63.05829,
              9.88463
            ],
            [
              -63.0586,
              9.88368
            ],
            [
              -63.05805,
              9.88372
            ],
            [
              -63.05751,
              9.88357
            ],
            [
              -63.05747,
              9.88293
            ],
            [
              -63.0579,
              9.88246
            ],
            [
              -63.05749,
              9.88199
            ],
            [
              -63.05751,
              9.88107
            ],
            [
              -63.05782,
              9.87998
            ],
            [
              -63.05832,
              9.87898
            ],
            [
              -63.05873,
              9.87842
            ],
            [
              -63.05873,
              9.87832
            ],
            [
              -63.06894,
              9.88151
            ],
            [
              -63.07986,
              9.88374
            ],
            [
              -63.08119,
              9.88338
            ],
            [
              -63.08119,
              9.88336
            ],
            [
              -63.08181,
              9.88307
            ],
            [
              -63.08312,
              9.88269
            ],
            [
              -63.08459,
              9.88315
            ],
            [
              -63.08561,
              9.88379
            ],
            [
              -63.08642,
              9.88462
            ],
            [
              -63.08798,
              9.88552
            ],
            [
              -63.08897,
              9.88453
            ],
            [
              -63.0898,
              9.88437
            ],
            [
              -63.09011,
              9.88532
            ],
            [
              -63.08974,
              9.88614
            ],
            [
              -63.09014,
              9.88709
            ],
            [
              -63.09054,
              9.88788
            ],
            [
              -63.09065,
              9.88843
            ],
            [
              -63.09141,
              9.88827
            ],
            [
              -63.09234,
              9.88781
            ],
            [
              -63.0933,
              9.88781
            ],
            [
              -63.09472,
              9.88805
            ],
            [
              -63.09583,
              9.88793
            ],
            [
              -63.09726,
              9.88711
            ],
            [
              -63.09842,
              9.88763
            ],
            [
              -63.09857,
              9.88808
            ],
            [
              -63.09872,
              9.88851
            ],
            [
              -63.09934,
              9.88919
            ],
            [
              -63.09957,
              9.88964
            ],
            [
              -63.09995,
              9.89018
            ],
            [
              -63.1004,
              9.89019
            ],
            [
              -63.10175,
              9.89034
            ],
            [
              -63.10224,
              9.89065
            ],
            [
              -63.1034,
              9.89071
            ],
            [
              -63.1041,
              9.89138
            ],
            [
              -63.1049,
              9.89198
            ],
            [
              -63.10548,
              9.89194
            ],
            [
              -63.10638,
              9.89244
            ],
            [
              -63.10669,
              9.89282
            ],
            [
              -63.10735,
              9.89299
            ],
            [
              -63.10863,
              9.89314
            ],
            [
              -63.10928,
              9.8934
            ],
            [
              -63.11068,
              9.89414
            ],
            [
              -63.11156,
              9.89416
            ],
            [
              -63.1126,
              9.89409
            ],
            [
              -63.11373,
              9.89401
            ],
            [
              -63.11528,
              9.89365
            ],
            [
              -63.11609,
              9.89354
            ],
            [
              -63.11682,
              9.89317
            ],
            [
              -63.11806,
              9.89353
            ],
            [
              -63.11882,
              9.89425
            ],
            [
              -63.11946,
              9.8945
            ],
            [
              -63.11995,
              9.89463
            ],
            [
              -63.12063,
              9.89505
            ],
            [
              -63.12124,
              9.89526
            ],
            [
              -63.12239,
              9.89624
            ],
            [
              -63.1223,
              9.89723
            ],
            [
              -63.12383,
              9.89654
            ],
            [
              -63.12455,
              9.89581
            ],
            [
              -63.12444,
              9.89499
            ],
            [
              -63.12515,
              9.89479
            ],
            [
              -63.12589,
              9.89541
            ],
            [
              -63.12615,
              9.89648
            ],
            [
              -63.12683,
              9.89663
            ],
            [
              -63.12697,
              9.89671
            ],
            [
              -63.1274,
              9.89723
            ],
            [
              -63.12821,
              9.89783
            ],
            [
              -63.12904,
              9.89843
            ],
            [
              -63.12965,
              9.89873
            ],
            [
              -63.13002,
              9.89952
            ],
            [
              -63.13104,
              9.90003
            ],
            [
              -63.13172,
              9.90042
            ],
            [
              -63.13258,
              9.90058
            ],
            [
              -63.13263,
              9.90145
            ],
            [
              -63.13242,
              9.90286
            ],
            [
              -63.13341,
              9.90258
            ],
            [
              -63.13303,
              9.90153
            ],
            [
              -63.13417,
              9.90162
            ],
            [
              -63.13486,
              9.90146
            ],
            [
              -63.13545,
              9.90083
            ],
            [
              -63.13726,
              9.90082
            ],
            [
              -63.13809,
              9.9008
            ],
            [
              -63.13859,
              9.90207
            ],
            [
              -63.13825,
              9.90224
            ],
            [
              -63.13883,
              9.90303
            ],
            [
              -63.13966,
              9.90271
            ],
            [
              -63.13991,
              9.90176
            ],
            [
              -63.14111,
              9.90161
            ],
            [
              -63.14157,
              9.90144
            ],
            [
              -63.14166,
              9.90057
            ],
            [
              -63.14257,
              9.90075
            ],
            [
              -63.14351,
              9.90045
            ],
            [
              -63.14424,
              9.90024
            ],
            [
              -63.1452,
              9.89971
            ],
            [
              -63.14545,
              9.90007
            ],
            [
              -63.14563,
              9.90074
            ],
            [
              -63.1463,
              9.90076
            ],
            [
              -63.1464,
              9.90021
            ],
            [
              -63.14623,
              9.89909
            ],
            [
              -63.14663,
              9.89869
            ],
            [
              -63.14808,
              9.89892
            ],
            [
              -63.14844,
              9.89953
            ],
            [
              -63.14844,
              9.90013
            ],
            [
              -63.14933,
              9.90031
            ],
            [
              -63.15046,
              9.90081
            ],
            [
              -63.1516,
              9.90037
            ],
            [
              -63.1526,
              9.89977
            ],
            [
              -63.15378,
              9.89879
            ],
            [
              -63.15504,
              9.89823
            ],
            [
              -63.15566,
              9.89808
            ],
            [
              -63.15553,
              9.89742
            ],
            [
              -63.15644,
              9.89705
            ],
            [
              -63.15787,
              9.89733
            ],
            [
              -63.1594,
              9.89733
            ],
            [
              -63.16053,
              9.89719
            ],
            [
              -63.16059,
              9.89691
            ],
            [
              -63.16145,
              9.89684
            ],
            [
              -63.16231,
              9.89691
            ],
            [
              -63.16312,
              9.89678
            ],
            [
              -63.16404,
              9.89654
            ],
            [
              -63.16542,
              9.89655
            ],
            [
              -63.1665,
              9.89577
            ],
            [
              -63.16751,
              9.89556
            ],
            [
              -63.16846,
              9.89539
            ],
            [
              -63.16909,
              9.89579
            ],
            [
              -63.17042,
              9.89518
            ],
            [
              -63.17135,
              9.89609
            ],
            [
              -63.1723,
              9.89582
            ],
            [
              -63.17347,
              9.89562
            ],
            [
              -63.17422,
              9.8956
            ],
            [
              -63.17524,
              9.8956
            ],
            [
              -63.17612,
              9.89626
            ],
            [
              -63.17695,
              9.89695
            ],
            [
              -63.17761,
              9.89733
            ],
            [
              -63.1795,
              9.89767
            ],
            [
              -63.18082,
              9.89678
            ],
            [
              -63.18236,
              9.89635
            ],
            [
              -63.18382,
              9.89631
            ],
            [
              -63.18453,
              9.89696
            ],
            [
              -63.18529,
              9.89804
            ],
            [
              -63.18634,
              9.89833
            ],
            [
              -63.18771,
              9.8985
            ],
            [
              -63.18871,
              9.8985
            ],
            [
              -63.18978,
              9.89858
            ],
            [
              -63.19063,
              9.89913
            ],
            [
              -63.19232,
              9.89957
            ],
            [
              -63.19413,
              9.89968
            ],
            [
              -63.1955,
              9.899
            ],
            [
              -63.19647,
              9.89882
            ],
            [
              -63.19774,
              9.89876
            ],
            [
              -63.19912,
              9.89978
            ],
            [
              -63.20148,
              9.89971
            ],
            [
              -63.20355,
              9.89888
            ],
            [
              -63.20433,
              9.89853
            ],
            [
              -63.20694,
              9.89814
            ],
            [
              -63.20797,
              9.89775
            ],
            [
              -63.20898,
              9.89763
            ],
            [
              -63.21047,
              9.89766
            ],
            [
              -63.21124,
              9.89844
            ],
            [
              -63.21284,
              9.89867
            ],
            [
              -63.21415,
              9.89896
            ],
            [
              -63.215,
              9.89949
            ],
            [
              -63.21557,
              9.90053
            ],
            [
              -63.21604,
              9.90155
            ],
            [
              -63.21637,
              9.90243
            ],
            [
              -63.21587,
              9.9027
            ],
            [
              -63.21559,
              9.90351
            ],
            [
              -63.21595,
              9.90456
            ],
            [
              -63.21624,
              9.9057
            ],
            [
              -63.21664,
              9.90605
            ],
            [
              -63.21734,
              9.9062
            ],
            [
              -63.21851,
              9.9072
            ],
            [
              -63.21929,
              9.9077
            ],
            [
              -63.22033,
              9.9082
            ],
            [
              -63.22116,
              9.90885
            ],
            [
              -63.222,
              9.90903
            ],
            [
              -63.22271,
              9.9089
            ],
            [
              -63.22447,
              9.90717
            ],
            [
              -63.22529,
              9.90674
            ],
            [
              -63.22667,
              9.90704
            ],
            [
              -63.22738,
              9.90898
            ],
            [
              -63.22824,
              9.91049
            ],
            [
              -63.22878,
              9.91084
            ],
            [
              -63.22956,
              9.91135
            ],
            [
              -63.23043,
              9.91163
            ],
            [
              -63.23152,
              9.91167
            ],
            [
              -63.23207,
              9.91151
            ],
            [
              -63.23307,
              9.91142
            ],
            [
              -63.23396,
              9.91174
            ],
            [
              -63.23509,
              9.91145
            ],
            [
              -63.23627,
              9.91138
            ],
            [
              -63.2376,
              9.91152
            ],
            [
              -63.2377,
              9.91184
            ],
            [
              -63.237,
              9.91193
            ],
            [
              -63.23669,
              9.91226
            ],
            [
              -63.23705,
              9.91257
            ],
            [
              -63.23792,
              9.9131
            ],
            [
              -63.23829,
              9.91392
            ],
            [
              -63.23873,
              9.91455
            ],
            [
              -63.23951,
              9.91436
            ],
            [
              -63.23993,
              9.91571
            ],
            [
              -63.24026,
              9.91669
            ],
            [
              -63.24038,
              9.91762
            ],
            [
              -63.24084,
              9.91821
            ],
            [
              -63.24178,
              9.91929
            ],
            [
              -63.24257,
              9.91931
            ],
            [
              -63.24328,
              9.91922
            ],
            [
              -63.2441,
              9.91941
            ],
            [
              -63.24504,
              9.92064
            ],
            [
              -63.2457,
              9.92097
            ],
            [
              -63.24678,
              9.92191
            ],
            [
              -63.24764,
              9.92275
            ],
            [
              -63.2484,
              9.92345
            ],
            [
              -63.24897,
              9.92373
            ],
            [
              -63.25058,
              9.92492
            ],
            [
              -63.25168,
              9.92531
            ],
            [
              -63.25241,
              9.9263
            ],
            [
              -63.25266,
              9.92696
            ],
            [
              -63.25334,
              9.92719
            ],
            [
              -63.25456,
              9.92691
            ],
            [
              -63.2553,
              9.9261
            ],
            [
              -63.25611,
              9.92503
            ],
            [
              -63.25754,
              9.92425
            ],
            [
              -63.25853,
              9.924
            ],
            [
              -63.2596,
              9.92411
            ],
            [
              -63.26069,
              9.92412
            ],
            [
              -63.26195,
              9.9242
            ],
            [
              -63.26309,
              9.92422
            ],
            [
              -63.2645,
              9.92427
            ],
            [
              -63.26575,
              9.92614
            ],
            [
              -63.26601,
              9.92735
            ],
            [
              -63.26648,
              9.92883
            ],
            [
              -63.26703,
              9.93038
            ],
            [
              -63.26784,
              9.93075
            ],
            [
              -63.26898,
              9.93094
            ],
            [
              -63.2701,
              9.93133
            ],
            [
              -63.27068,
              9.93191
            ],
            [
              -63.27074,
              9.93255
            ],
            [
              -63.27125,
              9.93313
            ],
            [
              -63.27213,
              9.93396
            ],
            [
              -63.27312,
              9.93434
            ],
            [
              -63.27396,
              9.93457
            ],
            [
              -63.27455,
              9.93477
            ],
            [
              -63.2748,
              9.93529
            ],
            [
              -63.27501,
              9.93551
            ],
            [
              -63.2758,
              9.93558
            ],
            [
              -63.27656,
              9.93524
            ],
            [
              -63.27732,
              9.93451
            ],
            [
              -63.27792,
              9.93366
            ],
            [
              -63.27841,
              9.93358
            ],
            [
              -63.27896,
              9.934
            ],
            [
              -63.27835,
              9.93473
            ],
            [
              -63.27805,
              9.93563
            ],
            [
              -63.27896,
              9.93566
            ],
            [
              -63.28116,
              9.93569
            ],
            [
              -63.28258,
              9.93569
            ],
            [
              -63.2837,
              9.93651
            ],
            [
              -63.28429,
              9.9368
            ],
            [
              -63.28541,
              9.93706
            ],
            [
              -63.28566,
              9.93687
            ],
            [
              -63.28682,
              9.937
            ],
            [
              -63.28739,
              9.93745
            ],
            [
              -63.28811,
              9.93809
            ],
            [
              -63.28858,
              9.93826
            ],
            [
              -63.28924,
              9.93721
            ],
            [
              -63.28999,
              9.93733
            ],
            [
              -63.29004,
              9.93825
            ],
            [
              -63.29102,
              9.93836
            ],
            [
              -63.29173,
              9.9374
            ],
            [
              -63.29239,
              9.93701
            ],
            [
              -63.29265,
              9.93723
            ],
            [
              -63.29287,
              9.93766
            ],
            [
              -63.29402,
              9.93729
            ],
            [
              -63.29455,
              9.93789
            ],
            [
              -63.29517,
              9.93836
            ],
            [
              -63.29426,
              9.93912
            ],
            [
              -63.27754,
              9.99721
            ],
            [
              -63.2775,
              9.99721
            ],
            [
              -63.28937,
              10.01499
            ],
            [
              -63.29161,
              10.01761
            ],
            [
              -63.29543,
              10.0231
            ],
            [
              -63.29742,
              10.02657
            ],
            [
              -63.30007,
              10.02866
            ],
            [
              -63.30384,
              10.03052
            ],
            [
              -63.30816,
              10.0323
            ],
            [
              -63.31353,
              10.03375
            ],
            [
              -63.3188,
              10.03524
            ],
            [
              -63.3207,
              10.03656
            ],
            [
              -63.32316,
              10.0381
            ],
            [
              -63.3266,
              10.03842
            ],
            [
              -63.33423,
              10.04347
            ],
            [
              -63.32356,
              10.07237
            ],
            [
              -63.3043,
              10.06763
            ],
            [
              -63.24363,
              10.09967
            ],
            [
              -63.22673,
              10.12246
            ],
            [
              -63.22365,
              10.12117
            ],
            [
              -63.22273,
              10.12048
            ],
            [
              -63.22111,
              10.11942
            ],
            [
              -63.21963,
              10.11811
            ],
            [
              -63.21869,
              10.1159
            ],
            [
              -63.21729,
              10.11397
            ],
            [
              -63.21583,
              10.11151
            ],
            [
              -63.21539,
              10.11012
            ],
            [
              -63.21444,
              10.10882
            ],
            [
              -63.21355,
              10.10727
            ],
            [
              -63.212,
              10.10615
            ],
            [
              -63.21036,
              10.10491
            ],
            [
              -63.20849,
              10.10384
            ],
            [
              -63.20731,
              10.10309
            ],
            [
              -63.20556,
              10.10124
            ],
            [
              -63.20431,
              10.09967
            ],
            [
              -63.20299,
              10.09836
            ],
            [
              -63.20121,
              10.09742
            ],
            [
              -63.19959,
              10.09639
            ],
            [
              -63.1976,
              10.09538
            ],
            [
              -63.19581,
              10.09401
            ],
            [
              -63.19375,
              10.09248
            ],
            [
              -63.19219,
              10.08963
            ],
            [
              -63.19015,
              10.08971
            ],
            [
              -63.18815,
              10.08939
            ],
            [
              -63.18656,
              10.08838
            ],
            [
              -63.18557,
              10.08658
            ],
            [
              -63.18507,
              10.08556
            ],
            [
              -63.18384,
              10.08404
            ],
            [
              -63.18316,
              10.08235
            ],
            [
              -63.18258,
              10.08082
            ],
            [
              -63.18177,
              10.07961
            ],
            [
              -63.18142,
              10.07792
            ],
            [
              -63.18044,
              10.07649
            ],
            [
              -63.17936,
              10.07435
            ],
            [
              -63.17837,
              10.07347
            ],
            [
              -63.17727,
              10.07282
            ],
            [
              -63.17649,
              10.07214
            ],
            [
              -63.17534,
              10.0711
            ],
            [
              -63.17467,
              10.06957
            ],
            [
              -63.17393,
              10.06885
            ],
            [
              -63.17275,
              10.06847
            ],
            [
              -63.17174,
              10.06803
            ],
            [
              -63.17074,
              10.06765
            ],
            [
              -63.16973,
              10.06741
            ],
            [
              -63.16927,
              10.06614
            ],
            [
              -63.16925,
              10.06465
            ],
            [
              -63.16841,
              10.06429
            ],
            [
              -63.16693,
              10.06346
            ],
            [
              -63.16597,
              10.06159
            ],
            [
              -63.1654,
              10.06043
            ],
            [
              -63.16504,
              10.05851
            ],
            [
              -63.16525,
              10.05713
            ],
            [
              -63.16396,
              10.05641
            ],
            [
              -63.16281,
              10.05547
            ],
            [
              -63.16222,
              10.05345
            ],
            [
              -63.16084,
              10.05267
            ],
            [
              -63.16017,
              10.05149
            ],
            [
              -63.15955,
              10.05044
            ],
            [
              -63.15888,
              10.04928
            ],
            [
              -63.15783,
              10.0475
            ],
            [
              -63.15735,
              10.04515
            ],
            [
              -63.15673,
              10.04428
            ],
            [
              -63.1558,
              10.04251
            ],
            [
              -63.15645,
              10.04144
            ],
            [
              -63.15651,
              10.04041
            ],
            [
              -63.15642,
              10.03906
            ],
            [
              -63.15541,
              10.03703
            ],
            [
              -63.15508,
              10.03536
            ],
            [
              -63.15484,
              10.03373
            ],
            [
              -63.15461,
              10.0325
            ],
            [
              -63.1538,
              10.03083
            ],
            [
              -63.15381,
              10.03001
            ],
            [
              -63.15399,
              10.02863
            ],
            [
              -63.15409,
              10.0273
            ],
            [
              -63.1536,
              10.02705
            ],
            [
              -63.15329,
              10.02552
            ],
            [
              -63.1534,
              10.02458
            ],
            [
              -63.15331,
              10.0237
            ],
            [
              -63.15325,
              10.0226
            ],
            [
              -63.15274,
              10.02156
            ],
            [
              -63.15151,
              10.0216
            ],
            [
              -63.14967,
              10.01946
            ],
            [
              -63.14887,
              10.01909
            ],
            [
              -63.1485,
              10.02022
            ],
            [
              -63.14845,
              10.02152
            ],
            [
              -63.14763,
              10.02227
            ],
            [
              -63.14684,
              10.0223
            ],
            [
              -63.14532,
              10.02184
            ],
            [
              -63.14524,
              10.02081
            ],
            [
              -63.14473,
              10.01988
            ],
            [
              -63.14525,
              10.01891
            ],
            [
              -63.14649,
              10.01783
            ],
            [
              -63.14611,
              10.01623
            ],
            [
              -63.14492,
              10.01405
            ],
            [
              -63.14313,
              10.01237
            ],
            [
              -63.14131,
              10.01325
            ],
            [
              -63.13919,
              10.01403
            ],
            [
              -63.13717,
              10.01393
            ],
            [
              -63.13615,
              10.01272
            ],
            [
              -63.13569,
              10.01177
            ],
            [
              -63.1354,
              10.01065
            ],
            [
              -63.13474,
              10.00999
            ],
            [
              -63.13433,
              10.0094
            ],
            [
              -63.13365,
              10.00909
            ],
            [
              -63.13284,
              10.00885
            ],
            [
              -63.13189,
              10.00927
            ],
            [
              -63.13042,
              10.01016
            ],
            [
              -63.13017,
              10.01019
            ],
            [
              -63.12964,
              10.01024
            ],
            [
              -63.12905,
              10.01112
            ],
            [
              -63.12971,
              10.01203
            ],
            [
              -63.12921,
              10.01293
            ],
            [
              -63.1289,
              10.01383
            ],
            [
              -63.12803,
              10.01417
            ],
            [
              -63.12785,
              10.01458
            ],
            [
              -63.12738,
              10.01434
            ],
            [
              -63.12664,
              10.01432
            ],
            [
              -63.12691,
              10.01547
            ],
            [
              -63.12719,
              10.01666
            ],
            [
              -63.12639,
              10.01754
            ],
            [
              -63.12519,
              10.01783
            ],
            [
              -63.12446,
              10.01864
            ],
            [
              -63.12354,
              10.01774
            ],
            [
              -63.12264,
              10.01679
            ],
            [
              -63.12189,
              10.01627
            ],
            [
              -63.12113,
              10.01669
            ],
            [
              -63.1198,
              10.0177
            ],
            [
              -63.11859,
              10.01912
            ],
            [
              -63.11833,
              10.01839
            ],
            [
              -63.1169,
              10.01916
            ],
            [
              -63.11623,
              10.02062
            ],
            [
              -63.11527,
              10.02141
            ],
            [
              -63.11409,
              10.02179
            ],
            [
              -63.11288,
              10.02284
            ],
            [
              -63.11191,
              10.02309
            ],
            [
              -63.11072,
              10.02267
            ],
            [
              -63.11133,
              10.02188
            ],
            [
              -63.11034,
              10.02217
            ],
            [
              -63.10925,
              10.02259
            ],
            [
              -63.10819,
              10.02277
            ],
            [
              -63.10735,
              10.02384
            ],
            [
              -63.10696,
              10.02568
            ],
            [
              -63.10665,
              10.02683
            ],
            [
              -63.10658,
              10.02768
            ],
            [
              -63.10678,
              10.02892
            ],
            [
              -63.10555,
              10.02864
            ],
            [
              -63.10444,
              10.02918
            ],
            [
              -63.10311,
              10.03025
            ],
            [
              -63.10158,
              10.03167
            ],
            [
              -63.1006,
              10.03107
            ],
            [
              -63.10029,
              10.03215
            ],
            [
              -63.10063,
              10.0329
            ],
            [
              -63.10034,
              10.03394
            ],
            [
              -63.09953,
              10.03377
            ],
            [
              -63.09877,
              10.03417
            ],
            [
              -63.0977,
              10.03437
            ],
            [
              -63.09822,
              10.03493
            ],
            [
              -63.0986,
              10.03522
            ],
            [
              -63.09858,
              10.03534
            ],
            [
              -63.09768,
              10.03593
            ],
            [
              -63.09795,
              10.03652
            ],
            [
              -63.09872,
              10.03665
            ],
            [
              -63.09882,
              10.0374
            ],
            [
              -63.09857,
              10.038
            ],
            [
              -63.09925,
              10.03811
            ],
            [
              -63.09835,
              10.03867
            ],
            [
              -63.09768,
              10.03859
            ],
            [
              -63.09737,
              10.03928
            ],
            [
              -63.09611,
              10.03921
            ],
            [
              -63.09471,
              10.03984
            ],
            [
              -63.09334,
              10.04007
            ],
            [
              -63.0922,
              10.03958
            ],
            [
              -63.09192,
              10.03846
            ],
            [
              -63.09161,
              10.03759
            ],
            [
              -63.09099,
              10.03792
            ],
            [
              -63.09024,
              10.03775
            ],
            [
              -63.08903,
              10.03742
            ],
            [
              -63.08821,
              10.03718
            ],
            [
              -63.08781,
              10.03794
            ],
            [
              -63.0874,
              10.03742
            ],
            [
              -63.08668,
              10.0386
            ],
            [
              -63.0858,
              10.03861
            ],
            [
              -63.08462,
              10.03865
            ],
            [
              -63.083,
              10.03932
            ],
            [
              -63.08235,
              10.03933
            ],
            [
              -63.0818,
              10.03933
            ],
            [
              -63.08125,
              10.0401
            ],
            [
              -63.08056,
              10.04011
            ],
            [
              -63.07983,
              10.03984
            ],
            [
              -63.07914,
              10.03983
            ],
            [
              -63.07875,
              10.04032
            ],
            [
              -63.07798,
              10.04005
            ],
            [
              -63.07802,
              10.03943
            ],
            [
              -63.07761,
              10.03866
            ],
            [
              -63.07699,
              10.03887
            ],
            [
              -63.07573,
              10.03896
            ],
            [
              -63.07507,
              10.03805
            ],
            [
              -63.07384,
              10.03797
            ],
            [
              -63.07329,
              10.03826
            ],
            [
              -63.07316,
              10.03899
            ],
            [
              -63.07159,
              10.03957
            ],
            [
              -63.07013,
              10.03972
            ],
            [
              -63.07022,
              10.03919
            ],
            [
              -63.07064,
              10.03836
            ],
            [
              -63.07093,
              10.03762
            ],
            [
              -63.07044,
              10.03744
            ],
            [
              -63.07035,
              10.0374
            ]
          ]
        ]
      }
    },
    {
      "type": "Feature",
      "properties": {
        "ADM1_ES": "Monagas",
        "ADM2_ES": "Santa Barbara",
        "parroquias_count": 1,
        "id": "santa-barbara",
        "nombre": "Santa Barbara",
        "capital": "Santa Bárbara",
        "poblacion": 13000,
        "electores": 9500,
        "color": "#ec4899"
      },
      "geometry": {
        "type": "Polygon",
        "coordinates": [
          [
            [
              -63.45211,
              9.65389
            ],
            [
              -63.45279,
              9.65345
            ],
            [
              -63.45388,
              9.65329
            ],
            [
              -63.45454,
              9.6539
            ],
            [
              -63.45607,
              9.65398
            ],
            [
              -63.45725,
              9.65398
            ],
            [
              -63.45766,
              9.65337
            ],
            [
              -63.4582,
              9.65281
            ],
            [
              -63.45875,
              9.65225
            ],
            [
              -63.45913,
              9.65167
            ],
            [
              -63.46057,
              9.65126
            ],
            [
              -63.46222,
              9.65107
            ],
            [
              -63.46394,
              9.65107
            ],
            [
              -63.4651,
              9.65095
            ],
            [
              -63.46607,
              9.65219
            ],
            [
              -63.46688,
              9.65225
            ],
            [
              -63.46812,
              9.65263
            ],
            [
              -63.46931,
              9.6524
            ],
            [
              -63.47126,
              9.65194
            ],
            [
              -63.47211,
              9.65148
            ],
            [
              -63.47237,
              9.65116
            ],
            [
              -63.47244,
              9.65009
            ],
            [
              -63.47259,
              9.64938
            ],
            [
              -63.47309,
              9.6488
            ],
            [
              -63.47443,
              9.6489
            ],
            [
              -63.47515,
              9.64884
            ],
            [
              -63.47547,
              9.64809
            ],
            [
              -63.47539,
              9.64738
            ],
            [
              -63.47532,
              9.64649
            ],
            [
              -63.4756,
              9.64514
            ],
            [
              -63.4769,
              9.6443
            ],
            [
              -63.47799,
              9.64327
            ],
            [
              -63.4783,
              9.64165
            ],
            [
              -63.47963,
              9.64207
            ],
            [
              -63.47997,
              9.64151
            ],
            [
              -63.48025,
              9.64057
            ],
            [
              -63.48072,
              9.63994
            ],
            [
              -63.4808,
              9.63857
            ],
            [
              -63.4814,
              9.63751
            ],
            [
              -63.48299,
              9.63699
            ],
            [
              -63.48404,
              9.63768
            ],
            [
              -63.48507,
              9.63798
            ],
            [
              -63.48674,
              9.63799
            ],
            [
              -63.48752,
              9.63838
            ],
            [
              -63.48864,
              9.63801
            ],
            [
              -63.4894,
              9.63826
            ],
            [
              -63.49035,
              9.63805
            ],
            [
              -63.49136,
              9.63762
            ],
            [
              -63.49203,
              9.63775
            ],
            [
              -63.49303,
              9.63848
            ],
            [
              -63.49417,
              9.63922
            ],
            [
              -63.49488,
              9.63868
            ],
            [
              -63.49512,
              9.63814
            ],
            [
              -63.49551,
              9.63723
            ],
            [
              -63.49598,
              9.63701
            ],
            [
              -63.49714,
              9.63692
            ],
            [
              -63.49791,
              9.63671
            ],
            [
              -63.49916,
              9.63672
            ],
            [
              -63.50008,
              9.63694
            ],
            [
              -63.50073,
              9.63696
            ],
            [
              -63.50148,
              9.63665
            ],
            [
              -63.50255,
              9.63704
            ],
            [
              -63.50395,
              9.63645
            ],
            [
              -63.50505,
              9.63563
            ],
            [
              -63.50712,
              9.63625
            ],
            [
              -63.50834,
              9.63703
            ],
            [
              -63.50904,
              9.63739
            ],
            [
              -63.51012,
              9.63684
            ],
            [
              -63.51227,
              9.63658
            ],
            [
              -63.51338,
              9.63692
            ],
            [
              -63.51441,
              9.63613
            ],
            [
              -63.5157,
              9.63535
            ],
            [
              -63.51647,
              9.63588
            ],
            [
              -63.51737,
              9.63552
            ],
            [
              -63.51815,
              9.63393
            ],
            [
              -63.51913,
              9.63449
            ],
            [
              -63.51961,
              9.63537
            ],
            [
              -63.52091,
              9.63539
            ],
            [
              -63.5218,
              9.63602
            ],
            [
              -63.52307,
              9.63604
            ],
            [
              -63.52398,
              9.6361
            ],
            [
              -63.52501,
              9.63555
            ],
            [
              -63.52694,
              9.63476
            ],
            [
              -63.52879,
              9.63452
            ],
            [
              -63.53004,
              9.63457
            ],
            [
              -63.53101,
              9.63331
            ],
            [
              -63.53225,
              9.63235
            ],
            [
              -63.53313,
              9.63238
            ],
            [
              -63.53401,
              9.63253
            ],
            [
              -63.53495,
              9.63192
            ],
            [
              -63.53627,
              9.63201
            ],
            [
              -63.5371,
              9.63307
            ],
            [
              -63.53719,
              9.63431
            ],
            [
              -63.53903,
              9.63372
            ],
            [
              -63.54023,
              9.63357
            ],
            [
              -63.54223,
              9.63378
            ],
            [
              -63.54268,
              9.63304
            ],
            [
              -63.54314,
              9.6317
            ],
            [
              -63.54421,
              9.63159
            ],
            [
              -63.54549,
              9.63084
            ],
            [
              -63.5463,
              9.63094
            ],
            [
              -63.5476,
              9.63114
            ],
            [
              -63.54843,
              9.63212
            ],
            [
              -63.54905,
              9.63341
            ],
            [
              -63.54998,
              9.63339
            ],
            [
              -63.5505,
              9.63435
            ],
            [
              -63.55141,
              9.6361
            ],
            [
              -63.55279,
              9.63653
            ],
            [
              -63.55328,
              9.63716
            ],
            [
              -63.55428,
              9.63738
            ],
            [
              -63.55485,
              9.63782
            ],
            [
              -63.55556,
              9.63745
            ],
            [
              -63.55621,
              9.63739
            ],
            [
              -63.55617,
              9.63805
            ],
            [
              -63.5561,
              9.63948
            ],
            [
              -63.55675,
              9.63967
            ],
            [
              -63.55807,
              9.63933
            ],
            [
              -63.5587,
              9.63822
            ],
            [
              -63.55957,
              9.63772
            ],
            [
              -63.56056,
              9.63727
            ],
            [
              -63.56198,
              9.63674
            ],
            [
              -63.56324,
              9.63559
            ],
            [
              -63.56429,
              9.635
            ],
            [
              -63.56575,
              9.63481
            ],
            [
              -63.5681,
              9.63443
            ],
            [
              -63.56972,
              9.63543
            ],
            [
              -63.57159,
              9.63531
            ],
            [
              -63.57309,
              9.63512
            ],
            [
              -63.57461,
              9.63463
            ],
            [
              -63.57664,
              9.63391
            ],
            [
              -63.57748,
              9.63309
            ],
            [
              -63.57899,
              9.6322
            ],
            [
              -63.58063,
              9.63164
            ],
            [
              -63.58244,
              9.63168
            ],
            [
              -63.5839,
              9.63204
            ],
            [
              -63.58582,
              9.63304
            ],
            [
              -63.58774,
              9.63337
            ],
            [
              -63.58883,
              9.63328
            ],
            [
              -63.59006,
              9.63223
            ],
            [
              -63.59179,
              9.63156
            ],
            [
              -63.59254,
              9.63115
            ],
            [
              -63.59388,
              9.63053
            ],
            [
              -63.59534,
              9.62952
            ],
            [
              -63.59708,
              9.62967
            ],
            [
              -63.59889,
              9.62987
            ],
            [
              -63.60044,
              9.63005
            ],
            [
              -63.60281,
              9.63028
            ],
            [
              -63.60475,
              9.63119
            ],
            [
              -63.60569,
              9.63087
            ],
            [
              -63.6077,
              9.6304
            ],
            [
              -63.60965,
              9.62925
            ],
            [
              -63.61111,
              9.62984
            ],
            [
              -63.61194,
              9.63074
            ],
            [
              -63.61355,
              9.63135
            ],
            [
              -63.61441,
              9.63189
            ],
            [
              -63.61562,
              9.63354
            ],
            [
              -63.61678,
              9.6351
            ],
            [
              -63.61829,
              9.63659
            ],
            [
              -63.61975,
              9.63796
            ],
            [
              -63.62045,
              9.63958
            ],
            [
              -63.62185,
              9.64045
            ],
            [
              -63.62318,
              9.64067
            ],
            [
              -63.62383,
              9.64105
            ],
            [
              -63.62787,
              9.64142
            ],
            [
              -63.62929,
              9.64217
            ],
            [
              -63.63104,
              9.64253
            ],
            [
              -63.6328,
              9.64282
            ],
            [
              -63.6345,
              9.64354
            ],
            [
              -63.63674,
              9.64447
            ],
            [
              -63.63825,
              9.64591
            ],
            [
              -63.6374,
              9.64506
            ],
            [
              -63.64103,
              9.49837
            ],
            [
              -63.6397,
              9.49876
            ],
            [
              -63.63619,
              9.49815
            ],
            [
              -63.63337,
              9.49827
            ],
            [
              -63.6316,
              9.49915
            ],
            [
              -63.63046,
              9.50011
            ],
            [
              -63.62838,
              9.50132
            ],
            [
              -63.62492,
              9.50101
            ],
            [
              -63.6217,
              9.50057
            ],
            [
              -63.61854,
              9.49966
            ],
            [
              -63.6155,
              9.49976
            ],
            [
              -63.61176,
              9.49987
            ],
            [
              -63.60684,
              9.50083
            ],
            [
              -63.60456,
              9.5014
            ],
            [
              -63.60267,
              9.5015
            ],
            [
              -63.60016,
              9.50138
            ],
            [
              -63.59684,
              9.49933
            ],
            [
              -63.59246,
              9.49767
            ],
            [
              -63.5889,
              9.49785
            ],
            [
              -63.58407,
              9.49821
            ],
            [
              -63.58084,
              9.50024
            ],
            [
              -63.57929,
              9.5018
            ],
            [
              -63.57636,
              9.50325
            ],
            [
              -63.5732,
              9.50381
            ],
            [
              -63.57144,
              9.50526
            ],
            [
              -63.5699,
              9.50753
            ],
            [
              -63.56991,
              9.50951
            ],
            [
              -63.56691,
              9.51238
            ],
            [
              -63.56688,
              9.51481
            ],
            [
              -63.56292,
              9.51628
            ],
            [
              -63.56094,
              9.51698
            ],
            [
              -63.55851,
              9.51846
            ],
            [
              -63.55572,
              9.51993
            ],
            [
              -63.55383,
              9.52079
            ],
            [
              -63.5504,
              9.52035
            ],
            [
              -63.54708,
              9.51974
            ],
            [
              -63.54404,
              9.52074
            ],
            [
              -63.54239,
              9.52283
            ],
            [
              -63.54087,
              9.52324
            ],
            [
              -63.53882,
              9.52303
            ],
            [
              -63.53667,
              9.52174
            ],
            [
              -63.53501,
              9.52027
            ],
            [
              -63.53161,
              9.51784
            ],
            [
              -63.52949,
              9.51565
            ],
            [
              -63.52675,
              9.51373
            ],
            [
              -63.52531,
              9.51226
            ],
            [
              -63.52331,
              9.51023
            ],
            [
              -63.5219,
              9.50886
            ],
            [
              -63.51946,
              9.50592
            ],
            [
              -63.51572,
              9.50353
            ],
            [
              -63.51216,
              9.5013
            ],
            [
              -63.50868,
              9.50072
            ],
            [
              -63.50665,
              9.49979
            ],
            [
              -63.50189,
              9.50034
            ],
            [
              -63.50052,
              9.50056
            ],
            [
              -63.49921,
              9.50103
            ],
            [
              -63.49749,
              9.50136
            ],
            [
              -63.49563,
              9.50175
            ],
            [
              -63.49359,
              9.50166
            ],
            [
              -63.48927,
              9.49914
            ],
            [
              -63.48831,
              9.49857
            ],
            [
              -63.48634,
              9.49676
            ],
            [
              -63.48414,
              9.49547
            ],
            [
              -63.48311,
              9.49318
            ],
            [
              -63.48004,
              9.49171
            ],
            [
              -63.4775,
              9.49134
            ],
            [
              -63.475,
              9.49105
            ],
            [
              -63.47211,
              9.49209
            ],
            [
              -63.47079,
              9.49341
            ],
            [
              -63.46947,
              9.49436
            ],
            [
              -63.46759,
              9.49448
            ],
            [
              -63.46583,
              9.49458
            ],
            [
              -63.46318,
              9.49484
            ],
            [
              -63.46089,
              9.49488
            ],
            [
              -63.45773,
              9.49543
            ],
            [
              -63.45525,
              9.49642
            ],
            [
              -63.45386,
              9.49653
            ],
            [
              -63.45224,
              9.49748
            ],
            [
              -63.4514,
              9.49902
            ],
            [
              -63.45124,
              9.50238
            ],
            [
              -63.45169,
              9.6419
            ],
            [
              -63.45211,
              9.65389
            ]
          ]
        ]
      }
    },
    {
      "type": "Feature",
      "properties": {
        "ADM1_ES": "Monagas",
        "ADM2_ES": "Sotillo",
        "parroquias_count": 2,
        "id": "sotillo",
        "nombre": "Sotillo",
        "capital": "Barrancas del Orinoco",
        "poblacion": 30000,
        "electores": 19000,
        "color": "#c026d3"
      },
      "geometry": {
        "type": "Polygon",
        "coordinates": [
          [
            [
              -62.47241,
              8.51787
            ],
            [
              -62.4795,
              8.51918
            ],
            [
              -62.48059,
              8.51938
            ],
            [
              -62.48758,
              8.52204
            ],
            [
              -62.4935,
              8.52151
            ],
            [
              -62.49942,
              8.51884
            ],
            [
              -62.50454,
              8.51438
            ],
            [
              -62.50857,
              8.51086
            ],
            [
              -62.5188,
              8.50341
            ],
            [
              -62.53118,
              8.49436
            ],
            [
              -62.54625,
              8.48797
            ],
            [
              -62.56616,
              8.48318
            ],
            [
              -62.57492,
              8.4818
            ],
            [
              -62.58213,
              8.46366
            ],
            [
              -62.58925,
              8.46276
            ],
            [
              -62.58925,
              8.46275
            ],
            [
              -62.58931,
              8.46278
            ],
            [
              -62.59642,
              8.45655
            ],
            [
              -62.59812,
              8.45506
            ],
            [
              -62.60352,
              8.45032
            ],
            [
              -62.61158,
              8.44103
            ],
            [
              -62.61161,
              8.44099
            ],
            [
              -62.61668,
              8.43514
            ],
            [
              -62.62141,
              8.42968
            ],
            [
              -62.63089,
              8.41733
            ],
            [
              -62.66358,
              8.39219
            ],
            [
              -62.66414,
              8.39184
            ],
            [
              -62.66827,
              8.3893
            ],
            [
              -62.67026,
              8.38808
            ],
            [
              -62.67319,
              8.38628
            ],
            [
              -62.67929,
              8.38253
            ],
            [
              -62.67962,
              8.38248
            ],
            [
              -62.67983,
              8.38245
            ],
            [
              -62.68595,
              8.39024
            ],
            [
              -62.69255,
              8.39925
            ],
            [
              -62.7001,
              8.41115
            ],
            [
              -62.72124,
              8.42296
            ],
            [
              -62.72721,
              8.45139
            ],
            [
              -62.72157,
              8.46054
            ],
            [
              -62.71483,
              8.47149
            ],
            [
              -62.72864,
              8.47507
            ],
            [
              -62.7258,
              8.47864
            ],
            [
              -62.72568,
              8.47868
            ],
            [
              -62.72528,
              8.48048
            ],
            [
              -62.7226,
              8.49265
            ],
            [
              -62.72098,
              8.5
            ],
            [
              -62.68243,
              8.67494
            ],
            [
              -62.67681,
              8.67628
            ],
            [
              -62.6753,
              8.67562
            ],
            [
              -62.67384,
              8.67547
            ],
            [
              -62.67359,
              8.67493
            ],
            [
              -62.67229,
              8.67482
            ],
            [
              -62.67107,
              8.67493
            ],
            [
              -62.6704,
              8.67514
            ],
            [
              -62.66971,
              8.67447
            ],
            [
              -62.66879,
              8.674
            ],
            [
              -62.66744,
              8.67382
            ],
            [
              -62.66669,
              8.67367
            ],
            [
              -62.66563,
              8.67311
            ],
            [
              -62.66557,
              8.67272
            ],
            [
              -62.66462,
              8.67255
            ],
            [
              -62.66388,
              8.67258
            ],
            [
              -62.66259,
              8.67212
            ],
            [
              -62.66139,
              8.67235
            ],
            [
              -62.65968,
              8.67179
            ],
            [
              -62.65861,
              8.67162
            ],
            [
              -62.65618,
              8.67096
            ],
            [
              -62.65404,
              8.67101
            ],
            [
              -62.65296,
              8.67006
            ],
            [
              -62.65133,
              8.66969
            ],
            [
              -62.64984,
              8.66954
            ],
            [
              -62.64831,
              8.66938
            ],
            [
              -62.64632,
              8.66941
            ],
            [
              -62.64502,
              8.66994
            ],
            [
              -62.644,
              8.67036
            ],
            [
              -62.64295,
              8.67086
            ],
            [
              -62.64181,
              8.67127
            ],
            [
              -62.64091,
              8.67173
            ],
            [
              -62.63964,
              8.67256
            ],
            [
              -62.63817,
              8.67328
            ],
            [
              -62.63576,
              8.6749
            ],
            [
              -62.63457,
              8.67583
            ],
            [
              -62.63294,
              8.67685
            ],
            [
              -62.63135,
              8.6776
            ],
            [
              -62.62988,
              8.67852
            ],
            [
              -62.62855,
              8.67978
            ],
            [
              -62.62799,
              8.68092
            ],
            [
              -62.62743,
              8.68129
            ],
            [
              -62.62618,
              8.68197
            ],
            [
              -62.62514,
              8.68322
            ],
            [
              -62.62373,
              8.68392
            ],
            [
              -62.6226,
              8.68517
            ],
            [
              -62.62174,
              8.68628
            ],
            [
              -62.62085,
              8.68658
            ],
            [
              -62.62066,
              8.68801
            ],
            [
              -62.61987,
              8.68857
            ],
            [
              -62.61875,
              8.69016
            ],
            [
              -62.61787,
              8.69081
            ],
            [
              -62.6169,
              8.69085
            ],
            [
              -62.61614,
              8.69092
            ],
            [
              -62.61519,
              8.69141
            ],
            [
              -62.61426,
              8.69197
            ],
            [
              -62.61369,
              8.69208
            ],
            [
              -62.61293,
              8.69213
            ],
            [
              -62.61224,
              8.69282
            ],
            [
              -62.6109,
              8.69287
            ],
            [
              -62.60901,
              8.69308
            ],
            [
              -62.60796,
              8.6941
            ],
            [
              -62.60672,
              8.69536
            ],
            [
              -62.60589,
              8.6955
            ],
            [
              -62.60438,
              8.69654
            ],
            [
              -62.60335,
              8.69678
            ],
            [
              -62.60166,
              8.69623
            ],
            [
              -62.60053,
              8.6962
            ],
            [
              -62.59916,
              8.6967
            ],
            [
              -62.59729,
              8.69686
            ],
            [
              -62.59637,
              8.69642
            ],
            [
              -62.595,
              8.69614
            ],
            [
              -62.59362,
              8.69624
            ],
            [
              -62.5923,
              8.69702
            ],
            [
              -62.59113,
              8.69834
            ],
            [
              -62.59045,
              8.69986
            ],
            [
              -62.58939,
              8.69946
            ],
            [
              -62.58885,
              8.70037
            ],
            [
              -62.58824,
              8.70026
            ],
            [
              -62.58748,
              8.70028
            ],
            [
              -62.5866,
              8.7008
            ],
            [
              -62.58572,
              8.70085
            ],
            [
              -62.58497,
              8.70101
            ],
            [
              -62.58445,
              8.70151
            ],
            [
              -62.58324,
              8.70192
            ],
            [
              -62.58211,
              8.70178
            ],
            [
              -62.58079,
              8.70185
            ],
            [
              -62.57949,
              8.70348
            ],
            [
              -62.57887,
              8.70416
            ],
            [
              -62.5774,
              8.70561
            ],
            [
              -62.57646,
              8.70601
            ],
            [
              -62.57372,
              8.70794
            ],
            [
              -62.5727,
              8.70858
            ],
            [
              -62.57159,
              8.70862
            ],
            [
              -62.57112,
              8.70962
            ],
            [
              -62.5703,
              8.71001
            ],
            [
              -62.5689,
              8.71022
            ],
            [
              -62.56739,
              8.7111
            ],
            [
              -62.56644,
              8.7118
            ],
            [
              -62.56559,
              8.713
            ],
            [
              -62.56464,
              8.71369
            ],
            [
              -62.56254,
              8.71366
            ],
            [
              -62.56133,
              8.71411
            ],
            [
              -62.55951,
              8.71434
            ],
            [
              -62.55866,
              8.71512
            ],
            [
              -62.55834,
              8.71653
            ],
            [
              -62.5575,
              8.71793
            ],
            [
              -62.55787,
              8.7187
            ],
            [
              -62.55842,
              8.72021
            ],
            [
              -62.55788,
              8.72117
            ],
            [
              -62.55705,
              8.72138
            ],
            [
              -62.55574,
              8.72283
            ],
            [
              -62.5549,
              8.7249
            ],
            [
              -62.55355,
              8.72597
            ],
            [
              -62.55265,
              8.7277
            ],
            [
              -62.55186,
              8.7278
            ],
            [
              -62.54998,
              8.7288
            ],
            [
              -62.54857,
              8.73002
            ],
            [
              -62.54675,
              8.73071
            ],
            [
              -62.54513,
              8.73131
            ],
            [
              -62.54258,
              8.73179
            ],
            [
              -62.54088,
              8.7333
            ],
            [
              -62.53932,
              8.73415
            ],
            [
              -62.53805,
              8.73489
            ],
            [
              -62.53585,
              8.73535
            ],
            [
              -62.53416,
              8.73544
            ],
            [
              -62.53244,
              8.73584
            ],
            [
              -62.53054,
              8.73625
            ],
            [
              -62.52873,
              8.73714
            ],
            [
              -62.52758,
              8.73739
            ],
            [
              -62.52627,
              8.73828
            ],
            [
              -62.52477,
              8.7395
            ],
            [
              -62.5238,
              8.74023
            ],
            [
              -62.52269,
              8.74134
            ],
            [
              -62.52149,
              8.74219
            ],
            [
              -62.52007,
              8.74308
            ],
            [
              -62.51892,
              8.74443
            ],
            [
              -62.5175,
              8.74604
            ],
            [
              -62.51625,
              8.74656
            ],
            [
              -62.51482,
              8.74728
            ],
            [
              -62.5132,
              8.74791
            ],
            [
              -62.51203,
              8.7488
            ],
            [
              -62.51057,
              8.74928
            ],
            [
              -62.50967,
              8.74984
            ],
            [
              -62.50826,
              8.75108
            ],
            [
              -62.507,
              8.75266
            ],
            [
              -62.50575,
              8.75367
            ],
            [
              -62.5037,
              8.75518
            ],
            [
              -62.5017,
              8.75665
            ],
            [
              -62.49625,
              8.76888
            ],
            [
              -62.27241,
              8.84209
            ],
            [
              -62.08544,
              8.86852
            ],
            [
              -62.07374,
              8.87017
            ],
            [
              -62.05431,
              8.87292
            ],
            [
              -62.05084,
              8.87628
            ],
            [
              -62.04898,
              8.87929
            ],
            [
              -62.0444,
              8.87713
            ],
            [
              -62.03896,
              8.87646
            ],
            [
              -62.03114,
              8.88217
            ],
            [
              -62.02746,
              8.88368
            ],
            [
              -62.00903,
              8.89125
            ],
            [
              -62.00087,
              8.89057
            ],
            [
              -61.99713,
              8.88654
            ],
            [
              -61.99679,
              8.88217
            ],
            [
              -61.99679,
              8.87613
            ],
            [
              -62.00087,
              8.8694
            ],
            [
              -62.00699,
              8.86067
            ],
            [
              -62.01992,
              8.84756
            ],
            [
              -62.02978,
              8.83984
            ],
            [
              -62.041,
              8.83009
            ],
            [
              -62.05868,
              8.81934
            ],
            [
              -62.06209,
              8.81027
            ],
            [
              -62.06175,
              8.79884
            ],
            [
              -62.0597,
              8.78439
            ],
            [
              -62.06447,
              8.77028
            ],
            [
              -62.07093,
              8.75684
            ],
            [
              -62.09337,
              8.74105
            ],
            [
              -62.11514,
              8.72424
            ],
            [
              -62.11539,
              8.72405
            ],
            [
              -62.12281,
              8.71845
            ],
            [
              -62.14242,
              8.70625
            ],
            [
              -62.1603,
              8.70286
            ],
            [
              -62.18118,
              8.69865
            ],
            [
              -62.19141,
              8.69148
            ],
            [
              -62.20334,
              8.68137
            ],
            [
              -62.21229,
              8.66704
            ],
            [
              -62.21868,
              8.65524
            ],
            [
              -62.22267,
              8.6466
            ],
            [
              -62.22549,
              8.6405
            ],
            [
              -62.2289,
              8.63123
            ],
            [
              -62.23061,
              8.61858
            ],
            [
              -62.22762,
              8.611
            ],
            [
              -62.22215,
              8.60605
            ],
            [
              -62.23017,
              8.60397
            ],
            [
              -62.24225,
              8.60084
            ],
            [
              -62.25592,
              8.59775
            ],
            [
              -62.27387,
              8.59119
            ],
            [
              -62.29222,
              8.58115
            ],
            [
              -62.30355,
              8.5769
            ],
            [
              -62.32229,
              8.57343
            ],
            [
              -62.34063,
              8.56995
            ],
            [
              -62.3543,
              8.56571
            ],
            [
              -62.38391,
              8.54832
            ],
            [
              -62.39178,
              8.5437
            ],
            [
              -62.39848,
              8.54101
            ],
            [
              -62.41308,
              8.53514
            ],
            [
              -62.42399,
              8.53076
            ],
            [
              -62.46673,
              8.51359
            ],
            [
              -62.46641,
              8.5129
            ],
            [
              -62.46994,
              8.51211
            ],
            [
              -62.47235,
              8.51786
            ],
            [
              -62.47241,
              8.51787
            ]
          ]
        ]
      }
    },
    {
      "type": "Feature",
      "properties": {
        "ADM1_ES": "Monagas",
        "ADM2_ES": "Uracoa",
        "parroquias_count": 1,
        "id": "uracoa",
        "nombre": "Uracoa",
        "capital": "Uracoa",
        "poblacion": 11000,
        "electores": 7800,
        "color": "#14b8a6"
      },
      "geometry": {
        "type": "Polygon",
        "coordinates": [
          [
            [
              -62.06633,
              9.05776
            ],
            [
              -62.0669,
              9.05796
            ],
            [
              -62.0746,
              9.06062
            ],
            [
              -62.09085,
              9.07243
            ],
            [
              -62.09415,
              9.07378
            ],
            [
              -62.10164,
              9.07685
            ],
            [
              -62.10601,
              9.07365
            ],
            [
              -62.11173,
              9.06765
            ],
            [
              -62.11304,
              9.06104
            ],
            [
              -62.11345,
              9.05311
            ],
            [
              -62.11676,
              9.04831
            ],
            [
              -62.12362,
              9.04827
            ],
            [
              -62.13349,
              9.05328
            ],
            [
              -62.14437,
              9.06206
            ],
            [
              -62.14736,
              9.06684
            ],
            [
              -62.14724,
              9.07503
            ],
            [
              -62.14731,
              9.08158
            ],
            [
              -62.14667,
              9.09035
            ],
            [
              -62.14763,
              9.09822
            ],
            [
              -62.14895,
              9.10252
            ],
            [
              -62.15379,
              9.10585
            ],
            [
              -62.16008,
              9.10615
            ],
            [
              -62.16325,
              9.10323
            ],
            [
              -62.16385,
              9.09884
            ],
            [
              -62.16283,
              9.09506
            ],
            [
              -62.164,
              9.09119
            ],
            [
              -62.16658,
              9.08807
            ],
            [
              -62.17314,
              9.08749
            ],
            [
              -62.17771,
              9.08759
            ],
            [
              -62.183,
              9.08731
            ],
            [
              -62.18783,
              9.08518
            ],
            [
              -62.18925,
              9.08075
            ],
            [
              -62.18898,
              9.07557
            ],
            [
              -62.19056,
              9.06895
            ],
            [
              -62.19475,
              9.06521
            ],
            [
              -62.20073,
              9.06411
            ],
            [
              -62.2092,
              9.06345
            ],
            [
              -62.21484,
              9.06101
            ],
            [
              -62.21936,
              9.05835
            ],
            [
              -62.22214,
              9.05904
            ],
            [
              -62.2244,
              9.06016
            ],
            [
              -62.22462,
              9.06438
            ],
            [
              -62.22383,
              9.07042
            ],
            [
              -62.2238,
              9.07507
            ],
            [
              -62.22188,
              9.08034
            ],
            [
              -62.22374,
              9.08435
            ],
            [
              -62.22866,
              9.08931
            ],
            [
              -62.23437,
              9.0913
            ],
            [
              -62.24038,
              9.09833
            ],
            [
              -62.25125,
              9.10395
            ],
            [
              -62.25853,
              9.11006
            ],
            [
              -62.26408,
              9.11761
            ],
            [
              -62.2634,
              9.12427
            ],
            [
              -62.26307,
              9.13093
            ],
            [
              -62.27086,
              9.13516
            ],
            [
              -62.28197,
              9.13493
            ],
            [
              -62.29246,
              9.13415
            ],
            [
              -62.30074,
              9.13514
            ],
            [
              -62.30697,
              9.13349
            ],
            [
              -62.31501,
              9.12984
            ],
            [
              -62.32067,
              9.12794
            ],
            [
              -62.32497,
              9.1272
            ],
            [
              -62.32551,
              9.12711
            ],
            [
              -62.32646,
              9.12695
            ],
            [
              -62.32734,
              9.12408
            ],
            [
              -62.3283,
              9.1214
            ],
            [
              -62.32869,
              9.11973
            ],
            [
              -62.32918,
              9.11768
            ],
            [
              -62.32821,
              9.11535
            ],
            [
              -62.32649,
              9.11399
            ],
            [
              -62.32503,
              9.11289
            ],
            [
              -62.32452,
              9.1118
            ],
            [
              -62.32412,
              9.11066
            ],
            [
              -62.32337,
              9.10775
            ],
            [
              -62.32278,
              9.10549
            ],
            [
              -62.32342,
              9.10111
            ],
            [
              -62.32462,
              9.09733
            ],
            [
              -62.3248,
              9.09676
            ],
            [
              -62.32795,
              9.09295
            ],
            [
              -62.33188,
              9.08683
            ],
            [
              -62.33242,
              9.08534
            ],
            [
              -62.33417,
              9.08439
            ],
            [
              -62.33598,
              9.08268
            ],
            [
              -62.33735,
              9.08168
            ],
            [
              -62.33988,
              9.08125
            ],
            [
              -62.34213,
              9.08206
            ],
            [
              -62.34459,
              9.08369
            ],
            [
              -62.34692,
              9.08494
            ],
            [
              -62.34826,
              9.08552
            ],
            [
              -62.34975,
              9.08465
            ],
            [
              -62.35063,
              9.08206
            ],
            [
              -62.35106,
              9.07955
            ],
            [
              -62.35088,
              9.0773
            ],
            [
              -62.34791,
              9.07523
            ],
            [
              -62.34726,
              9.07386
            ],
            [
              -62.34764,
              9.07183
            ],
            [
              -62.34805,
              9.06923
            ],
            [
              -62.34949,
              9.06771
            ],
            [
              -62.35264,
              9.06641
            ],
            [
              -62.35495,
              9.06457
            ],
            [
              -62.35627,
              9.06233
            ],
            [
              -62.35684,
              9.0599
            ],
            [
              -62.35728,
              9.0575
            ],
            [
              -62.35775,
              9.05568
            ],
            [
              -62.35711,
              9.054
            ],
            [
              -62.35635,
              9.05299
            ],
            [
              -62.35531,
              9.05187
            ],
            [
              -62.35382,
              9.05102
            ],
            [
              -62.35264,
              9.05084
            ],
            [
              -62.35138,
              9.05029
            ],
            [
              -62.34894,
              9.0499
            ],
            [
              -62.34758,
              9.04888
            ],
            [
              -62.34608,
              9.04801
            ],
            [
              -62.34568,
              9.04655
            ],
            [
              -62.34522,
              9.04514
            ],
            [
              -62.34556,
              9.04391
            ],
            [
              -62.34618,
              9.04226
            ],
            [
              -62.34632,
              9.04173
            ],
            [
              -62.34736,
              9.04003
            ],
            [
              -62.34864,
              9.03914
            ],
            [
              -62.35057,
              9.03851
            ],
            [
              -62.35319,
              9.03957
            ],
            [
              -62.35622,
              9.04012
            ],
            [
              -62.35779,
              9.0396
            ],
            [
              -62.35923,
              9.03855
            ],
            [
              -62.36085,
              9.0391
            ],
            [
              -62.36163,
              9.03931
            ],
            [
              -62.36325,
              9.03892
            ],
            [
              -62.36455,
              9.03753
            ],
            [
              -62.36709,
              9.03571
            ],
            [
              -62.37024,
              9.03554
            ],
            [
              -62.37619,
              9.03537
            ],
            [
              -62.37863,
              9.03313
            ],
            [
              -62.38222,
              9.03187
            ],
            [
              -62.38371,
              9.0324
            ],
            [
              -62.38658,
              9.03326
            ],
            [
              -62.38764,
              9.03434
            ],
            [
              -62.38849,
              9.03427
            ],
            [
              -62.38927,
              9.0328
            ],
            [
              -62.38879,
              9.03176
            ],
            [
              -62.38877,
              9.03114
            ],
            [
              -62.38889,
              9.0296
            ],
            [
              -62.38924,
              9.02622
            ],
            [
              -62.39703,
              9.01732
            ],
            [
              -62.40596,
              9.00833
            ],
            [
              -62.40601,
              9.00608
            ],
            [
              -62.40684,
              9.0053
            ],
            [
              -62.40764,
              9.00443
            ],
            [
              -62.40878,
              9.00419
            ],
            [
              -62.41049,
              9.00444
            ],
            [
              -62.41222,
              9.00473
            ],
            [
              -62.41322,
              9.00342
            ],
            [
              -62.41379,
              9.00189
            ],
            [
              -62.4151,
              9.00109
            ],
            [
              -62.41648,
              9.00039
            ],
            [
              -62.41794,
              8.99994
            ],
            [
              -62.41936,
              8.99973
            ],
            [
              -62.42074,
              8.99839
            ],
            [
              -62.42188,
              8.99792
            ],
            [
              -62.42405,
              8.99763
            ],
            [
              -62.42598,
              8.99792
            ],
            [
              -62.4273,
              8.99917
            ],
            [
              -62.42793,
              8.99958
            ],
            [
              -62.4298,
              8.99988
            ],
            [
              -62.43229,
              9.0004
            ],
            [
              -62.43319,
              9.00141
            ],
            [
              -62.43319,
              9.00361
            ],
            [
              -62.43471,
              9.00463
            ],
            [
              -62.43595,
              9.0047
            ],
            [
              -62.43857,
              9.00488
            ],
            [
              -62.44036,
              9.00424
            ],
            [
              -62.44139,
              9.00221
            ],
            [
              -62.44204,
              9.00111
            ],
            [
              -62.44372,
              8.9996
            ],
            [
              -62.44537,
              8.99955
            ],
            [
              -62.44663,
              8.99951
            ],
            [
              -62.44671,
              8.99813
            ],
            [
              -62.44717,
              8.99718
            ],
            [
              -62.4483,
              8.99676
            ],
            [
              -62.45073,
              8.99662
            ],
            [
              -62.45471,
              8.99708
            ],
            [
              -62.45944,
              8.99798
            ],
            [
              -62.46195,
              8.99823
            ],
            [
              -62.46494,
              8.99851
            ],
            [
              -62.46702,
              8.99737
            ],
            [
              -62.46805,
              8.99643
            ],
            [
              -62.46903,
              8.99548
            ],
            [
              -62.47061,
              8.99424
            ],
            [
              -62.47513,
              8.99285
            ],
            [
              -62.48811,
              8.99643
            ],
            [
              -62.48967,
              8.99496
            ],
            [
              -62.49222,
              8.99328
            ],
            [
              -62.49681,
              8.9918
            ],
            [
              -62.49994,
              8.98948
            ],
            [
              -62.5017,
              8.98669
            ],
            [
              -62.50368,
              8.98605
            ],
            [
              -62.50497,
              8.98585
            ],
            [
              -62.50593,
              8.98602
            ],
            [
              -62.5064,
              8.98493
            ],
            [
              -62.50796,
              8.9846
            ],
            [
              -62.50946,
              8.98445
            ],
            [
              -62.51014,
              8.98356
            ],
            [
              -62.51072,
              8.98299
            ],
            [
              -62.5113,
              8.9813
            ],
            [
              -62.51278,
              8.98049
            ],
            [
              -62.5139,
              8.97958
            ],
            [
              -62.51589,
              8.97955
            ],
            [
              -62.51777,
              8.97862
            ],
            [
              -62.51965,
              8.97818
            ],
            [
              -62.52034,
              8.97745
            ],
            [
              -62.52078,
              8.9762
            ],
            [
              -62.52152,
              8.97487
            ],
            [
              -62.52295,
              8.97372
            ],
            [
              -62.52499,
              8.97383
            ],
            [
              -62.52685,
              8.97401
            ],
            [
              -62.52884,
              8.97463
            ],
            [
              -62.53056,
              8.97528
            ],
            [
              -62.53157,
              8.97581
            ],
            [
              -62.53311,
              8.97496
            ],
            [
              -62.534,
              8.97451
            ],
            [
              -62.53506,
              8.97457
            ],
            [
              -62.53649,
              8.97431
            ],
            [
              -62.53739,
              8.97483
            ],
            [
              -62.53758,
              8.97546
            ],
            [
              -62.53961,
              8.97546
            ],
            [
              -62.5416,
              8.97529
            ],
            [
              -62.54219,
              8.97445
            ],
            [
              -62.54334,
              8.9731
            ],
            [
              -62.54442,
              8.97238
            ],
            [
              -62.546,
              8.97198
            ],
            [
              -62.54646,
              8.97132
            ],
            [
              -62.55021,
              8.9699
            ],
            [
              -62.55455,
              8.96791
            ],
            [
              -62.55647,
              8.96559
            ],
            [
              -62.55896,
              8.9635
            ],
            [
              -62.55952,
              8.96201
            ],
            [
              -62.5636,
              8.95829
            ],
            [
              -62.5662,
              8.9554
            ],
            [
              -62.5697,
              8.95066
            ],
            [
              -62.56954,
              8.94676
            ],
            [
              -62.57207,
              8.94743
            ],
            [
              -62.57396,
              8.94293
            ],
            [
              -62.57508,
              8.94063
            ],
            [
              -62.57529,
              8.93902
            ],
            [
              -62.57577,
              8.93469
            ],
            [
              -62.5761,
              8.93075
            ],
            [
              -62.57765,
              8.92762
            ],
            [
              -62.58039,
              8.92543
            ],
            [
              -62.5812,
              8.92191
            ],
            [
              -62.58251,
              8.92065
            ],
            [
              -62.58387,
              8.91991
            ],
            [
              -62.58611,
              8.91914
            ],
            [
              -62.58802,
              8.91832
            ],
            [
              -62.58952,
              8.91753
            ],
            [
              -62.59328,
              8.91991
            ],
            [
              -62.59653,
              8.91404
            ],
            [
              -62.59972,
              8.91227
            ],
            [
              -62.60173,
              8.91088
            ],
            [
              -62.60368,
              8.90798
            ],
            [
              -62.60692,
              8.90485
            ],
            [
              -62.61156,
              8.90561
            ],
            [
              -62.61635,
              8.90406
            ],
            [
              -62.61898,
              8.90207
            ],
            [
              -62.62265,
              8.90285
            ],
            [
              -62.62225,
              8.89924
            ],
            [
              -62.62833,
              8.89877
            ],
            [
              -62.62977,
              8.89826
            ],
            [
              -62.63163,
              8.8972
            ],
            [
              -62.63323,
              8.90028
            ],
            [
              -62.63461,
              8.90121
            ],
            [
              -62.63559,
              8.90129
            ],
            [
              -62.63673,
              8.90047
            ],
            [
              -62.63796,
              8.89983
            ],
            [
              -62.64275,
              8.89698
            ],
            [
              -62.6427,
              8.89561
            ],
            [
              -62.64307,
              8.89443
            ],
            [
              -62.64413,
              8.89295
            ],
            [
              -62.64386,
              8.88964
            ],
            [
              -62.64729,
              8.89089
            ],
            [
              -62.64787,
              8.88977
            ],
            [
              -62.64918,
              8.88851
            ],
            [
              -62.6523,
              8.88939
            ],
            [
              -62.65294,
              8.88627
            ],
            [
              -62.65406,
              8.88538
            ],
            [
              -62.65528,
              8.88394
            ],
            [
              -62.65675,
              8.88318
            ],
            [
              -62.65797,
              8.88185
            ],
            [
              -62.66117,
              8.88374
            ],
            [
              -62.66268,
              8.87985
            ],
            [
              -62.664,
              8.87914
            ],
            [
              -62.66428,
              8.87812
            ],
            [
              -62.64872,
              8.83018
            ],
            [
              -62.77916,
              8.66274
            ],
            [
              -62.77811,
              8.6637
            ],
            [
              -62.77745,
              8.66413
            ],
            [
              -62.77596,
              8.66504
            ],
            [
              -62.77494,
              8.66617
            ],
            [
              -62.77362,
              8.66659
            ],
            [
              -62.77093,
              8.66714
            ],
            [
              -62.7703,
              8.66813
            ],
            [
              -62.76918,
              8.66911
            ],
            [
              -62.76762,
              8.66985
            ],
            [
              -62.76643,
              8.67019
            ],
            [
              -62.76549,
              8.671
            ],
            [
              -62.76483,
              8.67254
            ],
            [
              -62.76366,
              8.67336
            ],
            [
              -62.76293,
              8.67483
            ],
            [
              -62.76217,
              8.6755
            ],
            [
              -62.76174,
              8.67641
            ],
            [
              -62.76102,
              8.67668
            ],
            [
              -62.76072,
              8.67736
            ],
            [
              -62.75979,
              8.67781
            ],
            [
              -62.75885,
              8.67862
            ],
            [
              -62.75775,
              8.68008
            ],
            [
              -62.7564,
              8.68042
            ],
            [
              -62.75587,
              8.68113
            ],
            [
              -62.75515,
              8.68157
            ],
            [
              -62.75426,
              8.68126
            ],
            [
              -62.75391,
              8.68058
            ],
            [
              -62.75327,
              8.68097
            ],
            [
              -62.75164,
              8.68069
            ],
            [
              -62.74961,
              8.68078
            ],
            [
              -62.74875,
              8.68132
            ],
            [
              -62.74718,
              8.68179
            ],
            [
              -62.746,
              8.68234
            ],
            [
              -62.74509,
              8.68354
            ],
            [
              -62.74376,
              8.6842
            ],
            [
              -62.74331,
              8.68465
            ],
            [
              -62.7426,
              8.68422
            ],
            [
              -62.74058,
              8.684
            ],
            [
              -62.73915,
              8.68462
            ],
            [
              -62.73754,
              8.68484
            ],
            [
              -62.73606,
              8.6854
            ],
            [
              -62.73441,
              8.68592
            ],
            [
              -62.73332,
              8.68648
            ],
            [
              -62.73287,
              8.68659
            ],
            [
              -62.73142,
              8.68749
            ],
            [
              -62.73085,
              8.68758
            ],
            [
              -62.72958,
              8.68772
            ],
            [
              -62.72911,
              8.68705
            ],
            [
              -62.72869,
              8.68692
            ],
            [
              -62.72687,
              8.6871
            ],
            [
              -62.72517,
              8.68744
            ],
            [
              -62.72407,
              8.68689
            ],
            [
              -62.72223,
              8.68732
            ],
            [
              -62.7212,
              8.68749
            ],
            [
              -62.72034,
              8.68627
            ],
            [
              -62.71944,
              8.68554
            ],
            [
              -62.71823,
              8.68543
            ],
            [
              -62.71665,
              8.68638
            ],
            [
              -62.71413,
              8.68599
            ],
            [
              -62.71338,
              8.68501
            ],
            [
              -62.71169,
              8.68431
            ],
            [
              -62.70953,
              8.68478
            ],
            [
              -62.70841,
              8.68551
            ],
            [
              -62.70785,
              8.68486
            ],
            [
              -62.7071,
              8.68533
            ],
            [
              -62.70605,
              8.68568
            ],
            [
              -62.70524,
              8.68491
            ],
            [
              -62.70459,
              8.68423
            ],
            [
              -62.70442,
              8.683
            ],
            [
              -62.70357,
              8.68298
            ],
            [
              -62.70204,
              8.68288
            ],
            [
              -62.70171,
              8.68229
            ],
            [
              -62.70041,
              8.68154
            ],
            [
              -62.69941,
              8.68108
            ],
            [
              -62.69924,
              8.68101
            ],
            [
              -62.6983,
              8.6801
            ],
            [
              -62.697,
              8.67894
            ],
            [
              -62.69508,
              8.67878
            ],
            [
              -62.69181,
              8.6786
            ],
            [
              -62.68935,
              8.67699
            ],
            [
              -62.68782,
              8.67634
            ],
            [
              -62.68538,
              8.67672
            ],
            [
              -62.68402,
              8.67677
            ],
            [
              -62.68288,
              8.67672
            ],
            [
              -62.68201,
              8.67687
            ],
            [
              -62.68243,
              8.67494
            ],
            [
              -62.67681,
              8.67628
            ],
            [
              -62.6753,
              8.67562
            ],
            [
              -62.67384,
              8.67547
            ],
            [
              -62.67359,
              8.67493
            ],
            [
              -62.67229,
              8.67482
            ],
            [
              -62.67107,
              8.67493
            ],
            [
              -62.6704,
              8.67514
            ],
            [
              -62.66971,
              8.67447
            ],
            [
              -62.66879,
              8.674
            ],
            [
              -62.66744,
              8.67382
            ],
            [
              -62.66669,
              8.67367
            ],
            [
              -62.66563,
              8.67311
            ],
            [
              -62.66557,
              8.67272
            ],
            [
              -62.66462,
              8.67255
            ],
            [
              -62.66388,
              8.67258
            ],
            [
              -62.66259,
              8.67212
            ],
            [
              -62.66139,
              8.67235
            ],
            [
              -62.65968,
              8.67179
            ],
            [
              -62.65861,
              8.67162
            ],
            [
              -62.65618,
              8.67096
            ],
            [
              -62.65404,
              8.67101
            ],
            [
              -62.65296,
              8.67006
            ],
            [
              -62.65133,
              8.66969
            ],
            [
              -62.64984,
              8.66954
            ],
            [
              -62.64831,
              8.66938
            ],
            [
              -62.64632,
              8.66941
            ],
            [
              -62.64502,
              8.66994
            ],
            [
              -62.644,
              8.67036
            ],
            [
              -62.64295,
              8.67086
            ],
            [
              -62.64181,
              8.67127
            ],
            [
              -62.64091,
              8.67173
            ],
            [
              -62.63964,
              8.67256
            ],
            [
              -62.63817,
              8.67328
            ],
            [
              -62.63576,
              8.6749
            ],
            [
              -62.63457,
              8.67583
            ],
            [
              -62.63294,
              8.67685
            ],
            [
              -62.63135,
              8.6776
            ],
            [
              -62.62988,
              8.67852
            ],
            [
              -62.62855,
              8.67978
            ],
            [
              -62.62799,
              8.68092
            ],
            [
              -62.62743,
              8.68129
            ],
            [
              -62.62618,
              8.68197
            ],
            [
              -62.62514,
              8.68322
            ],
            [
              -62.62373,
              8.68392
            ],
            [
              -62.6226,
              8.68517
            ],
            [
              -62.62174,
              8.68628
            ],
            [
              -62.62085,
              8.68658
            ],
            [
              -62.62066,
              8.68801
            ],
            [
              -62.61987,
              8.68857
            ],
            [
              -62.61875,
              8.69016
            ],
            [
              -62.61787,
              8.69081
            ],
            [
              -62.6169,
              8.69085
            ],
            [
              -62.61614,
              8.69092
            ],
            [
              -62.61519,
              8.69141
            ],
            [
              -62.61426,
              8.69197
            ],
            [
              -62.61369,
              8.69208
            ],
            [
              -62.61293,
              8.69213
            ],
            [
              -62.61224,
              8.69282
            ],
            [
              -62.6109,
              8.69287
            ],
            [
              -62.60901,
              8.69308
            ],
            [
              -62.60796,
              8.6941
            ],
            [
              -62.60672,
              8.69536
            ],
            [
              -62.60589,
              8.6955
            ],
            [
              -62.60438,
              8.69654
            ],
            [
              -62.60335,
              8.69678
            ],
            [
              -62.60166,
              8.69623
            ],
            [
              -62.60053,
              8.6962
            ],
            [
              -62.59916,
              8.6967
            ],
            [
              -62.59729,
              8.69686
            ],
            [
              -62.59637,
              8.69642
            ],
            [
              -62.595,
              8.69614
            ],
            [
              -62.59362,
              8.69624
            ],
            [
              -62.5923,
              8.69702
            ],
            [
              -62.59113,
              8.69834
            ],
            [
              -62.59045,
              8.69986
            ],
            [
              -62.58939,
              8.69946
            ],
            [
              -62.58885,
              8.70037
            ],
            [
              -62.58824,
              8.70026
            ],
            [
              -62.58748,
              8.70028
            ],
            [
              -62.5866,
              8.7008
            ],
            [
              -62.58572,
              8.70085
            ],
            [
              -62.58497,
              8.70101
            ],
            [
              -62.58445,
              8.70151
            ],
            [
              -62.58324,
              8.70192
            ],
            [
              -62.58211,
              8.70178
            ],
            [
              -62.58079,
              8.70185
            ],
            [
              -62.57949,
              8.70348
            ],
            [
              -62.57887,
              8.70416
            ],
            [
              -62.5774,
              8.70561
            ],
            [
              -62.57646,
              8.70601
            ],
            [
              -62.57372,
              8.70794
            ],
            [
              -62.5727,
              8.70858
            ],
            [
              -62.57159,
              8.70862
            ],
            [
              -62.57112,
              8.70962
            ],
            [
              -62.5703,
              8.71001
            ],
            [
              -62.5689,
              8.71022
            ],
            [
              -62.56739,
              8.7111
            ],
            [
              -62.56644,
              8.7118
            ],
            [
              -62.56559,
              8.713
            ],
            [
              -62.56464,
              8.71369
            ],
            [
              -62.56254,
              8.71366
            ],
            [
              -62.56133,
              8.71411
            ],
            [
              -62.55951,
              8.71434
            ],
            [
              -62.55866,
              8.71512
            ],
            [
              -62.55834,
              8.71653
            ],
            [
              -62.5575,
              8.71793
            ],
            [
              -62.55787,
              8.7187
            ],
            [
              -62.55842,
              8.72021
            ],
            [
              -62.55788,
              8.72117
            ],
            [
              -62.55705,
              8.72138
            ],
            [
              -62.55574,
              8.72283
            ],
            [
              -62.5549,
              8.7249
            ],
            [
              -62.55355,
              8.72597
            ],
            [
              -62.55265,
              8.7277
            ],
            [
              -62.55186,
              8.7278
            ],
            [
              -62.54998,
              8.7288
            ],
            [
              -62.54857,
              8.73002
            ],
            [
              -62.54675,
              8.73071
            ],
            [
              -62.54513,
              8.73131
            ],
            [
              -62.54258,
              8.73179
            ],
            [
              -62.54088,
              8.7333
            ],
            [
              -62.53932,
              8.73415
            ],
            [
              -62.53805,
              8.73489
            ],
            [
              -62.53585,
              8.73535
            ],
            [
              -62.53416,
              8.73544
            ],
            [
              -62.53244,
              8.73584
            ],
            [
              -62.53054,
              8.73625
            ],
            [
              -62.52873,
              8.73714
            ],
            [
              -62.52758,
              8.73739
            ],
            [
              -62.52627,
              8.73828
            ],
            [
              -62.52477,
              8.7395
            ],
            [
              -62.5238,
              8.74023
            ],
            [
              -62.52269,
              8.74134
            ],
            [
              -62.52149,
              8.74219
            ],
            [
              -62.52007,
              8.74308
            ],
            [
              -62.51892,
              8.74443
            ],
            [
              -62.5175,
              8.74604
            ],
            [
              -62.51625,
              8.74656
            ],
            [
              -62.51482,
              8.74728
            ],
            [
              -62.5132,
              8.74791
            ],
            [
              -62.51203,
              8.7488
            ],
            [
              -62.51057,
              8.74928
            ],
            [
              -62.50967,
              8.74984
            ],
            [
              -62.50826,
              8.75108
            ],
            [
              -62.507,
              8.75266
            ],
            [
              -62.50575,
              8.75367
            ],
            [
              -62.5037,
              8.75518
            ],
            [
              -62.5017,
              8.75665
            ],
            [
              -62.49625,
              8.76888
            ],
            [
              -62.27241,
              8.84209
            ],
            [
              -62.08544,
              8.86852
            ],
            [
              -62.07374,
              8.87017
            ],
            [
              -62.05431,
              8.87292
            ],
            [
              -62.05084,
              8.87628
            ],
            [
              -62.04898,
              8.87929
            ],
            [
              -62.05154,
              8.88049
            ],
            [
              -62.05835,
              8.88822
            ],
            [
              -62.06311,
              8.90065
            ],
            [
              -62.0638,
              8.9128
            ],
            [
              -62.06407,
              8.91757
            ],
            [
              -62.06776,
              8.92093
            ],
            [
              -62.07117,
              8.92879
            ],
            [
              -62.07572,
              8.93525
            ],
            [
              -62.08396,
              8.94619
            ],
            [
              -62.08964,
              8.96107
            ],
            [
              -62.0899,
              8.96303
            ],
            [
              -62.09049,
              8.96753
            ],
            [
              -62.08907,
              8.97763
            ],
            [
              -62.08509,
              8.98493
            ],
            [
              -62.08168,
              8.9911
            ],
            [
              -62.07231,
              9.00261
            ],
            [
              -62.06492,
              9.01496
            ],
            [
              -62.06151,
              9.02226
            ],
            [
              -62.05895,
              9.02787
            ],
            [
              -62.05538,
              9.03952
            ],
            [
              -62.05539,
              9.03957
            ],
            [
              -62.05607,
              9.04255
            ],
            [
              -62.0567,
              9.04372
            ],
            [
              -62.05733,
              9.04489
            ],
            [
              -62.05831,
              9.0475
            ],
            [
              -62.05858,
              9.05012
            ],
            [
              -62.05914,
              9.05315
            ],
            [
              -62.06012,
              9.05673
            ],
            [
              -62.06012,
              9.0577
            ],
            [
              -62.06048,
              9.05876
            ],
            [
              -62.06049,
              9.0588
            ],
            [
              -62.06557,
              9.0575
            ],
            [
              -62.06633,
              9.05776
            ]
          ]
        ]
      }
    }
  ]
}